solid exported
	facet normal 0 0.6400865220462397 0.7683028337151627
		outer loop
			vertex 1.9281985759735107 11.18655014038086 -6.519373893737793
			vertex -0.5 11.871370315551758 -7.089909553527832
			vertex -0.5 11.18655014038086 -6.519373893737793
		endloop
	endfacet
	facet normal -0.010550351505585987 0.6177043980444379 0.7863396001217713
		outer loop
			vertex 1.9731420278549194 11.60863971710205 -6.850340843200684
			vertex -0.5 11.871370315551758 -7.089909553527832
			vertex 1.9281985759735107 11.18655014038086 -6.519373893737793
		endloop
	endfacet
	facet normal 0 0.6170433168356492 0.7869291868703693
		outer loop
			vertex 9.300000190734863 11.18655014038086 -6.519373893737793
			vertex 6.826858043670654 11.60863971710205 -6.850340843200684
			vertex 6.871800899505615 11.18655014038086 -6.519373893737793
		endloop
	endfacet
	facet normal 0.006425298281689387 0.6400733090972952 0.7682869740684335
		outer loop
			vertex 9.300000190734863 11.871370315551758 -7.089909553527832
			vertex 6.826858043670654 11.60863971710205 -6.850340843200684
			vertex 9.300000190734863 11.18655014038086 -6.519373893737793
		endloop
	endfacet
	facet normal 0 0.673784915885381 0.7389275249476974
		outer loop
			vertex 2.0216829776763916 11.871370315551758 -7.089909553527832
			vertex -0.5 11.871370315551758 -7.089909553527832
			vertex 1.9731420278549194 11.60863971710205 -6.850340843200684
		endloop
	endfacet
	facet normal 0 0.673784915885381 0.7389275249476974
		outer loop
			vertex 9.300000190734863 11.871370315551758 -7.089909553527832
			vertex 6.778316974639893 11.871370315551758 -7.089909553527832
			vertex 6.826858043670654 11.60863971710205 -6.850340843200684
		endloop
	endfacet
	facet normal 0 0.7468448923182845 0.66499827580084
		outer loop
			vertex 2.0216829776763916 11.871370315551758 -7.089909553527832
			vertex -0.5 12.464110374450684 -7.755602836608887
			vertex -0.5 11.871370315551758 -7.089909553527832
		endloop
	endfacet
	facet normal -0.012194901720970168 0.7234019587208013 0.6903194119325663
		outer loop
			vertex 2.1093900203704834 12.182319641113281 -7.414211273193359
			vertex -0.5 12.464110374450684 -7.755602836608887
			vertex 2.0216829776763916 11.871370315551758 -7.089909553527832
		endloop
	endfacet
	facet normal 0 0.721867812624924 0.6920309683071327
		outer loop
			vertex 9.300000190734863 11.871370315551758 -7.089909553527832
			vertex 6.690369129180908 12.18301010131836 -7.414985656738281
			vertex 6.778316974639893 11.871370315551758 -7.089909553527832
		endloop
	endfacet
	facet normal 0.006350016383597332 0.7468298347622087 0.6649848684000113
		outer loop
			vertex 9.300000190734863 12.464110374450684 -7.755602836608887
			vertex 6.690369129180908 12.18301010131836 -7.414985656738281
			vertex 9.300000190734863 11.871370315551758 -7.089909553527832
		endloop
	endfacet
	facet normal 0.0011191032121734737 0.7753970950395106 0.6314729547750155
		outer loop
			vertex 2.260583996772766 12.514100074768066 -7.821878433227539
			vertex -0.5 12.464110374450684 -7.755602836608887
			vertex 2.1093900203704834 12.182319641113281 -7.414211273193359
		endloop
	endfacet
	facet normal 0 0.7712720079915317 0.6365056870827714
		outer loop
			vertex 9.300000190734863 12.464110374450684 -7.755602836608887
			vertex 6.567502975463867 12.464110374450684 -7.755602836608887
			vertex 6.690369129180908 12.18301010131836 -7.414985656738281
		endloop
	endfacet
	facet normal -0.002026202076646721 0.8371193680642329 0.5470165062563324
		outer loop
			vertex 2.260583996772766 12.514100074768066 -7.821878433227539
			vertex -0.5 12.951689720153809 -8.501763343811035
			vertex -0.5 12.464110374450684 -7.755602836608887
		endloop
	endfacet
	facet normal 0 0.7980554041238235 0.6025840787381966
		outer loop
			vertex 9.300000190734863 12.464110374450684 -7.755602836608887
			vertex 6.5418500900268555 12.509920120239258 -7.816272735595703
			vertex 6.567502975463867 12.464110374450684 -7.755602836608887
		endloop
	endfacet
	facet normal 0.0018711058638332684 0.837119621066858 0.5470166715811562
		outer loop
			vertex 9.300000190734863 12.951689720153809 -8.501763343811035
			vertex 6.5418500900268555 12.509920120239258 -7.816272735595703
			vertex 9.300000190734863 12.464110374450684 -7.755602836608887
		endloop
	endfacet
	facet normal 0.009420962035179406 0.8228415506256542 0.5681927736589939
		outer loop
			vertex 9.300000190734863 12.951689720153809 -8.501763343811035
			vertex 6.38503885269165 12.73151969909668 -8.134587287902832
			vertex 6.5418500900268555 12.509920120239258 -7.816272735595703
		endloop
	endfacet
	facet normal -0.009397382033328348 0.8230501550923894 0.5678909502829865
		outer loop
			vertex 2.4136990308761597 12.730050086975098 -8.132323265075684
			vertex -0.5 12.951689720153809 -8.501763343811035
			vertex 2.260583996772766 12.514100074768066 -7.821878433227539
		endloop
	endfacet
	facet normal -0.0008514288585656233 0.8545410306533098 0.5193831937971022
		outer loop
			vertex 2.6063610315322876 12.915240287780762 -8.436700820922852
			vertex -0.5 12.951689720153809 -8.501763343811035
			vertex 2.4136990308761597 12.730050086975098 -8.132323265075684
		endloop
	endfacet
	facet normal 0.000786559383928204 0.8548659969903124 0.5188482519138857
		outer loop
			vertex 9.300000190734863 12.951689720153809 -8.501763343811035
			vertex 6.190426826477051 12.917770385742188 -8.441163063049316
			vertex 6.38503885269165 12.73151969909668 -8.134587287902832
		endloop
	endfacet
	facet normal 0 0.8724235758194093 0.4887505543265149
		outer loop
			vertex 2.6544840335845947 12.951689720153809 -8.501763343811035
			vertex -0.5 12.951689720153809 -8.501763343811035
			vertex 2.6063610315322876 12.915240287780762 -8.436700820922852
		endloop
	endfacet
	facet normal -0.00041234404804473576 0.8814781981120726 0.47222454005004827
		outer loop
			vertex 9.300000190734863 12.951689720153809 -8.501763343811035
			vertex 5.979115962982178 13.056559562683105 -8.700418472290039
			vertex 6.190426826477051 12.917770385742188 -8.441163063049316
		endloop
	endfacet
	facet normal 0 0.9089209877059818 0.4169683898182001
		outer loop
			vertex 2.6544840335845947 12.951689720153809 -8.501763343811035
			vertex -0.5 13.323349952697754 -9.311920166015625
			vertex -0.5 12.951689720153809 -8.501763343811035
		endloop
	endfacet
	facet normal -0.013000110569747175 0.88869777923458 0.45830912527321555
		outer loop
			vertex 2.820444941520691 13.056320190429688 -8.699942588806152
			vertex -0.5 13.323349952697754 -9.311920166015625
			vertex 2.6544840335845947 12.951689720153809 -8.501763343811035
		endloop
	endfacet
	facet normal 0.003759662398054268 0.9089145638563209 0.41696544287090126
		outer loop
			vertex 9.300000190734863 13.323349952697754 -9.311920166015625
			vertex 5.979115962982178 13.056559562683105 -8.700418472290039
			vertex 9.300000190734863 12.951689720153809 -8.501763343811035
		endloop
	endfacet
	facet normal -0.006529391786658025 0.9030589940722001 0.4294669024129827
		outer loop
			vertex 3.010068893432617 13.145910263061523 -8.885444641113281
			vertex -0.5 13.323349952697754 -9.311920166015625
			vertex 2.820444941520691 13.056320190429688 -8.699942588806152
		endloop
	endfacet
	facet normal 0.006524297800024188 0.9030756662565079 0.4294319207436509
		outer loop
			vertex 9.300000190734863 13.323349952697754 -9.311920166015625
			vertex 5.789930820465088 13.145910263061523 -8.885444641113281
			vertex 5.979115962982178 13.056559562683105 -8.700418472290039
		endloop
	endfacet
	facet normal -0.002671743835244567 0.9152829050994592 0.4028027624254497
		outer loop
			vertex 3.2205429077148438 13.219220161437988 -9.050629615783691
			vertex -0.5 13.323349952697754 -9.311920166015625
			vertex 3.010068893432617 13.145910263061523 -8.885444641113281
		endloop
	endfacet
	facet normal 0.0026812637813613508 0.9152537325830498 0.40286898095699797
		outer loop
			vertex 9.300000190734863 13.323349952697754 -9.311920166015625
			vertex 5.58070707321167 13.218850135803223 -9.049759864807129
			vertex 5.789930820465088 13.145910263061523 -8.885444641113281
		endloop
	endfacet
	facet normal 0.0007329413697494999 0.9253009706342462 0.37923287903380737
		outer loop
			vertex 9.300000190734863 13.323349952697754 -9.311920166015625
			vertex 5.349448204040527 13.276920318603516 -9.190999984741211
			vertex 5.58070707321167 13.218850135803223 -9.049759864807129
		endloop
	endfacet
	facet normal -0.0007305481833740652 0.9253286574627979 0.3791653227517623
		outer loop
			vertex 3.450551986694336 13.276920318603516 -9.190999984741211
			vertex -0.5 13.323349952697754 -9.311920166015625
			vertex 3.2205429077148438 13.219220161437988 -9.050629615783691
		endloop
	endfacet
	facet normal 0 0.9335475533230172 0.35845357535475725
		outer loop
			vertex 3.7241930961608887 13.323349952697754 -9.311920166015625
			vertex -0.5 13.323349952697754 -9.311920166015625
			vertex 3.450551986694336 13.276920318603516 -9.190999984741211
		endloop
	endfacet
	facet normal 0 0.9335475533230172 0.35845357535475725
		outer loop
			vertex 9.300000190734863 13.323349952697754 -9.311920166015625
			vertex 5.075808048248291 13.323349952697754 -9.311920166015625
			vertex 5.349448204040527 13.276920318603516 -9.190999984741211
		endloop
	endfacet
	facet normal 0 0.9606661901742519 0.2777057274455968
		outer loop
			vertex 3.7241930961608887 13.323349952697754 -9.311920166015625
			vertex -0.5 13.570879936218262 -10.16819953918457
			vertex -0.5 13.323349952697754 -9.311920166015625
		endloop
	endfacet
	facet normal -0.008815100800056682 0.9481887006524771 0.31758539316670725
		outer loop
			vertex 3.9183480739593506 13.34490966796875 -9.37090015411377
			vertex -0.5 13.570879936218262 -10.16819953918457
			vertex 3.7241930961608887 13.323349952697754 -9.311920166015625
		endloop
	endfacet
	facet normal 0.008815084915932567 0.9481887277139619 0.31758531281232666
		outer loop
			vertex 9.300000190734863 13.570879936218262 -10.16819953918457
			vertex 4.881652116775513 13.34490966796875 -9.37090015411377
			vertex 5.075808048248291 13.323349952697754 -9.311920166015625
		endloop
	endfacet
	facet normal 0 0.960666190174252 0.27770572744559685
		outer loop
			vertex 9.300000190734863 13.323349952697754 -9.311920166015625
			vertex 9.300000190734863 13.570879936218262 -10.16819953918457
			vertex 5.075808048248291 13.323349952697754 -9.311920166015625
		endloop
	endfacet
	facet normal -0.0062804347043877 0.9524157639273677 0.30473721263175707
		outer loop
			vertex 4.155846118927002 13.3606595993042 -9.415229797363281
			vertex -0.5 13.570879936218262 -10.16819953918457
			vertex 3.9183480739593506 13.34490966796875 -9.37090015411377
		endloop
	endfacet
	facet normal 0.006273965095359266 0.9524263200490751 0.3047043521838165
		outer loop
			vertex 9.300000190734863 13.570879936218262 -10.16819953918457
			vertex 4.6427741050720215 13.360719680786133 -9.415399551391602
			vertex 4.881652116775513 13.34490966796875 -9.37090015411377
		endloop
	endfacet
	facet normal -0.0030073549134756686 0.9581916695357167 0.2861113074465605
		outer loop
			vertex 4.400000095367432 13.365949630737305 -9.430379867553711
			vertex -0.5 13.570879936218262 -10.16819953918457
			vertex 4.155846118927002 13.3606595993042 -9.415229797363281
		endloop
	endfacet
	facet normal 0.0029932623134366933 0.9582175121539793 0.2860248936406789
		outer loop
			vertex 9.300000190734863 13.570879936218262 -10.16819953918457
			vertex 4.400000095367432 13.365949630737305 -9.430379867553711
			vertex 4.6427741050720215 13.360719680786133 -9.415399551391602
		endloop
	endfacet
	facet normal 0 0.9635245110845648 0.26762009741282566
		outer loop
			vertex 9.300000190734863 13.570879936218262 -10.16819953918457
			vertex -0.5 13.570879936218262 -10.16819953918457
			vertex 4.400000095367432 13.365949630737305 -9.430379867553711
		endloop
	endfacet
	facet normal 0 0.991205984032111 0.13232799106362447
		outer loop
			vertex 9.300000190734863 13.570879936218262 -10.16819953918457
			vertex 9.300000190734863 13.688830375671387 -11.05171012878418
			vertex -0.5 13.570879936218262 -10.16819953918457
		endloop
	endfacet
	facet normal 0 0.991205984032111 0.13232799106362447
		outer loop
			vertex 9.300000190734863 13.688830375671387 -11.05171012878418
			vertex -0.5 13.688830375671387 -11.05171012878418
			vertex -0.5 13.570879936218262 -10.16819953918457
		endloop
	endfacet
	facet normal 0 -0.3798691658363141 -0.925040224448009
		outer loop
			vertex 1.9634512066841125 13.018950462341309 -4.232011795043945
			vertex 1.9281985759735107 12.605239868164062 -4.0621209144592285
			vertex -0.5 12.605239868164062 -4.0621209144592285
		endloop
	endfacet
	facet normal -0.006728005676978662 -0.3453185090202857 -0.9384614330208874
		outer loop
			vertex -0.5 13.441749572753906 -4.369925022125244
			vertex 1.9634512066841125 13.018950462341309 -4.232011795043945
			vertex -0.5 12.605239868164062 -4.0621209144592285
		endloop
	endfacet
	facet normal 0 -0.3453263248898734 -0.9384826739679608
		outer loop
			vertex 9.300000190734863 13.441749572753906 -4.369925022125244
			vertex 9.300000190734863 12.605239868164062 -4.0621209144592285
			vertex 6.871800899505615 12.605239868164062 -4.0621209144592285
		endloop
	endfacet
	facet normal 0.01318575389172711 -0.37878436320879627 -0.925391021181216
		outer loop
			vertex 6.836434841156006 13.019989967346191 -4.232391834259033
			vertex 9.300000190734863 13.441749572753906 -4.369925022125244
			vertex 6.871800899505615 12.605239868164062 -4.0621209144592285
		endloop
	endfacet
	facet normal 0 -0.3101099294462253 -0.9507007056160511
		outer loop
			vertex -0.5 13.441749572753906 -4.369925022125244
			vertex 2.0216829776763916 13.441749572753906 -4.369925022125244
			vertex 1.9634512066841125 13.018950462341309 -4.232011795043945
		endloop
	endfacet
	facet normal 0 -0.31002647150762613 -0.9507279247842314
		outer loop
			vertex 6.778316974639893 13.441749572753906 -4.369925022125244
			vertex 9.300000190734863 13.441749572753906 -4.369925022125244
			vertex 6.836434841156006 13.019989967346191 -4.232391834259033
		endloop
	endfacet
	facet normal -0.00635374167785473 -0.20247789879089295 -0.9792662204262517
		outer loop
			vertex -0.5 14.314629554748535 -4.550405979156494
			vertex 2.1086080074310303 13.87479019165039 -4.476387977600098
			vertex -0.5 13.441749572753906 -4.369925022125244
		endloop
	endfacet
	facet normal 0 -0.23874066357263637 -0.9710833617959362
		outer loop
			vertex 2.1086080074310303 13.87479019165039 -4.476387977600098
			vertex 2.0216829776763916 13.441749572753906 -4.369925022125244
			vertex -0.5 13.441749572753906 -4.369925022125244
		endloop
	endfacet
	facet normal 0 -0.20248198593440117 -0.9792859875297211
		outer loop
			vertex 9.300000190734863 14.314629554748535 -4.550405979156494
			vertex 9.300000190734863 13.441749572753906 -4.369925022125244
			vertex 6.778316974639893 13.441749572753906 -4.369925022125244
		endloop
	endfacet
	facet normal 0.012290716158273552 -0.2363954273235881 -0.9715791991581619
		outer loop
			vertex 6.691391944885254 13.87479019165039 -4.476387977600098
			vertex 9.300000190734863 14.314629554748535 -4.550405979156494
			vertex 6.778316974639893 13.441749572753906 -4.369925022125244
		endloop
	endfacet
	facet normal 0 -0.16595074748344793 -0.9861340423135616
		outer loop
			vertex -0.5 14.314629554748535 -4.550405979156494
			vertex 2.232496976852417 14.314629554748535 -4.550405979156494
			vertex 2.1086080074310303 13.87479019165039 -4.476387977600098
		endloop
	endfacet
	facet normal 0 -0.16595074748344793 -0.9861340423135615
		outer loop
			vertex 6.567502975463867 14.314629554748535 -4.550405979156494
			vertex 9.300000190734863 14.314629554748535 -4.550405979156494
			vertex 6.691391944885254 13.87479019165039 -4.476387977600098
		endloop
	endfacet
	facet normal -0.005601847408078228 -0.05517143939554388 -0.9984611818096089
		outer loop
			vertex -0.5 15.204609870910645 -4.599583148956299
			vertex 2.427973985671997 14.804030418395996 -4.593875885009766
			vertex -0.5 14.314629554748535 -4.550405979156494
		endloop
	endfacet
	facet normal 0 -0.08847437712515703 -0.9960784530308422
		outer loop
			vertex 2.427973985671997 14.804030418395996 -4.593875885009766
			vertex 2.232496976852417 14.314629554748535 -4.550405979156494
			vertex -0.5 14.314629554748535 -4.550405979156494
		endloop
	endfacet
	facet normal 0 -0.05517230507495733 -0.9984768483809308
		outer loop
			vertex 9.300000190734863 15.204609870910645 -4.599583148956299
			vertex 9.300000190734863 14.314629554748535 -4.550405979156494
			vertex 6.567502975463867 14.314629554748535 -4.550405979156494
		endloop
	endfacet
	facet normal 0.009638898693747077 -0.08464977389032871 -0.996364143981651
		outer loop
			vertex 6.372025966644287 14.804030418395996 -4.593875885009766
			vertex 9.300000190734863 15.204609870910645 -4.599583148956299
			vertex 6.567502975463867 14.314629554748535 -4.550405979156494
		endloop
	endfacet
	facet normal 0 -0.014246074617359432 -0.9998985195298555
		outer loop
			vertex -0.5 15.204609870910645 -4.599583148956299
			vertex 2.6544840335845947 15.204609870910645 -4.599583148956299
			vertex 2.427973985671997 14.804030418395996 -4.593875885009766
		endloop
	endfacet
	facet normal 0 -0.014246074617359428 -0.9998985195298554
		outer loop
			vertex 6.1455159187316895 15.204609870910645 -4.599583148956299
			vertex 9.300000190734863 15.204609870910645 -4.599583148956299
			vertex 6.372025966644287 14.804030418395996 -4.593875885009766
		endloop
	endfacet
	facet normal -0.00353865910932065 0.09335878421349218 -0.995626242774811
		outer loop
			vertex -0.5 16.092060089111328 -4.5163679122924805
			vertex 2.8040720224380493 15.408490180969238 -4.5922088623046875
			vertex -0.5 15.204609870910645 -4.599583148956299
		endloop
	endfacet
	facet normal 0 0.03614604905333623 -0.9993465180495873
		outer loop
			vertex 2.8040720224380493 15.408490180969238 -4.5922088623046875
			vertex 2.6544840335845947 15.204609870910645 -4.599583148956299
			vertex -0.5 15.204609870910645 -4.599583148956299
		endloop
	endfacet
	facet normal 0 0.09335936874338481 -0.9956324765031708
		outer loop
			vertex 9.300000190734863 16.092060089111328 -4.5163679122924805
			vertex 9.300000190734863 15.204609870910645 -4.599583148956299
			vertex 6.1455159187316895 15.204609870910645 -4.599583148956299
		endloop
	endfacet
	facet normal 0.013416449286105653 0.04597190823247827 -0.9988526330455451
		outer loop
			vertex 5.995927810668945 15.408490180969238 -4.5922088623046875
			vertex 9.300000190734863 16.092060089111328 -4.5163679122924805
			vertex 6.1455159187316895 15.204609870910645 -4.599583148956299
		endloop
	endfacet
	facet normal -0.006846828249194204 0.07751737943434821 -0.9969674903569111
		outer loop
			vertex -0.5 16.092060089111328 -4.5163679122924805
			vertex 3.002556085586548 15.626720428466797 -4.576603889465332
			vertex 2.8040720224380493 15.408490180969238 -4.5922088623046875
		endloop
	endfacet
	facet normal 0.00685653528322944 0.07747085023989345 -0.9969710403452139
		outer loop
			vertex 5.7981038093566895 15.626070022583008 -4.576662063598633
			vertex 9.300000190734863 16.092060089111328 -4.5163679122924805
			vertex 5.995927810668945 15.408490180969238 -4.5922088623046875
		endloop
	endfacet
	facet normal 0.002680213192354904 0.1084835638530761 -0.9940946297163965
		outer loop
			vertex 5.573917865753174 15.817859649658203 -4.556336879730225
			vertex 9.300000190734863 16.092060089111328 -4.5163679122924805
			vertex 5.7981038093566895 15.626070022583008 -4.576662063598633
		endloop
	endfacet
	facet normal -0.002676315048316019 0.10853572096531906 -0.9940889470325585
		outer loop
			vertex -0.5 16.092060089111328 -4.5163679122924805
			vertex 3.226080894470215 15.817859649658203 -4.556336879730225
			vertex 3.002556085586548 15.626720428466797 -4.576603889465332
		endloop
	endfacet
	facet normal -0.0007348600103364896 0.13445592418211236 -0.9909193026846834
		outer loop
			vertex -0.5 16.092060089111328 -4.5163679122924805
			vertex 3.446397066116333 15.961779594421387 -4.5369720458984375
			vertex 3.226080894470215 15.817859649658203 -4.556336879730225
		endloop
	endfacet
	facet normal 0.0007399603482148573 0.13438795579052532 -0.9909285190149322
		outer loop
			vertex 5.3552680015563965 15.960829734802246 -4.537110805511475
			vertex 9.300000190734863 16.092060089111328 -4.5163679122924805
			vertex 5.573917865753174 15.817859649658203 -4.556336879730225
		endloop
	endfacet
	facet normal 0.00004503856733307599 0.1548054347734263 -0.9879449758646167
		outer loop
			vertex 5.11891508102417 16.075209617614746 -4.519198894500732
			vertex 9.300000190734863 16.092060089111328 -4.5163679122924805
			vertex 5.3552680015563965 15.960829734802246 -4.537110805511475
		endloop
	endfacet
	facet normal -0.00004351650004351738 0.15492443882186033 -0.9879263213226208
		outer loop
			vertex -0.5 16.092060089111328 -4.5163679122924805
			vertex 3.6818630695343018 16.075519561767578 -4.519145965576172
			vertex 3.446397066116333 15.961779594421387 -4.5369720458984375
		endloop
	endfacet
	facet normal 0 0.16568407995520895 -0.9861788811617271
		outer loop
			vertex 5.075808048248291 16.092060089111328 -4.5163679122924805
			vertex 9.300000190734863 16.092060089111328 -4.5163679122924805
			vertex 5.11891508102417 16.075209617614746 -4.519198894500732
		endloop
	endfacet
	facet normal 0.00002258856345093776 0.17118607351251142 -0.9852387161115453
		outer loop
			vertex -0.5 16.092060089111328 -4.5163679122924805
			vertex 3.9388089179992676 16.15913963317871 -4.504611015319824
			vertex 3.6818630695343018 16.075519561767578 -4.519145965576172
		endloop
	endfacet
	facet normal -0.0010529323974736162 0.23982775254502076 -0.9708148847450635
		outer loop
			vertex -0.5 16.95738983154297 -4.30259895324707
			vertex 3.9388089179992676 16.15913963317871 -4.504611015319824
			vertex -0.5 16.092060089111328 -4.5163679122924805
		endloop
	endfacet
	facet normal 0 0.2398278854896448 -0.9708154229005459
		outer loop
			vertex 9.300000190734863 16.95738983154297 -4.30259895324707
			vertex 9.300000190734863 16.092060089111328 -4.5163679122924805
			vertex 5.075808048248291 16.092060089111328 -4.5163679122924805
		endloop
	endfacet
	facet normal 0.008706720805659342 0.1995564708705235 -0.9798476452727303
		outer loop
			vertex 4.861845970153809 16.15898036956787 -4.504640102386475
			vertex 9.300000190734863 16.95738983154297 -4.30259895324707
			vertex 5.075808048248291 16.092060089111328 -4.5163679122924805
		endloop
	endfacet
	facet normal 0.006143902772805626 0.21308551428153705 -0.977014235342603
		outer loop
			vertex 4.641696929931641 16.200499534606934 -4.496969223022461
			vertex 9.300000190734863 16.95738983154297 -4.30259895324707
			vertex 4.861845970153809 16.15898036956787 -4.504640102386475
		endloop
	endfacet
	facet normal -0.006140725166546443 0.21310404036022343 -0.9770102146224354
		outer loop
			vertex -0.5 16.95738983154297 -4.30259895324707
			vertex 4.1583030223846436 16.200499534606934 -4.496969223022461
			vertex 3.9388089179992676 16.15913963317871 -4.504611015319824
		endloop
	endfacet
	facet normal -0.00299900996148637 0.23137409676956372 -0.9728602331698627
		outer loop
			vertex -0.5 16.95738983154297 -4.30259895324707
			vertex 4.3991639614105225 16.21595001220703 -4.49403715133667
			vertex 4.1583030223846436 16.200499534606934 -4.496969223022461
		endloop
	endfacet
	facet normal 0.0029840947775131637 0.2314606182213032 -0.9728396976845523
		outer loop
			vertex 4.3991639614105225 16.21595001220703 -4.49403715133667
			vertex 9.300000190734863 16.95738983154297 -4.30259895324707
			vertex 4.641696929931641 16.200499534606934 -4.496969223022461
		endloop
	endfacet
	facet normal 0 0.2499990939373364 -0.9682460704957759
		outer loop
			vertex -0.5 16.95738983154297 -4.30259895324707
			vertex 9.300000190734863 16.95738983154297 -4.30259895324707
			vertex 4.3991639614105225 16.21595001220703 -4.49403715133667
		endloop
	endfacet
	facet normal 0 0.38100349312435783 -0.9245735980586065
		outer loop
			vertex -0.5 17.7814998626709 -3.9629950523376465
			vertex 9.300000190734863 16.95738983154297 -4.30259895324707
			vertex -0.5 16.95738983154297 -4.30259895324707
		endloop
	endfacet
	facet normal 0 0.38100349312435783 -0.9245735980586065
		outer loop
			vertex -0.5 17.7814998626709 -3.9629950523376465
			vertex 9.300000190734863 17.7814998626709 -3.9629950523376465
			vertex 9.300000190734863 16.95738983154297 -4.30259895324707
		endloop
	endfacet
	facet normal 0 0.8508209004149622 -0.5254557977766288
		outer loop
			vertex 7.247432231903076 11.222169876098633 -5.041443824768066
			vertex 9.300000190734863 10.979206085205078 -5.434852123260498
			vertex 7.189702987670898 10.979206085205078 -5.434852123260498
		endloop
	endfacet
	facet normal 0.0066783314513021545 0.8660054085194863 -0.4999900322046678
		outer loop
			vertex 7.247432231903076 11.222169876098633 -5.041443824768066
			vertex 9.300000190734863 11.562350273132324 -4.4248199462890625
			vertex 9.300000190734863 10.979206085205078 -5.434852123260498
		endloop
	endfacet
	facet normal 0.0067014580331120404 0.8659715621498221 -0.5000483416711102
		outer loop
			vertex 7.247469902038574 11.342700004577637 -4.832712173461914
			vertex 9.300000190734863 11.562350273132324 -4.4248199462890625
			vertex 7.247432231903076 11.222169876098633 -5.041443824768066
		endloop
	endfacet
	facet normal 0.002063248354573664 0.8760839381817752 -0.4821542038250199
		outer loop
			vertex 7.226908206939697 11.459440231323242 -4.620680809020996
			vertex 9.300000190734863 11.562350273132324 -4.4248199462890625
			vertex 7.247469902038574 11.342700004577637 -4.832712173461914
		endloop
	endfacet
	facet normal 0 0.8852432949496878 -0.46512827128290135
		outer loop
			vertex 7.189702987670898 11.562350273132324 -4.4248199462890625
			vertex 9.300000190734863 11.562350273132324 -4.4248199462890625
			vertex 7.226908206939697 11.459440231323242 -4.620680809020996
		endloop
	endfacet
	facet normal -0.006679844828244807 0.866005399765532 -0.4999900271505541
		outer loop
			vertex -0.5 11.562350273132324 -4.4248199462890625
			vertex 1.5525686144828796 11.3431396484375 -4.831924915313721
			vertex -0.5 10.979206085205078 -5.434852123260498
		endloop
	endfacet
	facet normal -0.006675439768667732 0.8659990042834327 -0.5000011630826455
		outer loop
			vertex 1.5525686144828796 11.3431396484375 -4.831924915313721
			vertex 1.5525680184364319 11.222169876098633 -5.041443824768066
			vertex -0.5 10.979206085205078 -5.434852123260498
		endloop
	endfacet
	facet normal 0 0.8508209004149622 -0.5254557977766288
		outer loop
			vertex 1.5525680184364319 11.222169876098633 -5.041443824768066
			vertex 1.6102964878082275 10.979206085205078 -5.434852123260498
			vertex -0.5 10.979206085205078 -5.434852123260498
		endloop
	endfacet
	facet normal -0.002062051653074947 0.8760922435904336 -0.4821391175414627
		outer loop
			vertex -0.5 11.562350273132324 -4.4248199462890625
			vertex 1.5730838179588318 11.459409713745117 -4.620738983154297
			vertex 1.5525686144828796 11.3431396484375 -4.831924915313721
		endloop
	endfacet
	facet normal 0 0.885243385220759 -0.46512809947679057
		outer loop
			vertex -0.5 11.562350273132324 -4.4248199462890625
			vertex 1.6102964878082275 11.562350273132324 -4.4248199462890625
			vertex 1.5730838179588318 11.459409713745117 -4.620738983154297
		endloop
	endfacet
	facet normal 0.0013037951289979245 0.999997564012759 -0.0017810353196033445
		outer loop
			vertex -0.5 10.855891227722168 -5.951663017272949
			vertex 1.7225481271743774 10.85323429107666 -5.816451072692871
			vertex 1.755907118320465 10.853012084960938 -5.916792869567871
		endloop
	endfacet
	facet normal 0 0.9966086300419011 0.08228753566613334
		outer loop
			vertex 1.767657995223999 10.855891227722168 -5.951663017272949
			vertex -0.5 10.855891227722168 -5.951663017272949
			vertex 1.755907118320465 10.853012084960938 -5.916792869567871
		endloop
	endfacet
	facet normal 0 0.9998069914551327 0.019646369573945548
		outer loop
			vertex 1.7225481271743774 10.85323429107666 -5.816451072692871
			vertex -0.5 10.855891227722168 -5.951663017272949
			vertex -0.5 10.85323429107666 -5.816451072692871
		endloop
	endfacet
	facet normal 0 0.9888303253424827 -0.1490455892775091
		outer loop
			vertex -0.5 10.873391151428223 -5.682722091674805
			vertex 1.7225481271743774 10.85323429107666 -5.816451072692871
			vertex -0.5 10.85323429107666 -5.816451072692871
		endloop
	endfacet
	facet normal 0 0.9888303253424828 -0.14904558927750913
		outer loop
			vertex -0.5 10.873391151428223 -5.682722091674805
			vertex 1.679928183555603 10.873391151428223 -5.682722091674805
			vertex 1.7225481271743774 10.85323429107666 -5.816451072692871
		endloop
	endfacet
	facet normal 0 0.9822110066019557 0.18778055945697164
		outer loop
			vertex 1.8124982714653015 10.88128662109375 -6.084496974945068
			vertex -0.5 10.88128662109375 -6.084496974945068
			vertex -0.5 10.855891227722168 -5.951663017272949
		endloop
	endfacet
	facet normal 0 0.9822110066019556 0.1877805594569716
		outer loop
			vertex 1.767657995223999 10.855891227722168 -5.951663017272949
			vertex 1.8124982714653015 10.88128662109375 -6.084496974945068
			vertex -0.5 10.855891227722168 -5.951663017272949
		endloop
	endfacet
	facet normal 0 0.9495963792635169 -0.31347522468230116
		outer loop
			vertex -0.5 10.915785789489746 -5.554297924041748
			vertex 1.679928183555603 10.873391151428223 -5.682722091674805
			vertex -0.5 10.873391151428223 -5.682722091674805
		endloop
	endfacet
	facet normal 0 0.9495963792635169 -0.31347522468230116
		outer loop
			vertex -0.5 10.915785789489746 -5.554297924041748
			vertex 1.642002522945404 10.915785789489746 -5.554297924041748
			vertex 1.679928183555603 10.873391151428223 -5.682722091674805
		endloop
	endfacet
	facet normal 0 0.9365444655954829 0.35054880396668225
		outer loop
			vertex 1.8124982714653015 10.88128662109375 -6.084496974945068
			vertex 1.8539605736732483 10.928694725036621 -6.211154937744141
			vertex -0.5 10.88128662109375 -6.084496974945068
		endloop
	endfacet
	facet normal 0 0.936544465595483 0.35054880396668225
		outer loop
			vertex 1.8539605736732483 10.928694725036621 -6.211154937744141
			vertex -0.5 10.928694725036621 -6.211154937744141
			vertex -0.5 10.88128662109375 -6.084496974945068
		endloop
	endfacet
	facet normal 0 0.8832237985443305 -0.46895172639081284
		outer loop
			vertex -0.5 10.979206085205078 -5.434852123260498
			vertex 1.6102964878082275 10.979206085205078 -5.434852123260498
			vertex -0.5 10.915785789489746 -5.554297924041748
		endloop
	endfacet
	facet normal 0.004659695272627584 0.8467783209755213 -0.5319255233261921
		outer loop
			vertex 1.6102964878082275 10.979206085205078 -5.434852123260498
			vertex 1.613976776599884 10.969963073730469 -5.449533939361572
			vertex -0.5 10.915785789489746 -5.554297924041748
		endloop
	endfacet
	facet normal 0 0.8882556421278817 -0.4593494467483167
		outer loop
			vertex 1.613976776599884 10.969963073730469 -5.449533939361572
			vertex 1.642002522945404 10.915785789489746 -5.554297924041748
			vertex -0.5 10.915785789489746 -5.554297924041748
		endloop
	endfacet
	facet normal 0 0.8641183566399645 0.5032886504957639
		outer loop
			vertex 1.8539605736732483 10.928694725036621 -6.211154937744141
			vertex 1.8888754844665527 10.996759414672852 -6.3280181884765625
			vertex -0.5 10.928694725036621 -6.211154937744141
		endloop
	endfacet
	facet normal 0 0.8641183566399645 0.5032886504957639
		outer loop
			vertex 1.8888754844665527 10.996759414672852 -6.3280181884765625
			vertex -0.5 10.996759414672852 -6.3280181884765625
			vertex -0.5 10.928694725036621 -6.211154937744141
		endloop
	endfacet
	facet normal 0 0.7934508601356435 0.608634317591448
		outer loop
			vertex 1.8888754844665527 10.996759414672852 -6.3280181884765625
			vertex 1.9029653072357178 11.037980079650879 -6.381755828857422
			vertex -0.5 10.996759414672852 -6.3280181884765625
		endloop
	endfacet
	facet normal 0.0011928444837061708 0.766980347381963 0.6416694817831695
		outer loop
			vertex 1.9029653072357178 11.037980079650879 -6.381755828857422
			vertex -0.5 11.083539962768555 -6.431746006011963
			vertex -0.5 10.996759414672852 -6.3280181884765625
		endloop
	endfacet
	facet normal 0 0.7390986018756672 0.673597251111845
		outer loop
			vertex 1.914362609386444 11.083539962768555 -6.431746006011963
			vertex -0.5 11.083539962768555 -6.431746006011963
			vertex 1.9029653072357178 11.037980079650879 -6.381755828857422
		endloop
	endfacet
	facet normal 0.0011835770685293488 0.647945133999461 0.7616860918198148
		outer loop
			vertex 1.9227973818778992 11.13286018371582 -6.477466106414795
			vertex -0.5 11.18655014038086 -6.519373893737793
			vertex -0.5 11.083539962768555 -6.431746006011963
		endloop
	endfacet
	facet normal 0 0.6798340587654863 0.733365974491894
		outer loop
			vertex 1.914362609386444 11.083539962768555 -6.431746006011963
			vertex 1.9227973818778992 11.13286018371582 -6.477466106414795
			vertex -0.5 11.083539962768555 -6.431746006011963
		endloop
	endfacet
	facet normal 0 0.615302159102917 0.7882913503288546
		outer loop
			vertex 1.9281985759735107 11.18655014038086 -6.519373893737793
			vertex -0.5 11.18655014038086 -6.519373893737793
			vertex 1.9227973818778992 11.13286018371582 -6.477466106414795
		endloop
	endfacet
	facet normal 0 0.9999975480214047 -0.002214486662570211
		outer loop
			vertex 7.077452182769775 10.85323429107666 -5.816451072692871
			vertex 9.300000190734863 10.85323429107666 -5.816451072692871
			vertex 7.044093132019043 10.853012084960938 -5.916792869567871
		endloop
	endfacet
	facet normal -0.000972342458772526 0.9998065188213324 0.0196463602866147
		outer loop
			vertex 9.300000190734863 10.85323429107666 -5.816451072692871
			vertex 9.300000190734863 10.855891227722168 -5.951663017272949
			vertex 7.044093132019043 10.853012084960938 -5.916792869567871
		endloop
	endfacet
	facet normal 0 0.9966086300419013 0.08228753566613335
		outer loop
			vertex 9.300000190734863 10.855891227722168 -5.951663017272949
			vertex 7.032341957092285 10.855891227722168 -5.951663017272949
			vertex 7.044093132019043 10.853012084960938 -5.916792869567871
		endloop
	endfacet
	facet normal 0 0.9888303253424827 -0.1490455892775091
		outer loop
			vertex 7.120071887969971 10.873391151428223 -5.682722091674805
			vertex 9.300000190734863 10.85323429107666 -5.816451072692871
			vertex 7.077452182769775 10.85323429107666 -5.816451072692871
		endloop
	endfacet
	facet normal 0 0.9888303253424828 -0.14904558927750913
		outer loop
			vertex 7.120071887969971 10.873391151428223 -5.682722091674805
			vertex 9.300000190734863 10.873391151428223 -5.682722091674805
			vertex 9.300000190734863 10.85323429107666 -5.816451072692871
		endloop
	endfacet
	facet normal 0 0.9822110066019556 0.1877805594569716
		outer loop
			vertex 9.300000190734863 10.855891227722168 -5.951663017272949
			vertex 9.300000190734863 10.88128662109375 -6.084496974945068
			vertex 7.032341957092285 10.855891227722168 -5.951663017272949
		endloop
	endfacet
	facet normal 0 0.9822110066019557 0.18778055945697164
		outer loop
			vertex 9.300000190734863 10.88128662109375 -6.084496974945068
			vertex 6.987502098083496 10.88128662109375 -6.084496974945068
			vertex 7.032341957092285 10.855891227722168 -5.951663017272949
		endloop
	endfacet
	facet normal 0 0.9495963792635168 -0.31347522468230116
		outer loop
			vertex 7.157998085021973 10.915785789489746 -5.554297924041748
			vertex 9.300000190734863 10.873391151428223 -5.682722091674805
			vertex 7.120071887969971 10.873391151428223 -5.682722091674805
		endloop
	endfacet
	facet normal 0 0.9495963792635169 -0.31347522468230116
		outer loop
			vertex 7.157998085021973 10.915785789489746 -5.554297924041748
			vertex 9.300000190734863 10.915785789489746 -5.554297924041748
			vertex 9.300000190734863 10.873391151428223 -5.682722091674805
		endloop
	endfacet
	facet normal 0 0.9365444655954829 0.3505488039666822
		outer loop
			vertex 9.300000190734863 10.88128662109375 -6.084496974945068
			vertex 9.300000190734863 10.928694725036621 -6.211154937744141
			vertex 6.987502098083496 10.88128662109375 -6.084496974945068
		endloop
	endfacet
	facet normal 0 0.936544465595483 0.35054880396668225
		outer loop
			vertex 9.300000190734863 10.928694725036621 -6.211154937744141
			vertex 6.946039199829102 10.928694725036621 -6.211154937744141
			vertex 6.987502098083496 10.88128662109375 -6.084496974945068
		endloop
	endfacet
	facet normal 0 0.8882556421278819 -0.45934944674831674
		outer loop
			vertex 7.186023235321045 10.969963073730469 -5.449533939361572
			vertex 9.300000190734863 10.915785789489746 -5.554297924041748
			vertex 7.157998085021973 10.915785789489746 -5.554297924041748
		endloop
	endfacet
	facet normal -0.00060482422020102 0.8832236369972347 -0.46895164061664146
		outer loop
			vertex 7.186023235321045 10.969963073730469 -5.449533939361572
			vertex 9.300000190734863 10.979206085205078 -5.434852123260498
			vertex 9.300000190734863 10.915785789489746 -5.554297924041748
		endloop
	endfacet
	facet normal 0 0.8641183566399645 0.5032886504957639
		outer loop
			vertex 9.300000190734863 10.928694725036621 -6.211154937744141
			vertex 9.300000190734863 10.996759414672852 -6.3280181884765625
			vertex 6.946039199829102 10.928694725036621 -6.211154937744141
		endloop
	endfacet
	facet normal 0 0.8641183566399646 0.5032886504957639
		outer loop
			vertex 9.300000190734863 10.996759414672852 -6.3280181884765625
			vertex 6.911124229431152 10.996759414672852 -6.3280181884765625
			vertex 6.946039199829102 10.928694725036621 -6.211154937744141
		endloop
	endfacet
	facet normal 0 0.8462612957850979 -0.532768072669644
		outer loop
			vertex 7.189702987670898 10.979206085205078 -5.434852123260498
			vertex 9.300000190734863 10.979206085205078 -5.434852123260498
			vertex 7.186023235321045 10.969963073730469 -5.449533939361572
		endloop
	endfacet
	facet normal 0 0.7936383173857613 0.6083898595284916
		outer loop
			vertex 9.300000190734863 10.996759414672852 -6.3280181884765625
			vertex 6.897126197814941 11.037670135498047 -6.381385803222656
			vertex 6.911124229431152 10.996759414672852 -6.3280181884765625
		endloop
	endfacet
	facet normal -0.0011930092197336404 0.7669803472312373 0.6416694816570696
		outer loop
			vertex 9.300000190734863 11.083539962768555 -6.431746006011963
			vertex 6.897126197814941 11.037670135498047 -6.381385803222656
			vertex 9.300000190734863 10.996759414672852 -6.3280181884765625
		endloop
	endfacet
	facet normal 0 0.7392980111419066 0.6733783859923196
		outer loop
			vertex 9.300000190734863 11.083539962768555 -6.431746006011963
			vertex 6.885636806488037 11.083539962768555 -6.431746006011963
			vertex 6.897126197814941 11.037670135498047 -6.381385803222656
		endloop
	endfacet
	facet normal 0 0.6797240697104703 0.7334679195821967
		outer loop
			vertex 9.300000190734863 11.083539962768555 -6.431746006011963
			vertex 6.877176761627197 11.133049964904785 -6.477628231048584
			vertex 6.885636806488037 11.083539962768555 -6.431746006011963
		endloop
	endfacet
	facet normal -0.0011837790853946927 0.6479451338445222 0.7616860916376781
		outer loop
			vertex 9.300000190734863 11.18655014038086 -6.519373893737793
			vertex 6.877176761627197 11.133049964904785 -6.477628231048584
			vertex 9.300000190734863 11.083539962768555 -6.431746006011963
		endloop
	endfacet
	facet normal 0 0.6151740369779533 0.7883913395188002
		outer loop
			vertex 9.300000190734863 11.18655014038086 -6.519373893737793
			vertex 6.871800899505615 11.18655014038086 -6.519373893737793
			vertex 6.877176761627197 11.133049964904785 -6.477628231048584
		endloop
	endfacet
	facet normal 0 0.8477478283089326 -0.5303994905705401
		outer loop
			vertex -0.5 11.634079933166504 -4.310173034667969
			vertex 1.6102964878082275 11.562350273132324 -4.4248199462890625
			vertex -0.5 11.562350273132324 -4.4248199462890625
		endloop
	endfacet
	facet normal 0 0.8477478283089327 -0.5303994905705401
		outer loop
			vertex -0.5 11.634079933166504 -4.310173034667969
			vertex 1.642002522945404 11.634079933166504 -4.310173034667969
			vertex 1.6102964878082275 11.562350273132324 -4.4248199462890625
		endloop
	endfacet
	facet normal 0 0.7531193660137298 -0.6578838959383927
		outer loop
			vertex 1.6749942898750305 11.712180137634277 -4.220767021179199
			vertex 1.642002522945404 11.634079933166504 -4.310173034667969
			vertex -0.5 11.634079933166504 -4.310173034667969
		endloop
	endfacet
	facet normal 0.0005643826720744115 0.746276333241645 -0.6656360236011906
		outer loop
			vertex -0.5 11.724100112915039 -4.20924711227417
			vertex 1.6749942898750305 11.712180137634277 -4.220767021179199
			vertex -0.5 11.634079933166504 -4.310173034667969
		endloop
	endfacet
	facet normal 0 0.6949368374616954 -0.7190707836776133
		outer loop
			vertex -0.5 11.724100112915039 -4.20924711227417
			vertex 1.679928183555603 11.724100112915039 -4.20924711227417
			vertex 1.6749942898750305 11.712180137634277 -4.220767021179199
		endloop
	endfacet
	facet normal 0 0.6234740282857956 -0.7818440612123898
		outer loop
			vertex -0.5 11.829839706420898 -4.1249260902404785
			vertex 1.679928183555603 11.724100112915039 -4.20924711227417
			vertex -0.5 11.724100112915039 -4.20924711227417
		endloop
	endfacet
	facet normal 0 0.6234740282857956 -0.7818440612123899
		outer loop
			vertex -0.5 11.829839706420898 -4.1249260902404785
			vertex 1.7225481271743774 11.829839706420898 -4.1249260902404785
			vertex 1.679928183555603 11.724100112915039 -4.20924711227417
		endloop
	endfacet
	facet normal 0 0.48290572875716714 -0.875672345762677
		outer loop
			vertex -0.5 11.948260307312012 -4.0596208572387695
			vertex 1.7225481271743774 11.829839706420898 -4.1249260902404785
			vertex -0.5 11.829839706420898 -4.1249260902404785
		endloop
	endfacet
	facet normal 0 0.4829057287571672 -0.8756723457626772
		outer loop
			vertex -0.5 11.948260307312012 -4.0596208572387695
			vertex 1.767657995223999 11.948260307312012 -4.0596208572387695
			vertex 1.7225481271743774 11.829839706420898 -4.1249260902404785
		endloop
	endfacet
	facet normal 0 0.32847303580859294 -0.9445133481040312
		outer loop
			vertex -0.5 12.076000213623047 -4.015196800231934
			vertex 1.767657995223999 11.948260307312012 -4.0596208572387695
			vertex -0.5 11.948260307312012 -4.0596208572387695
		endloop
	endfacet
	facet normal 0 0.32847303580859294 -0.9445133481040312
		outer loop
			vertex -0.5 12.076000213623047 -4.015196800231934
			vertex 1.8124982714653015 12.076000213623047 -4.015196800231934
			vertex 1.767657995223999 11.948260307312012 -4.0596208572387695
		endloop
	endfacet
	facet normal 0 0.16469401694957622 -0.9863447068753464
		outer loop
			vertex -0.5 12.209389686584473 -3.992924213409424
			vertex 1.8124982714653015 12.076000213623047 -4.015196800231934
			vertex -0.5 12.076000213623047 -4.015196800231934
		endloop
	endfacet
	facet normal -0.00015129669012244295 0.16214166336171604 -0.9867674792531459
		outer loop
			vertex -0.5 12.209389686584473 -3.992924213409424
			vertex 1.8551613092422485 12.213589668273926 -3.9925951957702637
			vertex 1.8124982714653015 12.076000213623047 -4.015196800231934
		endloop
	endfacet
	facet normal 0.00014649030341302858 -0.003807884346634668 -0.9999927392523376
		outer loop
			vertex -0.5 12.344630241394043 -3.993439197540283
			vertex 1.8551613092422485 12.213589668273926 -3.9925951957702637
			vertex -0.5 12.209389686584473 -3.992924213409424
		endloop
	endfacet
	facet normal 0 -0.006440633190200268 -0.9999792589069583
		outer loop
			vertex -0.5 12.344630241394043 -3.993439197540283
			vertex 1.8888754844665527 12.344630241394043 -3.993439197540283
			vertex 1.8551613092422485 12.213589668273926 -3.9925951957702637
		endloop
	endfacet
	facet normal 0 -0.13009391403928125 -0.9915016760096476
		outer loop
			vertex 1.9028741121292114 12.411310195922852 -4.002188205718994
			vertex 1.8888754844665527 12.344630241394043 -3.993439197540283
			vertex -0.5 12.344630241394043 -3.993439197540283
		endloop
	endfacet
	facet normal 0.0011915888590450089 -0.1721891380352231 -0.9850631862264867
		outer loop
			vertex -0.5 12.477849960327148 -4.016726016998291
			vertex 1.9028741121292114 12.411310195922852 -4.002188205718994
			vertex -0.5 12.344630241394043 -3.993439197540283
		endloop
	endfacet
	facet normal 0 -0.21344799207007956 -0.9769544281496714
		outer loop
			vertex -0.5 12.477849960327148 -4.016726016998291
			vertex 1.914362609386444 12.477849960327148 -4.016726016998291
			vertex 1.9028741121292114 12.411310195922852 -4.002188205718994
		endloop
	endfacet
	facet normal 0 -0.295420338104062 -0.9553673763712481
		outer loop
			vertex 1.9228230118751526 12.542340278625488 -4.036667823791504
			vertex 1.914362609386444 12.477849960327148 -4.016726016998291
			vertex -0.5 12.477849960327148 -4.016726016998291
		endloop
	endfacet
	facet normal 0.0011815706031343153 -0.3356704553969822 -0.941978741407943
		outer loop
			vertex -0.5 12.605239868164062 -4.0621209144592285
			vertex 1.9228230118751526 12.542340278625488 -4.036667823791504
			vertex -0.5 12.477849960327148 -4.016726016998291
		endloop
	endfacet
	facet normal 0 -0.3751133982033095 -0.9269789309840679
		outer loop
			vertex -0.5 12.605239868164062 -4.0621209144592285
			vertex 1.9281985759735107 12.605239868164062 -4.0621209144592285
			vertex 1.9228230118751526 12.542340278625488 -4.036667823791504
		endloop
	endfacet
	facet normal 0 0.8477478283089327 -0.5303994905705403
		outer loop
			vertex 7.157998085021973 11.634079933166504 -4.310173034667969
			vertex 9.300000190734863 11.562350273132324 -4.4248199462890625
			vertex 7.189702987670898 11.562350273132324 -4.4248199462890625
		endloop
	endfacet
	facet normal 0 0.8477478283089326 -0.5303994905705401
		outer loop
			vertex 7.157998085021973 11.634079933166504 -4.310173034667969
			vertex 9.300000190734863 11.634079933166504 -4.310173034667969
			vertex 9.300000190734863 11.562350273132324 -4.4248199462890625
		endloop
	endfacet
	facet normal -0.000641590812231442 0.7530018953595825 -0.6580180346663046
		outer loop
			vertex 7.125006198883057 11.712180137634277 -4.220767021179199
			vertex 9.300000190734863 11.724100112915039 -4.20924711227417
			vertex 7.157998085021973 11.634079933166504 -4.310173034667969
		endloop
	endfacet
	facet normal 0 0.7462764520965529 -0.6656361296130052
		outer loop
			vertex 9.300000190734863 11.724100112915039 -4.20924711227417
			vertex 9.300000190734863 11.634079933166504 -4.310173034667969
			vertex 7.157998085021973 11.634079933166504 -4.310173034667969
		endloop
	endfacet
	facet normal 0 0.6949368374616954 -0.7190707836776133
		outer loop
			vertex 7.120071887969971 11.724100112915039 -4.20924711227417
			vertex 9.300000190734863 11.724100112915039 -4.20924711227417
			vertex 7.125006198883057 11.712180137634277 -4.220767021179199
		endloop
	endfacet
	facet normal 0 0.6234740282857956 -0.7818440612123899
		outer loop
			vertex 7.077452182769775 11.829839706420898 -4.1249260902404785
			vertex 9.300000190734863 11.724100112915039 -4.20924711227417
			vertex 7.120071887969971 11.724100112915039 -4.20924711227417
		endloop
	endfacet
	facet normal 0 0.6234740282857956 -0.7818440612123898
		outer loop
			vertex 7.077452182769775 11.829839706420898 -4.1249260902404785
			vertex 9.300000190734863 11.829839706420898 -4.1249260902404785
			vertex 9.300000190734863 11.724100112915039 -4.20924711227417
		endloop
	endfacet
	facet normal 0 0.4829057287571672 -0.875672345762677
		outer loop
			vertex 7.032341957092285 11.948260307312012 -4.0596208572387695
			vertex 9.300000190734863 11.829839706420898 -4.1249260902404785
			vertex 7.077452182769775 11.829839706420898 -4.1249260902404785
		endloop
	endfacet
	facet normal 0 0.48290572875716714 -0.875672345762677
		outer loop
			vertex 7.032341957092285 11.948260307312012 -4.0596208572387695
			vertex 9.300000190734863 11.948260307312012 -4.0596208572387695
			vertex 9.300000190734863 11.829839706420898 -4.1249260902404785
		endloop
	endfacet
	facet normal 0 0.32847303580859294 -0.9445133481040313
		outer loop
			vertex 6.987502098083496 12.076000213623047 -4.015196800231934
			vertex 9.300000190734863 11.948260307312012 -4.0596208572387695
			vertex 7.032341957092285 11.948260307312012 -4.0596208572387695
		endloop
	endfacet
	facet normal 0 0.328473035808593 -0.9445133481040313
		outer loop
			vertex 6.987502098083496 12.076000213623047 -4.015196800231934
			vertex 9.300000190734863 12.076000213623047 -4.015196800231934
			vertex 9.300000190734863 11.948260307312012 -4.0596208572387695
		endloop
	endfacet
	facet normal 0 0.16469401694957622 -0.9863447068753464
		outer loop
			vertex 6.946039199829102 12.209389686584473 -3.992924213409424
			vertex 9.300000190734863 12.076000213623047 -4.015196800231934
			vertex 6.987502098083496 12.076000213623047 -4.015196800231934
		endloop
	endfacet
	facet normal 0 0.1646940169495762 -0.9863447068753463
		outer loop
			vertex 6.946039199829102 12.209389686584473 -3.992924213409424
			vertex 9.300000190734863 12.209389686584473 -3.992924213409424
			vertex 9.300000190734863 12.076000213623047 -4.015196800231934
		endloop
	endfacet
	facet normal 0 -0.0038078843874921426 -0.9999927499819644
		outer loop
			vertex 6.911124229431152 12.344630241394043 -3.993439197540283
			vertex 9.300000190734863 12.209389686584473 -3.992924213409424
			vertex 6.946039199829102 12.209389686584473 -3.992924213409424
		endloop
	endfacet
	facet normal 0 -0.0038078843874921426 -0.9999927499819644
		outer loop
			vertex 6.911124229431152 12.344630241394043 -3.993439197540283
			vertex 9.300000190734863 12.344630241394043 -3.993439197540283
			vertex 9.300000190734863 12.209389686584473 -3.992924213409424
		endloop
	endfacet
	facet normal 0 -0.13038894848834529 -0.9914629201902125
		outer loop
			vertex 6.897035121917725 12.41178035736084 -4.002270221710205
			vertex 9.300000190734863 12.344630241394043 -3.993439197540283
			vertex 6.911124229431152 12.344630241394043 -3.993439197540283
		endloop
	endfacet
	facet normal -0.0011916127362391132 -0.17218913803032396 -0.9850631861984595
		outer loop
			vertex 6.897035121917725 12.41178035736084 -4.002270221710205
			vertex 9.300000190734863 12.477849960327148 -4.016726016998291
			vertex 9.300000190734863 12.344630241394043 -3.993439197540283
		endloop
	endfacet
	facet normal 0 -0.2137401929427758 -0.9768905414225204
		outer loop
			vertex 6.885636806488037 12.477849960327148 -4.016726016998291
			vertex 9.300000190734863 12.477849960327148 -4.016726016998291
			vertex 6.897035121917725 12.41178035736084 -4.002270221710205
		endloop
	endfacet
	facet normal 0 -0.2952459103511451 -0.9554212957752845
		outer loop
			vertex 6.877202987670898 12.542110443115234 -4.03658390045166
			vertex 9.300000190734863 12.477849960327148 -4.016726016998291
			vertex 6.885636806488037 12.477849960327148 -4.016726016998291
		endloop
	endfacet
	facet normal -0.0011823694747330916 -0.3356704550800275 -0.9419787405184857
		outer loop
			vertex 6.877202987670898 12.542110443115234 -4.03658390045166
			vertex 9.300000190734863 12.605239868164062 -4.0621209144592285
			vertex 9.300000190734863 12.477849960327148 -4.016726016998291
		endloop
	endfacet
	facet normal 0 -0.37499879100508576 -0.9270252999485635
		outer loop
			vertex 6.871800899505615 12.605239868164062 -4.0621209144592285
			vertex 9.300000190734863 12.605239868164062 -4.0621209144592285
			vertex 6.877202987670898 12.542110443115234 -4.03658390045166
		endloop
	endfacet
	facet normal 0 -0.9659266827815266 -0.258815848607994
		outer loop
			vertex -0.5 -15.781499862670898 -3.9629950523376465
			vertex 9.300000190734863 -16.014699935913086 -3.0926690101623535
			vertex -0.5 -16.014699935913086 -3.0926690101623535
		endloop
	endfacet
	facet normal 0 -0.9659266827815266 -0.258815848607994
		outer loop
			vertex -0.5 -15.781499862670898 -3.9629950523376465
			vertex 9.300000190734863 -15.781499862670898 -3.9629950523376465
			vertex 9.300000190734863 -16.014699935913086 -3.0926690101623535
		endloop
	endfacet
	facet normal 0 -0.7071067811865476 -0.7071067811865476
		outer loop
			vertex -0.5 -11.05171012878418 -11.688830375671387
			vertex 9.300000190734863 -11.688830375671387 -11.05171012878418
			vertex -0.5 -11.688830375671387 -11.05171012878418
		endloop
	endfacet
	facet normal 0 -0.7071067811865476 -0.7071067811865476
		outer loop
			vertex -0.5 -11.05171012878418 -11.688830375671387
			vertex 9.300000190734863 -11.05171012878418 -11.688830375671387
			vertex 9.300000190734863 -11.688830375671387 -11.05171012878418
		endloop
	endfacet
	facet normal 0 -0.9659266827815266 0.258815848607994
		outer loop
			vertex 9.300000190734863 -15.781499862670898 5.9629950523376465
			vertex -0.5 -15.781499862670898 5.9629950523376465
			vertex -0.5 -16.014699935913086 5.0926690101623535
		endloop
	endfacet
	facet normal 0 -0.9659266827815266 0.258815848607994
		outer loop
			vertex 9.300000190734863 -16.014699935913086 5.0926690101623535
			vertex 9.300000190734863 -15.781499862670898 5.9629950523376465
			vertex -0.5 -16.014699935913086 5.0926690101623535
		endloop
	endfacet
	facet normal 0 -0.7071067811865476 0.7071067811865476
		outer loop
			vertex 9.300000190734863 -11.05171012878418 13.688830375671387
			vertex -0.5 -11.05171012878418 13.688830375671387
			vertex -0.5 -11.688830375671387 13.05171012878418
		endloop
	endfacet
	facet normal 0 -0.7071067811865476 0.7071067811865476
		outer loop
			vertex 9.300000190734863 -11.688830375671387 13.05171012878418
			vertex 9.300000190734863 -11.05171012878418 13.688830375671387
			vertex -0.5 -11.688830375671387 13.05171012878418
		endloop
	endfacet
	facet normal 0 -0.258815848607994 0.9659266827815266
		outer loop
			vertex 9.300000190734863 -3.0926690101623535 18.014699935913086
			vertex -0.5 -3.0926690101623535 18.014699935913086
			vertex -0.5 -3.9629950523376465 17.7814998626709
		endloop
	endfacet
	facet normal 0 -0.258815848607994 0.9659266827815266
		outer loop
			vertex 9.300000190734863 -3.9629950523376465 17.7814998626709
			vertex 9.300000190734863 -3.0926690101623535 18.014699935913086
			vertex -0.5 -3.9629950523376465 17.7814998626709
		endloop
	endfacet
	facet normal 0 0.258815848607994 0.9659266827815266
		outer loop
			vertex 9.300000190734863 5.9629950523376465 17.7814998626709
			vertex -0.5 5.9629950523376465 17.7814998626709
			vertex -0.5 5.0926690101623535 18.014699935913086
		endloop
	endfacet
	facet normal 0 0.258815848607994 0.9659266827815266
		outer loop
			vertex 9.300000190734863 5.0926690101623535 18.014699935913086
			vertex 9.300000190734863 5.9629950523376465 17.7814998626709
			vertex -0.5 5.0926690101623535 18.014699935913086
		endloop
	endfacet
	facet normal 0 0.7071067811865476 0.7071067811865476
		outer loop
			vertex 9.300000190734863 13.688830375671387 13.05171012878418
			vertex -0.5 13.688830375671387 13.05171012878418
			vertex -0.5 13.05171012878418 13.688830375671387
		endloop
	endfacet
	facet normal 0 0.7071067811865476 0.7071067811865476
		outer loop
			vertex 9.300000190734863 13.05171012878418 13.688830375671387
			vertex 9.300000190734863 13.688830375671387 13.05171012878418
			vertex -0.5 13.05171012878418 13.688830375671387
		endloop
	endfacet
	facet normal 0 0.7071067811865476 -0.7071067811865476
		outer loop
			vertex -0.5 13.688830375671387 -11.05171012878418
			vertex 9.300000190734863 13.05171012878418 -11.688830375671387
			vertex -0.5 13.05171012878418 -11.688830375671387
		endloop
	endfacet
	facet normal 0 0.7071067811865476 -0.7071067811865476
		outer loop
			vertex -0.5 13.688830375671387 -11.05171012878418
			vertex 9.300000190734863 13.688830375671387 -11.05171012878418
			vertex 9.300000190734863 13.05171012878418 -11.688830375671387
		endloop
	endfacet
	facet normal 0 0.9659266827815266 -0.258815848607994
		outer loop
			vertex -0.5 18.014699935913086 -3.0926690101623535
			vertex 9.300000190734863 17.7814998626709 -3.9629950523376465
			vertex -0.5 17.7814998626709 -3.9629950523376465
		endloop
	endfacet
	facet normal 0 0.9659266827815266 -0.258815848607994
		outer loop
			vertex -0.5 18.014699935913086 -3.0926690101623535
			vertex 9.300000190734863 18.014699935913086 -3.0926690101623535
			vertex 9.300000190734863 17.7814998626709 -3.9629950523376465
		endloop
	endfacet
	facet normal 0 0.258815848607994 -0.9659266827815266
		outer loop
			vertex -0.5 5.9629950523376465 -15.781499862670898
			vertex 9.300000190734863 5.0926690101623535 -16.014699935913086
			vertex -0.5 5.0926690101623535 -16.014699935913086
		endloop
	endfacet
	facet normal 0 0.258815848607994 -0.9659266827815266
		outer loop
			vertex -0.5 5.9629950523376465 -15.781499862670898
			vertex 9.300000190734863 5.9629950523376465 -15.781499862670898
			vertex 9.300000190734863 5.0926690101623535 -16.014699935913086
		endloop
	endfacet
	facet normal 0 -0.258815848607994 -0.9659266827815266
		outer loop
			vertex -0.5 -3.0926690101623535 -16.014699935913086
			vertex 9.300000190734863 -3.9629950523376465 -15.781499862670898
			vertex -0.5 -3.9629950523376465 -15.781499862670898
		endloop
	endfacet
	facet normal 0 -0.258815848607994 -0.9659266827815266
		outer loop
			vertex -0.5 -3.0926690101623535 -16.014699935913086
			vertex 9.300000190734863 -3.0926690101623535 -16.014699935913086
			vertex 9.300000190734863 -3.9629950523376465 -15.781499862670898
		endloop
	endfacet
	facet normal 0 0.9659266827815266 0.258815848607994
		outer loop
			vertex 9.300000190734863 18.014699935913086 5.0926690101623535
			vertex -0.5 18.014699935913086 5.0926690101623535
			vertex -0.5 17.7814998626709 5.9629950523376465
		endloop
	endfacet
	facet normal 0 0.9659266827815266 0.258815848607994
		outer loop
			vertex 9.300000190734863 17.7814998626709 5.9629950523376465
			vertex 9.300000190734863 18.014699935913086 5.0926690101623535
			vertex -0.5 17.7814998626709 5.9629950523376465
		endloop
	endfacet
	facet normal 0 0.1701792064649784 0.9854131304620161
		outer loop
			vertex 9.300000190734863 14.459830284118652 -0.5703840255737305
			vertex -0.5 14.459830284118652 -0.5703840255737305
			vertex -0.5 13.581489562988281 -0.4186960458755493
		endloop
	endfacet
	facet normal 0 0.1701792064649784 0.9854131304620161
		outer loop
			vertex 9.300000190734863 13.581489562988281 -0.4186960458755493
			vertex 9.300000190734863 14.459830284118652 -0.5703840255737305
			vertex -0.5 13.581489562988281 -0.4186960458755493
		endloop
	endfacet
	facet normal 0 0.31428538789809923 0.9493285495305308
		outer loop
			vertex 9.300000190734863 15.306010246276855 -0.8505209684371948
			vertex -0.5 15.306010246276855 -0.8505209684371948
			vertex -0.5 14.459830284118652 -0.5703840255737305
		endloop
	endfacet
	facet normal 0 0.31428538789809923 0.9493285495305308
		outer loop
			vertex 9.300000190734863 14.459830284118652 -0.5703840255737305
			vertex 9.300000190734863 15.306010246276855 -0.8505209684371948
			vertex -0.5 14.459830284118652 -0.5703840255737305
		endloop
	endfacet
	facet normal 0 0.45145755646877084 0.8922925947844947
		outer loop
			vertex 9.300000190734863 16.10134983062744 -1.252924919128418
			vertex -0.5 16.10134983062744 -1.252924919128418
			vertex -0.5 15.306010246276855 -0.8505209684371948
		endloop
	endfacet
	facet normal 0 0.45145755646877084 0.8922925947844947
		outer loop
			vertex 9.300000190734863 15.306010246276855 -0.8505209684371948
			vertex 9.300000190734863 16.10134983062744 -1.252924919128418
			vertex -0.5 15.306010246276855 -0.8505209684371948
		endloop
	endfacet
	facet normal 0 0.5786701315360587 0.815561695316817
		outer loop
			vertex 9.300000190734863 16.82828998565674 -1.7687149047851562
			vertex -0.5 16.82828998565674 -1.7687149047851562
			vertex -0.5 16.10134983062744 -1.252924919128418
		endloop
	endfacet
	facet normal 0 0.5786701315360587 0.815561695316817
		outer loop
			vertex 9.300000190734863 16.10134983062744 -1.252924919128418
			vertex 9.300000190734863 16.82828998565674 -1.7687149047851562
			vertex -0.5 16.10134983062744 -1.252924919128418
		endloop
	endfacet
	facet normal 0 0.6931055730610718 0.7208360871874294
		outer loop
			vertex 9.300000190734863 17.470800399780273 -2.386507987976074
			vertex -0.5 17.470800399780273 -2.386507987976074
			vertex -0.5 16.82828998565674 -1.7687149047851562
		endloop
	endfacet
	facet normal 0 0.6931055730610718 0.7208360871874294
		outer loop
			vertex 9.300000190734863 16.82828998565674 -1.7687149047851562
			vertex 9.300000190734863 17.470800399780273 -2.386507987976074
			vertex -0.5 16.82828998565674 -1.7687149047851562
		endloop
	endfacet
	facet normal 0 0.792244984996558 0.6102031495721761
		outer loop
			vertex 9.300000190734863 18.014699935913086 -3.0926690101623535
			vertex -0.5 18.014699935913086 -3.0926690101623535
			vertex -0.5 17.470800399780273 -2.386507987976074
		endloop
	endfacet
	facet normal 0 0.792244984996558 0.6102031495721761
		outer loop
			vertex 9.300000190734863 17.470800399780273 -2.386507987976074
			vertex 9.300000190734863 18.014699935913086 -3.0926690101623535
			vertex -0.5 17.470800399780273 -2.386507987976074
		endloop
	endfacet
	facet normal 0 0.1701792064649784 -0.9854131304620161
		outer loop
			vertex -0.5 14.459830284118652 2.5703840255737305
			vertex 9.300000190734863 13.581489562988281 2.4186960458755493
			vertex -0.5 13.581489562988281 2.4186960458755493
		endloop
	endfacet
	facet normal 0 0.1701792064649784 -0.9854131304620161
		outer loop
			vertex -0.5 14.459830284118652 2.5703840255737305
			vertex 9.300000190734863 14.459830284118652 2.5703840255737305
			vertex 9.300000190734863 13.581489562988281 2.4186960458755493
		endloop
	endfacet
	facet normal 0 0.31428538789809923 -0.9493285495305308
		outer loop
			vertex -0.5 15.306010246276855 2.850520968437195
			vertex 9.300000190734863 14.459830284118652 2.5703840255737305
			vertex -0.5 14.459830284118652 2.5703840255737305
		endloop
	endfacet
	facet normal 0 0.31428538789809923 -0.9493285495305308
		outer loop
			vertex -0.5 15.306010246276855 2.850520968437195
			vertex 9.300000190734863 15.306010246276855 2.850520968437195
			vertex 9.300000190734863 14.459830284118652 2.5703840255737305
		endloop
	endfacet
	facet normal 0 0.45145755646877084 -0.8922925947844947
		outer loop
			vertex -0.5 16.10134983062744 3.252924919128418
			vertex 9.300000190734863 15.306010246276855 2.850520968437195
			vertex -0.5 15.306010246276855 2.850520968437195
		endloop
	endfacet
	facet normal 0 0.45145755646877084 -0.8922925947844947
		outer loop
			vertex -0.5 16.10134983062744 3.252924919128418
			vertex 9.300000190734863 16.10134983062744 3.252924919128418
			vertex 9.300000190734863 15.306010246276855 2.850520968437195
		endloop
	endfacet
	facet normal 0 0.5786701315360587 -0.815561695316817
		outer loop
			vertex -0.5 16.82828998565674 3.7687149047851562
			vertex 9.300000190734863 16.10134983062744 3.252924919128418
			vertex -0.5 16.10134983062744 3.252924919128418
		endloop
	endfacet
	facet normal 0 0.5786701315360587 -0.815561695316817
		outer loop
			vertex -0.5 16.82828998565674 3.7687149047851562
			vertex 9.300000190734863 16.82828998565674 3.7687149047851562
			vertex 9.300000190734863 16.10134983062744 3.252924919128418
		endloop
	endfacet
	facet normal 0 0.6931055730610718 -0.7208360871874294
		outer loop
			vertex -0.5 17.470800399780273 4.386507987976074
			vertex 9.300000190734863 16.82828998565674 3.7687149047851562
			vertex -0.5 16.82828998565674 3.7687149047851562
		endloop
	endfacet
	facet normal 0 0.6931055730610718 -0.7208360871874294
		outer loop
			vertex -0.5 17.470800399780273 4.386507987976074
			vertex 9.300000190734863 17.470800399780273 4.386507987976074
			vertex 9.300000190734863 16.82828998565674 3.7687149047851562
		endloop
	endfacet
	facet normal 0 0.792244984996558 -0.6102031495721761
		outer loop
			vertex -0.5 18.014699935913086 5.0926690101623535
			vertex 9.300000190734863 17.470800399780273 4.386507987976074
			vertex -0.5 17.470800399780273 4.386507987976074
		endloop
	endfacet
	facet normal 0 0.792244984996558 -0.6102031495721761
		outer loop
			vertex -0.5 18.014699935913086 5.0926690101623535
			vertex 9.300000190734863 18.014699935913086 5.0926690101623535
			vertex 9.300000190734863 17.470800399780273 4.386507987976074
		endloop
	endfacet
	facet normal 0 1 0
		outer loop
			vertex -0.5 12.85966968536377 1.5831419825553894
			vertex 9.300000190734863 12.85966968536377 0.4168580174446106
			vertex -0.5 12.85966968536377 0.4168580174446106
		endloop
	endfacet
	facet normal 0 1 0
		outer loop
			vertex -0.5 12.85966968536377 1.5831419825553894
			vertex 9.300000190734863 12.85966968536377 1.5831419825553894
			vertex 9.300000190734863 12.85966968536377 0.4168580174446106
		endloop
	endfacet
	facet normal 0 -0.3453263248898734 0.9384826739679607
		outer loop
			vertex 9.300000190734863 13.441749572753906 6.369925022125244
			vertex -0.5 13.441749572753906 6.369925022125244
			vertex -0.5 12.605239868164062 6.0621209144592285
		endloop
	endfacet
	facet normal 0 -0.3453263248898734 0.9384826739679607
		outer loop
			vertex 9.300000190734863 12.605239868164062 6.0621209144592285
			vertex 9.300000190734863 13.441749572753906 6.369925022125244
			vertex -0.5 12.605239868164062 6.0621209144592285
		endloop
	endfacet
	facet normal 0 -0.20248198593440117 0.9792859875297211
		outer loop
			vertex 9.300000190734863 14.314629554748535 6.550405979156494
			vertex -0.5 14.314629554748535 6.550405979156494
			vertex -0.5 13.441749572753906 6.369925022125244
		endloop
	endfacet
	facet normal 0 -0.20248198593440117 0.9792859875297211
		outer loop
			vertex 9.300000190734863 13.441749572753906 6.369925022125244
			vertex 9.300000190734863 14.314629554748535 6.550405979156494
			vertex -0.5 13.441749572753906 6.369925022125244
		endloop
	endfacet
	facet normal 0 -0.05517230507495732 0.9984768483809306
		outer loop
			vertex 9.300000190734863 15.204609870910645 6.599583148956299
			vertex -0.5 15.204609870910645 6.599583148956299
			vertex -0.5 14.314629554748535 6.550405979156494
		endloop
	endfacet
	facet normal 0 -0.05517230507495732 0.9984768483809306
		outer loop
			vertex 9.300000190734863 14.314629554748535 6.550405979156494
			vertex 9.300000190734863 15.204609870910645 6.599583148956299
			vertex -0.5 14.314629554748535 6.550405979156494
		endloop
	endfacet
	facet normal 0 0.0933593687433848 0.9956324765031707
		outer loop
			vertex 9.300000190734863 16.092060089111328 6.5163679122924805
			vertex -0.5 16.092060089111328 6.5163679122924805
			vertex -0.5 15.204609870910645 6.599583148956299
		endloop
	endfacet
	facet normal 0 0.0933593687433848 0.9956324765031707
		outer loop
			vertex 9.300000190734863 15.204609870910645 6.599583148956299
			vertex 9.300000190734863 16.092060089111328 6.5163679122924805
			vertex -0.5 15.204609870910645 6.599583148956299
		endloop
	endfacet
	facet normal 0 0.23982788548964482 0.9708154229005459
		outer loop
			vertex 9.300000190734863 16.95738983154297 6.30259895324707
			vertex -0.5 16.95738983154297 6.30259895324707
			vertex -0.5 16.092060089111328 6.5163679122924805
		endloop
	endfacet
	facet normal 0 0.23982788548964482 0.9708154229005459
		outer loop
			vertex 9.300000190734863 16.092060089111328 6.5163679122924805
			vertex 9.300000190734863 16.95738983154297 6.30259895324707
			vertex -0.5 16.092060089111328 6.5163679122924805
		endloop
	endfacet
	facet normal 0 0.38100349312435783 0.9245735980586065
		outer loop
			vertex 9.300000190734863 17.7814998626709 5.9629950523376465
			vertex -0.5 17.7814998626709 5.9629950523376465
			vertex -0.5 16.95738983154297 6.30259895324707
		endloop
	endfacet
	facet normal 0 0.38100349312435783 0.9245735980586065
		outer loop
			vertex 9.300000190734863 16.95738983154297 6.30259895324707
			vertex 9.300000190734863 17.7814998626709 5.9629950523376465
			vertex -0.5 16.95738983154297 6.30259895324707
		endloop
	endfacet
	facet normal 0 0.6400865220462396 -0.7683028337151626
		outer loop
			vertex -0.5 11.871370315551758 9.089909553527832
			vertex 9.300000190734863 11.18655014038086 8.519373893737793
			vertex -0.5 11.18655014038086 8.519373893737793
		endloop
	endfacet
	facet normal 0 0.6400865220462396 -0.7683028337151626
		outer loop
			vertex -0.5 11.871370315551758 9.089909553527832
			vertex 9.300000190734863 11.871370315551758 9.089909553527832
			vertex 9.300000190734863 11.18655014038086 8.519373893737793
		endloop
	endfacet
	facet normal 0 0.7468448923182845 -0.66499827580084
		outer loop
			vertex -0.5 12.464110374450684 9.755602836608887
			vertex 9.300000190734863 11.871370315551758 9.089909553527832
			vertex -0.5 11.871370315551758 9.089909553527832
		endloop
	endfacet
	facet normal 0 0.7468448923182845 -0.66499827580084
		outer loop
			vertex -0.5 12.464110374450684 9.755602836608887
			vertex 9.300000190734863 12.464110374450684 9.755602836608887
			vertex 9.300000190734863 11.871370315551758 9.089909553527832
		endloop
	endfacet
	facet normal 0 0.8371210864641535 -0.547017629146516
		outer loop
			vertex -0.5 12.951689720153809 10.501763343811035
			vertex 9.300000190734863 12.464110374450684 9.755602836608887
			vertex -0.5 12.464110374450684 9.755602836608887
		endloop
	endfacet
	facet normal 0 0.8371210864641535 -0.547017629146516
		outer loop
			vertex -0.5 12.951689720153809 10.501763343811035
			vertex 9.300000190734863 12.951689720153809 10.501763343811035
			vertex 9.300000190734863 12.464110374450684 9.755602836608887
		endloop
	endfacet
	facet normal 0 0.908920987705982 -0.4169683898182002
		outer loop
			vertex -0.5 13.323349952697754 11.311920166015625
			vertex 9.300000190734863 12.951689720153809 10.501763343811035
			vertex -0.5 12.951689720153809 10.501763343811035
		endloop
	endfacet
	facet normal 0 0.908920987705982 -0.4169683898182002
		outer loop
			vertex -0.5 13.323349952697754 11.311920166015625
			vertex 9.300000190734863 13.323349952697754 11.311920166015625
			vertex 9.300000190734863 12.951689720153809 10.501763343811035
		endloop
	endfacet
	facet normal 0 0.960666190174252 -0.27770572744559685
		outer loop
			vertex -0.5 13.570879936218262 12.16819953918457
			vertex 9.300000190734863 13.323349952697754 11.311920166015625
			vertex -0.5 13.323349952697754 11.311920166015625
		endloop
	endfacet
	facet normal 0 0.960666190174252 -0.27770572744559685
		outer loop
			vertex -0.5 13.570879936218262 12.16819953918457
			vertex 9.300000190734863 13.570879936218262 12.16819953918457
			vertex 9.300000190734863 13.323349952697754 11.311920166015625
		endloop
	endfacet
	facet normal 0 0.991205984032111 -0.13232799106362447
		outer loop
			vertex -0.5 13.688830375671387 13.05171012878418
			vertex 9.300000190734863 13.570879936218262 12.16819953918457
			vertex -0.5 13.570879936218262 12.16819953918457
		endloop
	endfacet
	facet normal 0 0.991205984032111 -0.13232799106362447
		outer loop
			vertex -0.5 13.688830375671387 13.05171012878418
			vertex 9.300000190734863 13.688830375671387 13.05171012878418
			vertex 9.300000190734863 13.570879936218262 12.16819953918457
		endloop
	endfacet
	facet normal 0 0.8660247211341588 0.5000011823831044
		outer loop
			vertex 9.300000190734863 11.562350273132324 6.4248199462890625
			vertex -0.5 11.562350273132324 6.4248199462890625
			vertex -0.5 10.979206085205078 7.434852123260498
		endloop
	endfacet
	facet normal 0 0.8660247211341588 0.5000011823831044
		outer loop
			vertex 9.300000190734863 10.979206085205078 7.434852123260498
			vertex 9.300000190734863 11.562350273132324 6.4248199462890625
			vertex -0.5 10.979206085205078 7.434852123260498
		endloop
	endfacet
	facet normal 0 0.13232799106362447 -0.991205984032111
		outer loop
			vertex -0.5 -10.16819953918457 -11.570879936218262
			vertex 9.300000190734863 -11.05171012878418 -11.688830375671387
			vertex -0.5 -11.05171012878418 -11.688830375671387
		endloop
	endfacet
	facet normal 0 0.13232799106362447 -0.991205984032111
		outer loop
			vertex -0.5 -10.16819953918457 -11.570879936218262
			vertex 9.300000190734863 -10.16819953918457 -11.570879936218262
			vertex 9.300000190734863 -11.05171012878418 -11.688830375671387
		endloop
	endfacet
	facet normal 0 0.27770572744559685 -0.960666190174252
		outer loop
			vertex -0.5 -9.311920166015625 -11.323349952697754
			vertex 9.300000190734863 -10.16819953918457 -11.570879936218262
			vertex -0.5 -10.16819953918457 -11.570879936218262
		endloop
	endfacet
	facet normal 0 0.27770572744559685 -0.960666190174252
		outer loop
			vertex -0.5 -9.311920166015625 -11.323349952697754
			vertex 9.300000190734863 -9.311920166015625 -11.323349952697754
			vertex 9.300000190734863 -10.16819953918457 -11.570879936218262
		endloop
	endfacet
	facet normal 0 0.4169683898182002 -0.908920987705982
		outer loop
			vertex -0.5 -8.501763343811035 -10.951689720153809
			vertex 9.300000190734863 -9.311920166015625 -11.323349952697754
			vertex -0.5 -9.311920166015625 -11.323349952697754
		endloop
	endfacet
	facet normal 0 0.4169683898182002 -0.908920987705982
		outer loop
			vertex -0.5 -8.501763343811035 -10.951689720153809
			vertex 9.300000190734863 -8.501763343811035 -10.951689720153809
			vertex 9.300000190734863 -9.311920166015625 -11.323349952697754
		endloop
	endfacet
	facet normal 0 0.547017629146516 -0.8371210864641535
		outer loop
			vertex -0.5 -7.755602836608887 -10.464110374450684
			vertex 9.300000190734863 -8.501763343811035 -10.951689720153809
			vertex -0.5 -8.501763343811035 -10.951689720153809
		endloop
	endfacet
	facet normal 0 0.547017629146516 -0.8371210864641535
		outer loop
			vertex -0.5 -7.755602836608887 -10.464110374450684
			vertex 9.300000190734863 -7.755602836608887 -10.464110374450684
			vertex 9.300000190734863 -8.501763343811035 -10.951689720153809
		endloop
	endfacet
	facet normal 0 0.66499827580084 -0.7468448923182845
		outer loop
			vertex -0.5 -7.089909553527832 -9.871370315551758
			vertex 9.300000190734863 -7.755602836608887 -10.464110374450684
			vertex -0.5 -7.755602836608887 -10.464110374450684
		endloop
	endfacet
	facet normal 0 0.66499827580084 -0.7468448923182845
		outer loop
			vertex -0.5 -7.089909553527832 -9.871370315551758
			vertex 9.300000190734863 -7.089909553527832 -9.871370315551758
			vertex 9.300000190734863 -7.755602836608887 -10.464110374450684
		endloop
	endfacet
	facet normal 0 0.7683028337151626 -0.6400865220462396
		outer loop
			vertex -0.5 -6.519373893737793 -9.18655014038086
			vertex 9.300000190734863 -7.089909553527832 -9.871370315551758
			vertex -0.5 -7.089909553527832 -9.871370315551758
		endloop
	endfacet
	facet normal 0 0.7683028337151626 -0.6400865220462396
		outer loop
			vertex -0.5 -6.519373893737793 -9.18655014038086
			vertex 9.300000190734863 -6.519373893737793 -9.18655014038086
			vertex 9.300000190734863 -7.089909553527832 -9.871370315551758
		endloop
	endfacet
	facet normal 0 -0.9984768483809306 0.05517230507495732
		outer loop
			vertex 9.300000190734863 -4.550405979156494 -12.314629554748535
			vertex -0.5 -4.550405979156494 -12.314629554748535
			vertex -0.5 -4.599583148956299 -13.204609870910645
		endloop
	endfacet
	facet normal 0 -0.9984768483809306 0.05517230507495732
		outer loop
			vertex 9.300000190734863 -4.599583148956299 -13.204609870910645
			vertex 9.300000190734863 -4.550405979156494 -12.314629554748535
			vertex -0.5 -4.599583148956299 -13.204609870910645
		endloop
	endfacet
	facet normal 0 -0.9956324765031707 -0.0933593687433848
		outer loop
			vertex -0.5 -4.5163679122924805 -14.092060089111328
			vertex 9.300000190734863 -4.599583148956299 -13.204609870910645
			vertex -0.5 -4.599583148956299 -13.204609870910645
		endloop
	endfacet
	facet normal 0 -0.9956324765031707 -0.0933593687433848
		outer loop
			vertex -0.5 -4.5163679122924805 -14.092060089111328
			vertex 9.300000190734863 -4.5163679122924805 -14.092060089111328
			vertex 9.300000190734863 -4.599583148956299 -13.204609870910645
		endloop
	endfacet
	facet normal 0 -0.9792859875297211 0.20248198593440117
		outer loop
			vertex 9.300000190734863 -4.369925022125244 -11.441749572753906
			vertex -0.5 -4.369925022125244 -11.441749572753906
			vertex -0.5 -4.550405979156494 -12.314629554748535
		endloop
	endfacet
	facet normal 0 -0.9792859875297211 0.20248198593440117
		outer loop
			vertex 9.300000190734863 -4.550405979156494 -12.314629554748535
			vertex 9.300000190734863 -4.369925022125244 -11.441749572753906
			vertex -0.5 -4.550405979156494 -12.314629554748535
		endloop
	endfacet
	facet normal 0 -0.9708154229005459 -0.23982788548964482
		outer loop
			vertex -0.5 -4.30259895324707 -14.957389831542969
			vertex 9.300000190734863 -4.5163679122924805 -14.092060089111328
			vertex -0.5 -4.5163679122924805 -14.092060089111328
		endloop
	endfacet
	facet normal 0 -0.9708154229005459 -0.23982788548964482
		outer loop
			vertex -0.5 -4.30259895324707 -14.957389831542969
			vertex 9.300000190734863 -4.30259895324707 -14.957389831542969
			vertex 9.300000190734863 -4.5163679122924805 -14.092060089111328
		endloop
	endfacet
	facet normal 0 -0.9384826739679607 0.3453263248898734
		outer loop
			vertex 9.300000190734863 -4.0621209144592285 -10.605239868164062
			vertex -0.5 -4.0621209144592285 -10.605239868164062
			vertex -0.5 -4.369925022125244 -11.441749572753906
		endloop
	endfacet
	facet normal 0 -0.9384826739679607 0.3453263248898734
		outer loop
			vertex 9.300000190734863 -4.369925022125244 -11.441749572753906
			vertex 9.300000190734863 -4.0621209144592285 -10.605239868164062
			vertex -0.5 -4.369925022125244 -11.441749572753906
		endloop
	endfacet
	facet normal 0 -0.9245735980586065 -0.38100349312435783
		outer loop
			vertex -0.5 -3.9629950523376465 -15.781499862670898
			vertex 9.300000190734863 -4.30259895324707 -14.957389831542969
			vertex -0.5 -4.30259895324707 -14.957389831542969
		endloop
	endfacet
	facet normal 0 -0.9245735980586065 -0.38100349312435783
		outer loop
			vertex -0.5 -3.9629950523376465 -15.781499862670898
			vertex 9.300000190734863 -3.9629950523376465 -15.781499862670898
			vertex 9.300000190734863 -4.30259895324707 -14.957389831542969
		endloop
	endfacet
	facet normal 0 -0.5000011823831044 -0.8660247211341588
		outer loop
			vertex -0.5 -4.4248199462890625 -9.562350273132324
			vertex 9.300000190734863 -5.434852123260498 -8.979206085205078
			vertex -0.5 -5.434852123260498 -8.979206085205078
		endloop
	endfacet
	facet normal 0 -0.5000011823831044 -0.8660247211341588
		outer loop
			vertex -0.5 -4.4248199462890625 -9.562350273132324
			vertex 9.300000190734863 -4.4248199462890625 -9.562350273132324
			vertex 9.300000190734863 -5.434852123260498 -8.979206085205078
		endloop
	endfacet
	facet normal 0 0.6102031495721761 -0.792244984996558
		outer loop
			vertex -0.5 -2.386507987976074 -15.470800399780273
			vertex 9.300000190734863 -3.0926690101623535 -16.014699935913086
			vertex -0.5 -3.0926690101623535 -16.014699935913086
		endloop
	endfacet
	facet normal 0 0.6102031495721761 -0.792244984996558
		outer loop
			vertex -0.5 -2.386507987976074 -15.470800399780273
			vertex 9.300000190734863 -2.386507987976074 -15.470800399780273
			vertex 9.300000190734863 -3.0926690101623535 -16.014699935913086
		endloop
	endfacet
	facet normal 0 0.7208360871874294 -0.6931055730610718
		outer loop
			vertex -0.5 -1.7687149047851562 -14.828289985656738
			vertex 9.300000190734863 -2.386507987976074 -15.470800399780273
			vertex -0.5 -2.386507987976074 -15.470800399780273
		endloop
	endfacet
	facet normal 0 0.7208360871874294 -0.6931055730610718
		outer loop
			vertex -0.5 -1.7687149047851562 -14.828289985656738
			vertex 9.300000190734863 -1.7687149047851562 -14.828289985656738
			vertex 9.300000190734863 -2.386507987976074 -15.470800399780273
		endloop
	endfacet
	facet normal 0 0.815561695316817 -0.5786701315360587
		outer loop
			vertex -0.5 -1.252924919128418 -14.101349830627441
			vertex 9.300000190734863 -1.7687149047851562 -14.828289985656738
			vertex -0.5 -1.7687149047851562 -14.828289985656738
		endloop
	endfacet
	facet normal 0 0.815561695316817 -0.5786701315360587
		outer loop
			vertex -0.5 -1.252924919128418 -14.101349830627441
			vertex 9.300000190734863 -1.252924919128418 -14.101349830627441
			vertex 9.300000190734863 -1.7687149047851562 -14.828289985656738
		endloop
	endfacet
	facet normal 0 0.8922925947844947 -0.45145755646877084
		outer loop
			vertex -0.5 -0.8505209684371948 -13.306010246276855
			vertex 9.300000190734863 -1.252924919128418 -14.101349830627441
			vertex -0.5 -1.252924919128418 -14.101349830627441
		endloop
	endfacet
	facet normal 0 0.8922925947844947 -0.45145755646877084
		outer loop
			vertex -0.5 -0.8505209684371948 -13.306010246276855
			vertex 9.300000190734863 -0.8505209684371948 -13.306010246276855
			vertex 9.300000190734863 -1.252924919128418 -14.101349830627441
		endloop
	endfacet
	facet normal 0 0.9493285495305308 -0.31428538789809923
		outer loop
			vertex -0.5 -0.5703840255737305 -12.459830284118652
			vertex 9.300000190734863 -0.8505209684371948 -13.306010246276855
			vertex -0.5 -0.8505209684371948 -13.306010246276855
		endloop
	endfacet
	facet normal 0 0.9493285495305308 -0.31428538789809923
		outer loop
			vertex -0.5 -0.5703840255737305 -12.459830284118652
			vertex 9.300000190734863 -0.5703840255737305 -12.459830284118652
			vertex 9.300000190734863 -0.8505209684371948 -13.306010246276855
		endloop
	endfacet
	facet normal 0 0.9854131304620161 -0.1701792064649784
		outer loop
			vertex -0.5 -0.4186960458755493 -11.581489562988281
			vertex 9.300000190734863 -0.5703840255737305 -12.459830284118652
			vertex -0.5 -0.5703840255737305 -12.459830284118652
		endloop
	endfacet
	facet normal 0 0.9854131304620161 -0.1701792064649784
		outer loop
			vertex -0.5 -0.4186960458755493 -11.581489562988281
			vertex 9.300000190734863 -0.4186960458755493 -11.581489562988281
			vertex 9.300000190734863 -0.5703840255737305 -12.459830284118652
		endloop
	endfacet
	facet normal 0 -0.9854131304620161 -0.1701792064649784
		outer loop
			vertex -0.5 2.5703840255737305 -12.459830284118652
			vertex 9.300000190734863 2.4186960458755493 -11.581489562988281
			vertex -0.5 2.4186960458755493 -11.581489562988281
		endloop
	endfacet
	facet normal 0 -0.9854131304620161 -0.1701792064649784
		outer loop
			vertex -0.5 2.5703840255737305 -12.459830284118652
			vertex 9.300000190734863 2.5703840255737305 -12.459830284118652
			vertex 9.300000190734863 2.4186960458755493 -11.581489562988281
		endloop
	endfacet
	facet normal 0 -0.9493285495305308 -0.31428538789809923
		outer loop
			vertex -0.5 2.850520968437195 -13.306010246276855
			vertex 9.300000190734863 2.5703840255737305 -12.459830284118652
			vertex -0.5 2.5703840255737305 -12.459830284118652
		endloop
	endfacet
	facet normal 0 -0.9493285495305308 -0.31428538789809923
		outer loop
			vertex -0.5 2.850520968437195 -13.306010246276855
			vertex 9.300000190734863 2.850520968437195 -13.306010246276855
			vertex 9.300000190734863 2.5703840255737305 -12.459830284118652
		endloop
	endfacet
	facet normal 0 -0.8922925947844947 -0.45145755646877084
		outer loop
			vertex -0.5 3.252924919128418 -14.101349830627441
			vertex 9.300000190734863 2.850520968437195 -13.306010246276855
			vertex -0.5 2.850520968437195 -13.306010246276855
		endloop
	endfacet
	facet normal 0 -0.8922925947844947 -0.45145755646877084
		outer loop
			vertex -0.5 3.252924919128418 -14.101349830627441
			vertex 9.300000190734863 3.252924919128418 -14.101349830627441
			vertex 9.300000190734863 2.850520968437195 -13.306010246276855
		endloop
	endfacet
	facet normal 0 -0.815561695316817 -0.5786701315360587
		outer loop
			vertex -0.5 3.7687149047851562 -14.828289985656738
			vertex 9.300000190734863 3.252924919128418 -14.101349830627441
			vertex -0.5 3.252924919128418 -14.101349830627441
		endloop
	endfacet
	facet normal 0 -0.815561695316817 -0.5786701315360587
		outer loop
			vertex -0.5 3.7687149047851562 -14.828289985656738
			vertex 9.300000190734863 3.7687149047851562 -14.828289985656738
			vertex 9.300000190734863 3.252924919128418 -14.101349830627441
		endloop
	endfacet
	facet normal 0 -0.7208360871874294 -0.6931055730610718
		outer loop
			vertex -0.5 4.386507987976074 -15.470800399780273
			vertex 9.300000190734863 3.7687149047851562 -14.828289985656738
			vertex -0.5 3.7687149047851562 -14.828289985656738
		endloop
	endfacet
	facet normal 0 -0.7208360871874294 -0.6931055730610718
		outer loop
			vertex -0.5 4.386507987976074 -15.470800399780273
			vertex 9.300000190734863 4.386507987976074 -15.470800399780273
			vertex 9.300000190734863 3.7687149047851562 -14.828289985656738
		endloop
	endfacet
	facet normal 0 -0.6102031495721761 -0.792244984996558
		outer loop
			vertex -0.5 5.0926690101623535 -16.014699935913086
			vertex 9.300000190734863 4.386507987976074 -15.470800399780273
			vertex -0.5 4.386507987976074 -15.470800399780273
		endloop
	endfacet
	facet normal 0 -0.6102031495721761 -0.792244984996558
		outer loop
			vertex -0.5 5.0926690101623535 -16.014699935913086
			vertex 9.300000190734863 5.0926690101623535 -16.014699935913086
			vertex 9.300000190734863 4.386507987976074 -15.470800399780273
		endloop
	endfacet
	facet normal 0 0 -1
		outer loop
			vertex -0.5 1.5831419825553894 -10.85966968536377
			vertex 9.300000190734863 0.4168580174446106 -10.85966968536377
			vertex -0.5 0.4168580174446106 -10.85966968536377
		endloop
	endfacet
	facet normal 0 0 -1
		outer loop
			vertex -0.5 1.5831419825553894 -10.85966968536377
			vertex 9.300000190734863 1.5831419825553894 -10.85966968536377
			vertex 9.300000190734863 0.4168580174446106 -10.85966968536377
		endloop
	endfacet
	facet normal 0 0.9245735980586065 -0.38100349312435783
		outer loop
			vertex -0.5 6.30259895324707 -14.957389831542969
			vertex 9.300000190734863 5.9629950523376465 -15.781499862670898
			vertex -0.5 5.9629950523376465 -15.781499862670898
		endloop
	endfacet
	facet normal 0 0.9245735980586065 -0.38100349312435783
		outer loop
			vertex -0.5 6.30259895324707 -14.957389831542969
			vertex 9.300000190734863 6.30259895324707 -14.957389831542969
			vertex 9.300000190734863 5.9629950523376465 -15.781499862670898
		endloop
	endfacet
	facet normal 0 0.9384826739679607 0.3453263248898734
		outer loop
			vertex 9.300000190734863 6.369925022125244 -11.441749572753906
			vertex -0.5 6.369925022125244 -11.441749572753906
			vertex -0.5 6.0621209144592285 -10.605239868164062
		endloop
	endfacet
	facet normal 0 0.9384826739679607 0.3453263248898734
		outer loop
			vertex 9.300000190734863 6.0621209144592285 -10.605239868164062
			vertex 9.300000190734863 6.369925022125244 -11.441749572753906
			vertex -0.5 6.0621209144592285 -10.605239868164062
		endloop
	endfacet
	facet normal 0 0.9708154229005459 -0.23982788548964482
		outer loop
			vertex -0.5 6.5163679122924805 -14.092060089111328
			vertex 9.300000190734863 6.30259895324707 -14.957389831542969
			vertex -0.5 6.30259895324707 -14.957389831542969
		endloop
	endfacet
	facet normal 0 0.9708154229005459 -0.23982788548964482
		outer loop
			vertex -0.5 6.5163679122924805 -14.092060089111328
			vertex 9.300000190734863 6.5163679122924805 -14.092060089111328
			vertex 9.300000190734863 6.30259895324707 -14.957389831542969
		endloop
	endfacet
	facet normal 0 0.9792859875297211 0.20248198593440117
		outer loop
			vertex 9.300000190734863 6.550405979156494 -12.314629554748535
			vertex -0.5 6.550405979156494 -12.314629554748535
			vertex -0.5 6.369925022125244 -11.441749572753906
		endloop
	endfacet
	facet normal 0 0.9792859875297211 0.20248198593440117
		outer loop
			vertex 9.300000190734863 6.369925022125244 -11.441749572753906
			vertex 9.300000190734863 6.550405979156494 -12.314629554748535
			vertex -0.5 6.369925022125244 -11.441749572753906
		endloop
	endfacet
	facet normal 0 0.9956324765031707 -0.0933593687433848
		outer loop
			vertex -0.5 6.599583148956299 -13.204609870910645
			vertex 9.300000190734863 6.5163679122924805 -14.092060089111328
			vertex -0.5 6.5163679122924805 -14.092060089111328
		endloop
	endfacet
	facet normal 0 0.9956324765031707 -0.0933593687433848
		outer loop
			vertex -0.5 6.599583148956299 -13.204609870910645
			vertex 9.300000190734863 6.599583148956299 -13.204609870910645
			vertex 9.300000190734863 6.5163679122924805 -14.092060089111328
		endloop
	endfacet
	facet normal 0 0.9984768483809306 0.05517230507495732
		outer loop
			vertex 9.300000190734863 6.599583148956299 -13.204609870910645
			vertex -0.5 6.599583148956299 -13.204609870910645
			vertex -0.5 6.550405979156494 -12.314629554748535
		endloop
	endfacet
	facet normal 0 0.9984768483809306 0.05517230507495732
		outer loop
			vertex 9.300000190734863 6.550405979156494 -12.314629554748535
			vertex 9.300000190734863 6.599583148956299 -13.204609870910645
			vertex -0.5 6.550405979156494 -12.314629554748535
		endloop
	endfacet
	facet normal 0 -0.7683028337151626 -0.6400865220462396
		outer loop
			vertex -0.5 9.089909553527832 -9.871370315551758
			vertex 9.300000190734863 8.519373893737793 -9.18655014038086
			vertex -0.5 8.519373893737793 -9.18655014038086
		endloop
	endfacet
	facet normal 0 -0.7683028337151626 -0.6400865220462396
		outer loop
			vertex -0.5 9.089909553527832 -9.871370315551758
			vertex 9.300000190734863 9.089909553527832 -9.871370315551758
			vertex 9.300000190734863 8.519373893737793 -9.18655014038086
		endloop
	endfacet
	facet normal 0 -0.66499827580084 -0.7468448923182845
		outer loop
			vertex -0.5 9.755602836608887 -10.464110374450684
			vertex 9.300000190734863 9.089909553527832 -9.871370315551758
			vertex -0.5 9.089909553527832 -9.871370315551758
		endloop
	endfacet
	facet normal 0 -0.66499827580084 -0.7468448923182845
		outer loop
			vertex -0.5 9.755602836608887 -10.464110374450684
			vertex 9.300000190734863 9.755602836608887 -10.464110374450684
			vertex 9.300000190734863 9.089909553527832 -9.871370315551758
		endloop
	endfacet
	facet normal 0 -0.547017629146516 -0.8371210864641535
		outer loop
			vertex -0.5 10.501763343811035 -10.951689720153809
			vertex 9.300000190734863 9.755602836608887 -10.464110374450684
			vertex -0.5 9.755602836608887 -10.464110374450684
		endloop
	endfacet
	facet normal 0 -0.547017629146516 -0.8371210864641535
		outer loop
			vertex -0.5 10.501763343811035 -10.951689720153809
			vertex 9.300000190734863 10.501763343811035 -10.951689720153809
			vertex 9.300000190734863 9.755602836608887 -10.464110374450684
		endloop
	endfacet
	facet normal 0 -0.4169683898182002 -0.908920987705982
		outer loop
			vertex -0.5 11.311920166015625 -11.323349952697754
			vertex 9.300000190734863 10.501763343811035 -10.951689720153809
			vertex -0.5 10.501763343811035 -10.951689720153809
		endloop
	endfacet
	facet normal 0 -0.4169683898182002 -0.908920987705982
		outer loop
			vertex -0.5 11.311920166015625 -11.323349952697754
			vertex 9.300000190734863 11.311920166015625 -11.323349952697754
			vertex 9.300000190734863 10.501763343811035 -10.951689720153809
		endloop
	endfacet
	facet normal 0 -0.27770572744559685 -0.960666190174252
		outer loop
			vertex -0.5 12.16819953918457 -11.570879936218262
			vertex 9.300000190734863 11.311920166015625 -11.323349952697754
			vertex -0.5 11.311920166015625 -11.323349952697754
		endloop
	endfacet
	facet normal 0 -0.27770572744559685 -0.960666190174252
		outer loop
			vertex -0.5 12.16819953918457 -11.570879936218262
			vertex 9.300000190734863 12.16819953918457 -11.570879936218262
			vertex 9.300000190734863 11.311920166015625 -11.323349952697754
		endloop
	endfacet
	facet normal 0 -0.13232799106362447 -0.991205984032111
		outer loop
			vertex -0.5 13.05171012878418 -11.688830375671387
			vertex 9.300000190734863 12.16819953918457 -11.570879936218262
			vertex -0.5 12.16819953918457 -11.570879936218262
		endloop
	endfacet
	facet normal 0 -0.13232799106362447 -0.991205984032111
		outer loop
			vertex -0.5 13.05171012878418 -11.688830375671387
			vertex 9.300000190734863 13.05171012878418 -11.688830375671387
			vertex 9.300000190734863 12.16819953918457 -11.570879936218262
		endloop
	endfacet
	facet normal 0 0.5000011823831044 -0.8660247211341588
		outer loop
			vertex -0.5 7.434852123260498 -8.979206085205078
			vertex 9.300000190734863 6.4248199462890625 -9.562350273132324
			vertex -0.5 6.4248199462890625 -9.562350273132324
		endloop
	endfacet
	facet normal 0 0.5000011823831044 -0.8660247211341588
		outer loop
			vertex -0.5 7.434852123260498 -8.979206085205078
			vertex 9.300000190734863 7.434852123260498 -8.979206085205078
			vertex 9.300000190734863 6.4248199462890625 -9.562350273132324
		endloop
	endfacet
	facet normal 0 -0.7683028337151626 0.6400865220462396
		outer loop
			vertex 9.300000190734863 9.089909553527832 11.871370315551758
			vertex -0.5 9.089909553527832 11.871370315551758
			vertex -0.5 8.519373893737793 11.18655014038086
		endloop
	endfacet
	facet normal 0 -0.7683028337151626 0.6400865220462396
		outer loop
			vertex 9.300000190734863 8.519373893737793 11.18655014038086
			vertex 9.300000190734863 9.089909553527832 11.871370315551758
			vertex -0.5 8.519373893737793 11.18655014038086
		endloop
	endfacet
	facet normal 0 -0.66499827580084 0.7468448923182845
		outer loop
			vertex 9.300000190734863 9.755602836608887 12.464110374450684
			vertex -0.5 9.755602836608887 12.464110374450684
			vertex -0.5 9.089909553527832 11.871370315551758
		endloop
	endfacet
	facet normal 0 -0.66499827580084 0.7468448923182845
		outer loop
			vertex 9.300000190734863 9.089909553527832 11.871370315551758
			vertex 9.300000190734863 9.755602836608887 12.464110374450684
			vertex -0.5 9.089909553527832 11.871370315551758
		endloop
	endfacet
	facet normal 0 -0.547017629146516 0.8371210864641535
		outer loop
			vertex 9.300000190734863 10.501763343811035 12.951689720153809
			vertex -0.5 10.501763343811035 12.951689720153809
			vertex -0.5 9.755602836608887 12.464110374450684
		endloop
	endfacet
	facet normal 0 -0.547017629146516 0.8371210864641535
		outer loop
			vertex 9.300000190734863 9.755602836608887 12.464110374450684
			vertex 9.300000190734863 10.501763343811035 12.951689720153809
			vertex -0.5 9.755602836608887 12.464110374450684
		endloop
	endfacet
	facet normal 0 -0.4169683898182002 0.908920987705982
		outer loop
			vertex 9.300000190734863 11.311920166015625 13.323349952697754
			vertex -0.5 11.311920166015625 13.323349952697754
			vertex -0.5 10.501763343811035 12.951689720153809
		endloop
	endfacet
	facet normal 0 -0.4169683898182002 0.908920987705982
		outer loop
			vertex 9.300000190734863 10.501763343811035 12.951689720153809
			vertex 9.300000190734863 11.311920166015625 13.323349952697754
			vertex -0.5 10.501763343811035 12.951689720153809
		endloop
	endfacet
	facet normal 0 -0.27770572744559685 0.960666190174252
		outer loop
			vertex 9.300000190734863 12.16819953918457 13.570879936218262
			vertex -0.5 12.16819953918457 13.570879936218262
			vertex -0.5 11.311920166015625 13.323349952697754
		endloop
	endfacet
	facet normal 0 -0.27770572744559685 0.960666190174252
		outer loop
			vertex 9.300000190734863 11.311920166015625 13.323349952697754
			vertex 9.300000190734863 12.16819953918457 13.570879936218262
			vertex -0.5 11.311920166015625 13.323349952697754
		endloop
	endfacet
	facet normal 0 -0.13232799106362447 0.991205984032111
		outer loop
			vertex 9.300000190734863 13.05171012878418 13.688830375671387
			vertex -0.5 13.05171012878418 13.688830375671387
			vertex -0.5 12.16819953918457 13.570879936218262
		endloop
	endfacet
	facet normal 0 -0.13232799106362447 0.991205984032111
		outer loop
			vertex 9.300000190734863 12.16819953918457 13.570879936218262
			vertex 9.300000190734863 13.05171012878418 13.688830375671387
			vertex -0.5 12.16819953918457 13.570879936218262
		endloop
	endfacet
	facet normal 0 0.9245735980586065 0.38100349312435783
		outer loop
			vertex 9.300000190734863 6.30259895324707 16.95738983154297
			vertex -0.5 6.30259895324707 16.95738983154297
			vertex -0.5 5.9629950523376465 17.7814998626709
		endloop
	endfacet
	facet normal 0 0.9245735980586065 0.38100349312435783
		outer loop
			vertex 9.300000190734863 5.9629950523376465 17.7814998626709
			vertex 9.300000190734863 6.30259895324707 16.95738983154297
			vertex -0.5 5.9629950523376465 17.7814998626709
		endloop
	endfacet
	facet normal 0 0.9384826739679607 -0.3453263248898734
		outer loop
			vertex -0.5 6.369925022125244 13.441749572753906
			vertex 9.300000190734863 6.0621209144592285 12.605239868164062
			vertex -0.5 6.0621209144592285 12.605239868164062
		endloop
	endfacet
	facet normal 0 0.9384826739679607 -0.3453263248898734
		outer loop
			vertex -0.5 6.369925022125244 13.441749572753906
			vertex 9.300000190734863 6.369925022125244 13.441749572753906
			vertex 9.300000190734863 6.0621209144592285 12.605239868164062
		endloop
	endfacet
	facet normal 0 0.9708154229005459 0.23982788548964482
		outer loop
			vertex 9.300000190734863 6.5163679122924805 16.092060089111328
			vertex -0.5 6.5163679122924805 16.092060089111328
			vertex -0.5 6.30259895324707 16.95738983154297
		endloop
	endfacet
	facet normal 0 0.9708154229005459 0.23982788548964482
		outer loop
			vertex 9.300000190734863 6.30259895324707 16.95738983154297
			vertex 9.300000190734863 6.5163679122924805 16.092060089111328
			vertex -0.5 6.30259895324707 16.95738983154297
		endloop
	endfacet
	facet normal 0 0.9792859875297211 -0.20248198593440117
		outer loop
			vertex -0.5 6.550405979156494 14.314629554748535
			vertex 9.300000190734863 6.369925022125244 13.441749572753906
			vertex -0.5 6.369925022125244 13.441749572753906
		endloop
	endfacet
	facet normal 0 0.9792859875297211 -0.20248198593440117
		outer loop
			vertex -0.5 6.550405979156494 14.314629554748535
			vertex 9.300000190734863 6.550405979156494 14.314629554748535
			vertex 9.300000190734863 6.369925022125244 13.441749572753906
		endloop
	endfacet
	facet normal 0 0.9956324765031707 0.0933593687433848
		outer loop
			vertex 9.300000190734863 6.599583148956299 15.204609870910645
			vertex -0.5 6.599583148956299 15.204609870910645
			vertex -0.5 6.5163679122924805 16.092060089111328
		endloop
	endfacet
	facet normal 0 0.9956324765031707 0.0933593687433848
		outer loop
			vertex 9.300000190734863 6.5163679122924805 16.092060089111328
			vertex 9.300000190734863 6.599583148956299 15.204609870910645
			vertex -0.5 6.5163679122924805 16.092060089111328
		endloop
	endfacet
	facet normal 0 0.9984768483809306 -0.05517230507495732
		outer loop
			vertex -0.5 6.599583148956299 15.204609870910645
			vertex 9.300000190734863 6.550405979156494 14.314629554748535
			vertex -0.5 6.550405979156494 14.314629554748535
		endloop
	endfacet
	facet normal 0 0.9984768483809306 -0.05517230507495732
		outer loop
			vertex -0.5 6.599583148956299 15.204609870910645
			vertex 9.300000190734863 6.599583148956299 15.204609870910645
			vertex 9.300000190734863 6.550405979156494 14.314629554748535
		endloop
	endfacet
	facet normal 0 0.5000011823831044 0.8660247211341588
		outer loop
			vertex 9.300000190734863 7.434852123260498 10.979206085205078
			vertex -0.5 7.434852123260498 10.979206085205078
			vertex -0.5 6.4248199462890625 11.562350273132324
		endloop
	endfacet
	facet normal 0 0.5000011823831044 0.8660247211341588
		outer loop
			vertex 9.300000190734863 6.4248199462890625 11.562350273132324
			vertex 9.300000190734863 7.434852123260498 10.979206085205078
			vertex -0.5 6.4248199462890625 11.562350273132324
		endloop
	endfacet
	facet normal 0 -0.9854131304620161 0.1701792064649784
		outer loop
			vertex 9.300000190734863 2.5703840255737305 14.459830284118652
			vertex -0.5 2.5703840255737305 14.459830284118652
			vertex -0.5 2.4186960458755493 13.581489562988281
		endloop
	endfacet
	facet normal 0 -0.9854131304620161 0.1701792064649784
		outer loop
			vertex 9.300000190734863 2.4186960458755493 13.581489562988281
			vertex 9.300000190734863 2.5703840255737305 14.459830284118652
			vertex -0.5 2.4186960458755493 13.581489562988281
		endloop
	endfacet
	facet normal 0 -0.9493285495305308 0.31428538789809923
		outer loop
			vertex 9.300000190734863 2.850520968437195 15.306010246276855
			vertex -0.5 2.850520968437195 15.306010246276855
			vertex -0.5 2.5703840255737305 14.459830284118652
		endloop
	endfacet
	facet normal 0 -0.9493285495305308 0.31428538789809923
		outer loop
			vertex 9.300000190734863 2.5703840255737305 14.459830284118652
			vertex 9.300000190734863 2.850520968437195 15.306010246276855
			vertex -0.5 2.5703840255737305 14.459830284118652
		endloop
	endfacet
	facet normal 0 -0.8922925947844947 0.45145755646877084
		outer loop
			vertex 9.300000190734863 3.252924919128418 16.10134983062744
			vertex -0.5 3.252924919128418 16.10134983062744
			vertex -0.5 2.850520968437195 15.306010246276855
		endloop
	endfacet
	facet normal 0 -0.8922925947844947 0.45145755646877084
		outer loop
			vertex 9.300000190734863 2.850520968437195 15.306010246276855
			vertex 9.300000190734863 3.252924919128418 16.10134983062744
			vertex -0.5 2.850520968437195 15.306010246276855
		endloop
	endfacet
	facet normal 0 -0.815561695316817 0.5786701315360587
		outer loop
			vertex 9.300000190734863 3.7687149047851562 16.82828998565674
			vertex -0.5 3.7687149047851562 16.82828998565674
			vertex -0.5 3.252924919128418 16.10134983062744
		endloop
	endfacet
	facet normal 0 -0.815561695316817 0.5786701315360587
		outer loop
			vertex 9.300000190734863 3.252924919128418 16.10134983062744
			vertex 9.300000190734863 3.7687149047851562 16.82828998565674
			vertex -0.5 3.252924919128418 16.10134983062744
		endloop
	endfacet
	facet normal 0 -0.7208360871874294 0.6931055730610718
		outer loop
			vertex 9.300000190734863 4.386507987976074 17.470800399780273
			vertex -0.5 4.386507987976074 17.470800399780273
			vertex -0.5 3.7687149047851562 16.82828998565674
		endloop
	endfacet
	facet normal 0 -0.7208360871874294 0.6931055730610718
		outer loop
			vertex 9.300000190734863 3.7687149047851562 16.82828998565674
			vertex 9.300000190734863 4.386507987976074 17.470800399780273
			vertex -0.5 3.7687149047851562 16.82828998565674
		endloop
	endfacet
	facet normal 0 -0.6102031495721761 0.792244984996558
		outer loop
			vertex 9.300000190734863 5.0926690101623535 18.014699935913086
			vertex -0.5 5.0926690101623535 18.014699935913086
			vertex -0.5 4.386507987976074 17.470800399780273
		endloop
	endfacet
	facet normal 0 -0.6102031495721761 0.792244984996558
		outer loop
			vertex 9.300000190734863 4.386507987976074 17.470800399780273
			vertex 9.300000190734863 5.0926690101623535 18.014699935913086
			vertex -0.5 4.386507987976074 17.470800399780273
		endloop
	endfacet
	facet normal 0 0.6102031495721761 0.792244984996558
		outer loop
			vertex 9.300000190734863 -2.386507987976074 17.470800399780273
			vertex -0.5 -2.386507987976074 17.470800399780273
			vertex -0.5 -3.0926690101623535 18.014699935913086
		endloop
	endfacet
	facet normal 0 0.6102031495721761 0.792244984996558
		outer loop
			vertex 9.300000190734863 -3.0926690101623535 18.014699935913086
			vertex 9.300000190734863 -2.386507987976074 17.470800399780273
			vertex -0.5 -3.0926690101623535 18.014699935913086
		endloop
	endfacet
	facet normal 0 0.7208360871874294 0.6931055730610718
		outer loop
			vertex 9.300000190734863 -1.7687149047851562 16.82828998565674
			vertex -0.5 -1.7687149047851562 16.82828998565674
			vertex -0.5 -2.386507987976074 17.470800399780273
		endloop
	endfacet
	facet normal 0 0.7208360871874294 0.6931055730610718
		outer loop
			vertex 9.300000190734863 -2.386507987976074 17.470800399780273
			vertex 9.300000190734863 -1.7687149047851562 16.82828998565674
			vertex -0.5 -2.386507987976074 17.470800399780273
		endloop
	endfacet
	facet normal 0 0.815561695316817 0.5786701315360587
		outer loop
			vertex 9.300000190734863 -1.252924919128418 16.10134983062744
			vertex -0.5 -1.252924919128418 16.10134983062744
			vertex -0.5 -1.7687149047851562 16.82828998565674
		endloop
	endfacet
	facet normal 0 0.815561695316817 0.5786701315360587
		outer loop
			vertex 9.300000190734863 -1.7687149047851562 16.82828998565674
			vertex 9.300000190734863 -1.252924919128418 16.10134983062744
			vertex -0.5 -1.7687149047851562 16.82828998565674
		endloop
	endfacet
	facet normal 0 0.8922925947844947 0.45145755646877084
		outer loop
			vertex 9.300000190734863 -0.8505209684371948 15.306010246276855
			vertex -0.5 -0.8505209684371948 15.306010246276855
			vertex -0.5 -1.252924919128418 16.10134983062744
		endloop
	endfacet
	facet normal 0 0.8922925947844947 0.45145755646877084
		outer loop
			vertex 9.300000190734863 -1.252924919128418 16.10134983062744
			vertex 9.300000190734863 -0.8505209684371948 15.306010246276855
			vertex -0.5 -1.252924919128418 16.10134983062744
		endloop
	endfacet
	facet normal 0 0.9493285495305308 0.31428538789809923
		outer loop
			vertex 9.300000190734863 -0.5703840255737305 14.459830284118652
			vertex -0.5 -0.5703840255737305 14.459830284118652
			vertex -0.5 -0.8505209684371948 15.306010246276855
		endloop
	endfacet
	facet normal 0 0.9493285495305308 0.31428538789809923
		outer loop
			vertex 9.300000190734863 -0.8505209684371948 15.306010246276855
			vertex 9.300000190734863 -0.5703840255737305 14.459830284118652
			vertex -0.5 -0.8505209684371948 15.306010246276855
		endloop
	endfacet
	facet normal 0 0.9854131304620161 0.1701792064649784
		outer loop
			vertex 9.300000190734863 -0.4186960458755493 13.581489562988281
			vertex -0.5 -0.4186960458755493 13.581489562988281
			vertex -0.5 -0.5703840255737305 14.459830284118652
		endloop
	endfacet
	facet normal 0 0.9854131304620161 0.1701792064649784
		outer loop
			vertex 9.300000190734863 -0.5703840255737305 14.459830284118652
			vertex 9.300000190734863 -0.4186960458755493 13.581489562988281
			vertex -0.5 -0.5703840255737305 14.459830284118652
		endloop
	endfacet
	facet normal 0 0 1
		outer loop
			vertex 9.300000190734863 1.5831419825553894 12.85966968536377
			vertex -0.5 1.5831419825553894 12.85966968536377
			vertex -0.5 0.4168580174446106 12.85966968536377
		endloop
	endfacet
	facet normal 0 0 1
		outer loop
			vertex 9.300000190734863 0.4168580174446106 12.85966968536377
			vertex 9.300000190734863 1.5831419825553894 12.85966968536377
			vertex -0.5 0.4168580174446106 12.85966968536377
		endloop
	endfacet
	facet normal 0 -0.9956324765031707 0.0933593687433848
		outer loop
			vertex 9.300000190734863 -4.5163679122924805 16.092060089111328
			vertex -0.5 -4.5163679122924805 16.092060089111328
			vertex -0.5 -4.599583148956299 15.204609870910645
		endloop
	endfacet
	facet normal 0 -0.9956324765031707 0.0933593687433848
		outer loop
			vertex 9.300000190734863 -4.599583148956299 15.204609870910645
			vertex 9.300000190734863 -4.5163679122924805 16.092060089111328
			vertex -0.5 -4.599583148956299 15.204609870910645
		endloop
	endfacet
	facet normal 0 -0.9984768483809306 -0.05517230507495732
		outer loop
			vertex -0.5 -4.550405979156494 14.314629554748535
			vertex 9.300000190734863 -4.599583148956299 15.204609870910645
			vertex -0.5 -4.599583148956299 15.204609870910645
		endloop
	endfacet
	facet normal 0 -0.9984768483809306 -0.05517230507495732
		outer loop
			vertex -0.5 -4.550405979156494 14.314629554748535
			vertex 9.300000190734863 -4.550405979156494 14.314629554748535
			vertex 9.300000190734863 -4.599583148956299 15.204609870910645
		endloop
	endfacet
	facet normal 0 -0.9792859875297211 -0.20248198593440117
		outer loop
			vertex -0.5 -4.369925022125244 13.441749572753906
			vertex 9.300000190734863 -4.550405979156494 14.314629554748535
			vertex -0.5 -4.550405979156494 14.314629554748535
		endloop
	endfacet
	facet normal 0 -0.9792859875297211 -0.20248198593440117
		outer loop
			vertex -0.5 -4.369925022125244 13.441749572753906
			vertex 9.300000190734863 -4.369925022125244 13.441749572753906
			vertex 9.300000190734863 -4.550405979156494 14.314629554748535
		endloop
	endfacet
	facet normal 0 -0.9708154229005459 0.23982788548964482
		outer loop
			vertex 9.300000190734863 -4.30259895324707 16.95738983154297
			vertex -0.5 -4.30259895324707 16.95738983154297
			vertex -0.5 -4.5163679122924805 16.092060089111328
		endloop
	endfacet
	facet normal 0 -0.9708154229005459 0.23982788548964482
		outer loop
			vertex 9.300000190734863 -4.5163679122924805 16.092060089111328
			vertex 9.300000190734863 -4.30259895324707 16.95738983154297
			vertex -0.5 -4.5163679122924805 16.092060089111328
		endloop
	endfacet
	facet normal 0 -0.9384826739679607 -0.3453263248898734
		outer loop
			vertex -0.5 -4.0621209144592285 12.605239868164062
			vertex 9.300000190734863 -4.369925022125244 13.441749572753906
			vertex -0.5 -4.369925022125244 13.441749572753906
		endloop
	endfacet
	facet normal 0 -0.9384826739679607 -0.3453263248898734
		outer loop
			vertex -0.5 -4.0621209144592285 12.605239868164062
			vertex 9.300000190734863 -4.0621209144592285 12.605239868164062
			vertex 9.300000190734863 -4.369925022125244 13.441749572753906
		endloop
	endfacet
	facet normal 0 -0.9245735980586065 0.38100349312435783
		outer loop
			vertex 9.300000190734863 -3.9629950523376465 17.7814998626709
			vertex -0.5 -3.9629950523376465 17.7814998626709
			vertex -0.5 -4.30259895324707 16.95738983154297
		endloop
	endfacet
	facet normal 0 -0.9245735980586065 0.38100349312435783
		outer loop
			vertex 9.300000190734863 -4.30259895324707 16.95738983154297
			vertex 9.300000190734863 -3.9629950523376465 17.7814998626709
			vertex -0.5 -4.30259895324707 16.95738983154297
		endloop
	endfacet
	facet normal 0 0.13232799106362447 0.991205984032111
		outer loop
			vertex 9.300000190734863 -10.16819953918457 13.570879936218262
			vertex -0.5 -10.16819953918457 13.570879936218262
			vertex -0.5 -11.05171012878418 13.688830375671387
		endloop
	endfacet
	facet normal 0 0.13232799106362447 0.991205984032111
		outer loop
			vertex 9.300000190734863 -11.05171012878418 13.688830375671387
			vertex 9.300000190734863 -10.16819953918457 13.570879936218262
			vertex -0.5 -11.05171012878418 13.688830375671387
		endloop
	endfacet
	facet normal 0 0.27770572744559685 0.960666190174252
		outer loop
			vertex 9.300000190734863 -9.311920166015625 13.323349952697754
			vertex -0.5 -9.311920166015625 13.323349952697754
			vertex -0.5 -10.16819953918457 13.570879936218262
		endloop
	endfacet
	facet normal 0 0.27770572744559685 0.960666190174252
		outer loop
			vertex 9.300000190734863 -10.16819953918457 13.570879936218262
			vertex 9.300000190734863 -9.311920166015625 13.323349952697754
			vertex -0.5 -10.16819953918457 13.570879936218262
		endloop
	endfacet
	facet normal 0 0.4169683898182002 0.908920987705982
		outer loop
			vertex 9.300000190734863 -8.501763343811035 12.951689720153809
			vertex -0.5 -8.501763343811035 12.951689720153809
			vertex -0.5 -9.311920166015625 13.323349952697754
		endloop
	endfacet
	facet normal 0 0.4169683898182002 0.908920987705982
		outer loop
			vertex 9.300000190734863 -9.311920166015625 13.323349952697754
			vertex 9.300000190734863 -8.501763343811035 12.951689720153809
			vertex -0.5 -9.311920166015625 13.323349952697754
		endloop
	endfacet
	facet normal 0 0.547017629146516 0.8371210864641535
		outer loop
			vertex 9.300000190734863 -7.755602836608887 12.464110374450684
			vertex -0.5 -7.755602836608887 12.464110374450684
			vertex -0.5 -8.501763343811035 12.951689720153809
		endloop
	endfacet
	facet normal 0 0.547017629146516 0.8371210864641535
		outer loop
			vertex 9.300000190734863 -8.501763343811035 12.951689720153809
			vertex 9.300000190734863 -7.755602836608887 12.464110374450684
			vertex -0.5 -8.501763343811035 12.951689720153809
		endloop
	endfacet
	facet normal 0 0.66499827580084 0.7468448923182845
		outer loop
			vertex 9.300000190734863 -7.089909553527832 11.871370315551758
			vertex -0.5 -7.089909553527832 11.871370315551758
			vertex -0.5 -7.755602836608887 12.464110374450684
		endloop
	endfacet
	facet normal 0 0.66499827580084 0.7468448923182845
		outer loop
			vertex 9.300000190734863 -7.755602836608887 12.464110374450684
			vertex 9.300000190734863 -7.089909553527832 11.871370315551758
			vertex -0.5 -7.755602836608887 12.464110374450684
		endloop
	endfacet
	facet normal 0 0.7683028337151626 0.6400865220462396
		outer loop
			vertex 9.300000190734863 -6.519373893737793 11.18655014038086
			vertex -0.5 -6.519373893737793 11.18655014038086
			vertex -0.5 -7.089909553527832 11.871370315551758
		endloop
	endfacet
	facet normal 0 0.7683028337151626 0.6400865220462396
		outer loop
			vertex 9.300000190734863 -7.089909553527832 11.871370315551758
			vertex 9.300000190734863 -6.519373893737793 11.18655014038086
			vertex -0.5 -7.089909553527832 11.871370315551758
		endloop
	endfacet
	facet normal 0 -0.5000011823831044 0.8660247211341588
		outer loop
			vertex 9.300000190734863 -4.4248199462890625 11.562350273132324
			vertex -0.5 -4.4248199462890625 11.562350273132324
			vertex -0.5 -5.434852123260498 10.979206085205078
		endloop
	endfacet
	facet normal 0 -0.5000011823831044 0.8660247211341588
		outer loop
			vertex 9.300000190734863 -5.434852123260498 10.979206085205078
			vertex 9.300000190734863 -4.4248199462890625 11.562350273132324
			vertex -0.5 -5.434852123260498 10.979206085205078
		endloop
	endfacet
	facet normal 0 -0.991205984032111 -0.13232799106362447
		outer loop
			vertex -0.5 -11.570879936218262 12.16819953918457
			vertex 9.300000190734863 -11.688830375671387 13.05171012878418
			vertex -0.5 -11.688830375671387 13.05171012878418
		endloop
	endfacet
	facet normal 0 -0.991205984032111 -0.13232799106362447
		outer loop
			vertex -0.5 -11.570879936218262 12.16819953918457
			vertex 9.300000190734863 -11.570879936218262 12.16819953918457
			vertex 9.300000190734863 -11.688830375671387 13.05171012878418
		endloop
	endfacet
	facet normal 0 -0.960666190174252 -0.27770572744559685
		outer loop
			vertex -0.5 -11.323349952697754 11.311920166015625
			vertex 9.300000190734863 -11.570879936218262 12.16819953918457
			vertex -0.5 -11.570879936218262 12.16819953918457
		endloop
	endfacet
	facet normal 0 -0.960666190174252 -0.27770572744559685
		outer loop
			vertex -0.5 -11.323349952697754 11.311920166015625
			vertex 9.300000190734863 -11.323349952697754 11.311920166015625
			vertex 9.300000190734863 -11.570879936218262 12.16819953918457
		endloop
	endfacet
	facet normal 0 -0.908920987705982 -0.4169683898182002
		outer loop
			vertex -0.5 -10.951689720153809 10.501763343811035
			vertex 9.300000190734863 -11.323349952697754 11.311920166015625
			vertex -0.5 -11.323349952697754 11.311920166015625
		endloop
	endfacet
	facet normal 0 -0.908920987705982 -0.4169683898182002
		outer loop
			vertex -0.5 -10.951689720153809 10.501763343811035
			vertex 9.300000190734863 -10.951689720153809 10.501763343811035
			vertex 9.300000190734863 -11.323349952697754 11.311920166015625
		endloop
	endfacet
	facet normal 0 -0.8371210864641535 -0.547017629146516
		outer loop
			vertex -0.5 -10.464110374450684 9.755602836608887
			vertex 9.300000190734863 -10.951689720153809 10.501763343811035
			vertex -0.5 -10.951689720153809 10.501763343811035
		endloop
	endfacet
	facet normal 0 -0.8371210864641535 -0.547017629146516
		outer loop
			vertex -0.5 -10.464110374450684 9.755602836608887
			vertex 9.300000190734863 -10.464110374450684 9.755602836608887
			vertex 9.300000190734863 -10.951689720153809 10.501763343811035
		endloop
	endfacet
	facet normal 0 -0.7468448923182845 -0.66499827580084
		outer loop
			vertex -0.5 -9.871370315551758 9.089909553527832
			vertex 9.300000190734863 -10.464110374450684 9.755602836608887
			vertex -0.5 -10.464110374450684 9.755602836608887
		endloop
	endfacet
	facet normal 0 -0.7468448923182845 -0.66499827580084
		outer loop
			vertex -0.5 -9.871370315551758 9.089909553527832
			vertex 9.300000190734863 -9.871370315551758 9.089909553527832
			vertex 9.300000190734863 -10.464110374450684 9.755602836608887
		endloop
	endfacet
	facet normal 0 -0.6400865220462396 -0.7683028337151626
		outer loop
			vertex -0.5 -9.18655014038086 8.519373893737793
			vertex 9.300000190734863 -9.871370315551758 9.089909553527832
			vertex -0.5 -9.871370315551758 9.089909553527832
		endloop
	endfacet
	facet normal 0 -0.6400865220462396 -0.7683028337151626
		outer loop
			vertex -0.5 -9.18655014038086 8.519373893737793
			vertex 9.300000190734863 -9.18655014038086 8.519373893737793
			vertex 9.300000190734863 -9.871370315551758 9.089909553527832
		endloop
	endfacet
	facet normal 0 -0.38100349312435783 0.9245735980586065
		outer loop
			vertex 9.300000190734863 -14.957389831542969 6.30259895324707
			vertex -0.5 -14.957389831542969 6.30259895324707
			vertex -0.5 -15.781499862670898 5.9629950523376465
		endloop
	endfacet
	facet normal 0 -0.38100349312435783 0.9245735980586065
		outer loop
			vertex 9.300000190734863 -15.781499862670898 5.9629950523376465
			vertex 9.300000190734863 -14.957389831542969 6.30259895324707
			vertex -0.5 -15.781499862670898 5.9629950523376465
		endloop
	endfacet
	facet normal 0 -0.23982788548964482 0.9708154229005459
		outer loop
			vertex 9.300000190734863 -14.092060089111328 6.5163679122924805
			vertex -0.5 -14.092060089111328 6.5163679122924805
			vertex -0.5 -14.957389831542969 6.30259895324707
		endloop
	endfacet
	facet normal 0 -0.23982788548964482 0.9708154229005459
		outer loop
			vertex 9.300000190734863 -14.957389831542969 6.30259895324707
			vertex 9.300000190734863 -14.092060089111328 6.5163679122924805
			vertex -0.5 -14.957389831542969 6.30259895324707
		endloop
	endfacet
	facet normal 0 -0.0933593687433848 0.9956324765031707
		outer loop
			vertex 9.300000190734863 -13.204609870910645 6.599583148956299
			vertex -0.5 -13.204609870910645 6.599583148956299
			vertex -0.5 -14.092060089111328 6.5163679122924805
		endloop
	endfacet
	facet normal 0 -0.0933593687433848 0.9956324765031707
		outer loop
			vertex 9.300000190734863 -14.092060089111328 6.5163679122924805
			vertex 9.300000190734863 -13.204609870910645 6.599583148956299
			vertex -0.5 -14.092060089111328 6.5163679122924805
		endloop
	endfacet
	facet normal 0 0.05517230507495732 0.9984768483809306
		outer loop
			vertex 9.300000190734863 -12.314629554748535 6.550405979156494
			vertex -0.5 -12.314629554748535 6.550405979156494
			vertex -0.5 -13.204609870910645 6.599583148956299
		endloop
	endfacet
	facet normal 0 0.05517230507495732 0.9984768483809306
		outer loop
			vertex 9.300000190734863 -13.204609870910645 6.599583148956299
			vertex 9.300000190734863 -12.314629554748535 6.550405979156494
			vertex -0.5 -13.204609870910645 6.599583148956299
		endloop
	endfacet
	facet normal 0 0.20248198593440117 0.9792859875297211
		outer loop
			vertex 9.300000190734863 -11.441749572753906 6.369925022125244
			vertex -0.5 -11.441749572753906 6.369925022125244
			vertex -0.5 -12.314629554748535 6.550405979156494
		endloop
	endfacet
	facet normal 0 0.20248198593440117 0.9792859875297211
		outer loop
			vertex 9.300000190734863 -12.314629554748535 6.550405979156494
			vertex 9.300000190734863 -11.441749572753906 6.369925022125244
			vertex -0.5 -12.314629554748535 6.550405979156494
		endloop
	endfacet
	facet normal 0 0.3453263248898734 0.9384826739679607
		outer loop
			vertex 9.300000190734863 -10.605239868164062 6.0621209144592285
			vertex -0.5 -10.605239868164062 6.0621209144592285
			vertex -0.5 -11.441749572753906 6.369925022125244
		endloop
	endfacet
	facet normal 0 0.3453263248898734 0.9384826739679607
		outer loop
			vertex 9.300000190734863 -11.441749572753906 6.369925022125244
			vertex 9.300000190734863 -10.605239868164062 6.0621209144592285
			vertex -0.5 -11.441749572753906 6.369925022125244
		endloop
	endfacet
	facet normal 0 -0.8660247211341588 0.5000011823831044
		outer loop
			vertex 9.300000190734863 -8.979206085205078 7.434852123260498
			vertex -0.5 -8.979206085205078 7.434852123260498
			vertex -0.5 -9.562350273132324 6.4248199462890625
		endloop
	endfacet
	facet normal 0 -0.8660247211341588 0.5000011823831044
		outer loop
			vertex 9.300000190734863 -9.562350273132324 6.4248199462890625
			vertex 9.300000190734863 -8.979206085205078 7.434852123260498
			vertex -0.5 -9.562350273132324 6.4248199462890625
		endloop
	endfacet
	facet normal 0 -0.792244984996558 -0.6102031495721761
		outer loop
			vertex -0.5 -15.470800399780273 4.386507987976074
			vertex 9.300000190734863 -16.014699935913086 5.0926690101623535
			vertex -0.5 -16.014699935913086 5.0926690101623535
		endloop
	endfacet
	facet normal 0 -0.792244984996558 -0.6102031495721761
		outer loop
			vertex -0.5 -15.470800399780273 4.386507987976074
			vertex 9.300000190734863 -15.470800399780273 4.386507987976074
			vertex 9.300000190734863 -16.014699935913086 5.0926690101623535
		endloop
	endfacet
	facet normal 0 -0.6931055730610718 -0.7208360871874294
		outer loop
			vertex -0.5 -14.828289985656738 3.7687149047851562
			vertex 9.300000190734863 -15.470800399780273 4.386507987976074
			vertex -0.5 -15.470800399780273 4.386507987976074
		endloop
	endfacet
	facet normal 0 -0.6931055730610718 -0.7208360871874294
		outer loop
			vertex -0.5 -14.828289985656738 3.7687149047851562
			vertex 9.300000190734863 -14.828289985656738 3.7687149047851562
			vertex 9.300000190734863 -15.470800399780273 4.386507987976074
		endloop
	endfacet
	facet normal 0 -0.5786701315360587 -0.815561695316817
		outer loop
			vertex -0.5 -14.101349830627441 3.252924919128418
			vertex 9.300000190734863 -14.828289985656738 3.7687149047851562
			vertex -0.5 -14.828289985656738 3.7687149047851562
		endloop
	endfacet
	facet normal 0 -0.5786701315360587 -0.815561695316817
		outer loop
			vertex -0.5 -14.101349830627441 3.252924919128418
			vertex 9.300000190734863 -14.101349830627441 3.252924919128418
			vertex 9.300000190734863 -14.828289985656738 3.7687149047851562
		endloop
	endfacet
	facet normal 0 -0.45145755646877084 -0.8922925947844947
		outer loop
			vertex -0.5 -13.306010246276855 2.850520968437195
			vertex 9.300000190734863 -14.101349830627441 3.252924919128418
			vertex -0.5 -14.101349830627441 3.252924919128418
		endloop
	endfacet
	facet normal 0 -0.45145755646877084 -0.8922925947844947
		outer loop
			vertex -0.5 -13.306010246276855 2.850520968437195
			vertex 9.300000190734863 -13.306010246276855 2.850520968437195
			vertex 9.300000190734863 -14.101349830627441 3.252924919128418
		endloop
	endfacet
	facet normal 0 -0.31428538789809923 -0.9493285495305308
		outer loop
			vertex -0.5 -12.459830284118652 2.5703840255737305
			vertex 9.300000190734863 -13.306010246276855 2.850520968437195
			vertex -0.5 -13.306010246276855 2.850520968437195
		endloop
	endfacet
	facet normal 0 -0.31428538789809923 -0.9493285495305308
		outer loop
			vertex -0.5 -12.459830284118652 2.5703840255737305
			vertex 9.300000190734863 -12.459830284118652 2.5703840255737305
			vertex 9.300000190734863 -13.306010246276855 2.850520968437195
		endloop
	endfacet
	facet normal 0 -0.1701792064649784 -0.9854131304620161
		outer loop
			vertex -0.5 -11.581489562988281 2.4186960458755493
			vertex 9.300000190734863 -12.459830284118652 2.5703840255737305
			vertex -0.5 -12.459830284118652 2.5703840255737305
		endloop
	endfacet
	facet normal 0 -0.1701792064649784 -0.9854131304620161
		outer loop
			vertex -0.5 -11.581489562988281 2.4186960458755493
			vertex 9.300000190734863 -11.581489562988281 2.4186960458755493
			vertex 9.300000190734863 -12.459830284118652 2.5703840255737305
		endloop
	endfacet
	facet normal 0 -0.792244984996558 0.6102031495721761
		outer loop
			vertex 9.300000190734863 -15.470800399780273 -2.386507987976074
			vertex -0.5 -15.470800399780273 -2.386507987976074
			vertex -0.5 -16.014699935913086 -3.0926690101623535
		endloop
	endfacet
	facet normal 0 -0.792244984996558 0.6102031495721761
		outer loop
			vertex 9.300000190734863 -16.014699935913086 -3.0926690101623535
			vertex 9.300000190734863 -15.470800399780273 -2.386507987976074
			vertex -0.5 -16.014699935913086 -3.0926690101623535
		endloop
	endfacet
	facet normal 0 -0.6931055730610718 0.7208360871874294
		outer loop
			vertex 9.300000190734863 -14.828289985656738 -1.7687149047851562
			vertex -0.5 -14.828289985656738 -1.7687149047851562
			vertex -0.5 -15.470800399780273 -2.386507987976074
		endloop
	endfacet
	facet normal 0 -0.6931055730610718 0.7208360871874294
		outer loop
			vertex 9.300000190734863 -15.470800399780273 -2.386507987976074
			vertex 9.300000190734863 -14.828289985656738 -1.7687149047851562
			vertex -0.5 -15.470800399780273 -2.386507987976074
		endloop
	endfacet
	facet normal 0 -0.5786701315360587 0.815561695316817
		outer loop
			vertex 9.300000190734863 -14.101349830627441 -1.252924919128418
			vertex -0.5 -14.101349830627441 -1.252924919128418
			vertex -0.5 -14.828289985656738 -1.7687149047851562
		endloop
	endfacet
	facet normal 0 -0.5786701315360587 0.815561695316817
		outer loop
			vertex 9.300000190734863 -14.828289985656738 -1.7687149047851562
			vertex 9.300000190734863 -14.101349830627441 -1.252924919128418
			vertex -0.5 -14.828289985656738 -1.7687149047851562
		endloop
	endfacet
	facet normal 0 -0.45145755646877084 0.8922925947844947
		outer loop
			vertex 9.300000190734863 -13.306010246276855 -0.8505209684371948
			vertex -0.5 -13.306010246276855 -0.8505209684371948
			vertex -0.5 -14.101349830627441 -1.252924919128418
		endloop
	endfacet
	facet normal 0 -0.45145755646877084 0.8922925947844947
		outer loop
			vertex 9.300000190734863 -14.101349830627441 -1.252924919128418
			vertex 9.300000190734863 -13.306010246276855 -0.8505209684371948
			vertex -0.5 -14.101349830627441 -1.252924919128418
		endloop
	endfacet
	facet normal 0 -0.31428538789809923 0.9493285495305308
		outer loop
			vertex 9.300000190734863 -12.459830284118652 -0.5703840255737305
			vertex -0.5 -12.459830284118652 -0.5703840255737305
			vertex -0.5 -13.306010246276855 -0.8505209684371948
		endloop
	endfacet
	facet normal 0 -0.31428538789809923 0.9493285495305308
		outer loop
			vertex 9.300000190734863 -13.306010246276855 -0.8505209684371948
			vertex 9.300000190734863 -12.459830284118652 -0.5703840255737305
			vertex -0.5 -13.306010246276855 -0.8505209684371948
		endloop
	endfacet
	facet normal 0 -0.1701792064649784 0.9854131304620161
		outer loop
			vertex 9.300000190734863 -11.581489562988281 -0.4186960458755493
			vertex -0.5 -11.581489562988281 -0.4186960458755493
			vertex -0.5 -12.459830284118652 -0.5703840255737305
		endloop
	endfacet
	facet normal 0 -0.1701792064649784 0.9854131304620161
		outer loop
			vertex 9.300000190734863 -12.459830284118652 -0.5703840255737305
			vertex 9.300000190734863 -11.581489562988281 -0.4186960458755493
			vertex -0.5 -12.459830284118652 -0.5703840255737305
		endloop
	endfacet
	facet normal 0 -1 0
		outer loop
			vertex 9.300000190734863 -10.85966968536377 1.5831419825553894
			vertex -0.5 -10.85966968536377 1.5831419825553894
			vertex -0.5 -10.85966968536377 0.4168580174446106
		endloop
	endfacet
	facet normal 0 -1 0
		outer loop
			vertex 9.300000190734863 -10.85966968536377 0.4168580174446106
			vertex 9.300000190734863 -10.85966968536377 1.5831419825553894
			vertex -0.5 -10.85966968536377 0.4168580174446106
		endloop
	endfacet
	facet normal 0 -0.38100349312435783 -0.9245735980586065
		outer loop
			vertex -0.5 -14.957389831542969 -4.30259895324707
			vertex 9.300000190734863 -15.781499862670898 -3.9629950523376465
			vertex -0.5 -15.781499862670898 -3.9629950523376465
		endloop
	endfacet
	facet normal 0 -0.38100349312435783 -0.9245735980586065
		outer loop
			vertex -0.5 -14.957389831542969 -4.30259895324707
			vertex 9.300000190734863 -14.957389831542969 -4.30259895324707
			vertex 9.300000190734863 -15.781499862670898 -3.9629950523376465
		endloop
	endfacet
	facet normal 0 -0.23982788548964482 -0.9708154229005459
		outer loop
			vertex -0.5 -14.092060089111328 -4.5163679122924805
			vertex 9.300000190734863 -14.957389831542969 -4.30259895324707
			vertex -0.5 -14.957389831542969 -4.30259895324707
		endloop
	endfacet
	facet normal 0 -0.23982788548964482 -0.9708154229005459
		outer loop
			vertex -0.5 -14.092060089111328 -4.5163679122924805
			vertex 9.300000190734863 -14.092060089111328 -4.5163679122924805
			vertex 9.300000190734863 -14.957389831542969 -4.30259895324707
		endloop
	endfacet
	facet normal 0 -0.0933593687433848 -0.9956324765031707
		outer loop
			vertex -0.5 -13.204609870910645 -4.599583148956299
			vertex 9.300000190734863 -14.092060089111328 -4.5163679122924805
			vertex -0.5 -14.092060089111328 -4.5163679122924805
		endloop
	endfacet
	facet normal 0 -0.0933593687433848 -0.9956324765031707
		outer loop
			vertex -0.5 -13.204609870910645 -4.599583148956299
			vertex 9.300000190734863 -13.204609870910645 -4.599583148956299
			vertex 9.300000190734863 -14.092060089111328 -4.5163679122924805
		endloop
	endfacet
	facet normal 0 0.05517230507495732 -0.9984768483809306
		outer loop
			vertex -0.5 -12.314629554748535 -4.550405979156494
			vertex 9.300000190734863 -13.204609870910645 -4.599583148956299
			vertex -0.5 -13.204609870910645 -4.599583148956299
		endloop
	endfacet
	facet normal 0 0.05517230507495732 -0.9984768483809306
		outer loop
			vertex -0.5 -12.314629554748535 -4.550405979156494
			vertex 9.300000190734863 -12.314629554748535 -4.550405979156494
			vertex 9.300000190734863 -13.204609870910645 -4.599583148956299
		endloop
	endfacet
	facet normal 0 0.20248198593440117 -0.9792859875297211
		outer loop
			vertex -0.5 -11.441749572753906 -4.369925022125244
			vertex 9.300000190734863 -12.314629554748535 -4.550405979156494
			vertex -0.5 -12.314629554748535 -4.550405979156494
		endloop
	endfacet
	facet normal 0 0.20248198593440117 -0.9792859875297211
		outer loop
			vertex -0.5 -11.441749572753906 -4.369925022125244
			vertex 9.300000190734863 -11.441749572753906 -4.369925022125244
			vertex 9.300000190734863 -12.314629554748535 -4.550405979156494
		endloop
	endfacet
	facet normal 0 0.3453263248898734 -0.9384826739679607
		outer loop
			vertex -0.5 -10.605239868164062 -4.0621209144592285
			vertex 9.300000190734863 -11.441749572753906 -4.369925022125244
			vertex -0.5 -11.441749572753906 -4.369925022125244
		endloop
	endfacet
	facet normal 0 0.3453263248898734 -0.9384826739679607
		outer loop
			vertex -0.5 -10.605239868164062 -4.0621209144592285
			vertex 9.300000190734863 -10.605239868164062 -4.0621209144592285
			vertex 9.300000190734863 -11.441749572753906 -4.369925022125244
		endloop
	endfacet
	facet normal 0 -0.991205984032111 0.13232799106362447
		outer loop
			vertex 9.300000190734863 -11.570879936218262 -10.16819953918457
			vertex -0.5 -11.570879936218262 -10.16819953918457
			vertex -0.5 -11.688830375671387 -11.05171012878418
		endloop
	endfacet
	facet normal 0 -0.991205984032111 0.13232799106362447
		outer loop
			vertex 9.300000190734863 -11.688830375671387 -11.05171012878418
			vertex 9.300000190734863 -11.570879936218262 -10.16819953918457
			vertex -0.5 -11.688830375671387 -11.05171012878418
		endloop
	endfacet
	facet normal 0 -0.960666190174252 0.27770572744559685
		outer loop
			vertex 9.300000190734863 -11.323349952697754 -9.311920166015625
			vertex -0.5 -11.323349952697754 -9.311920166015625
			vertex -0.5 -11.570879936218262 -10.16819953918457
		endloop
	endfacet
	facet normal 0 -0.960666190174252 0.27770572744559685
		outer loop
			vertex 9.300000190734863 -11.570879936218262 -10.16819953918457
			vertex 9.300000190734863 -11.323349952697754 -9.311920166015625
			vertex -0.5 -11.570879936218262 -10.16819953918457
		endloop
	endfacet
	facet normal 0 -0.908920987705982 0.4169683898182002
		outer loop
			vertex 9.300000190734863 -10.951689720153809 -8.501763343811035
			vertex -0.5 -10.951689720153809 -8.501763343811035
			vertex -0.5 -11.323349952697754 -9.311920166015625
		endloop
	endfacet
	facet normal 0 -0.908920987705982 0.4169683898182002
		outer loop
			vertex 9.300000190734863 -11.323349952697754 -9.311920166015625
			vertex 9.300000190734863 -10.951689720153809 -8.501763343811035
			vertex -0.5 -11.323349952697754 -9.311920166015625
		endloop
	endfacet
	facet normal 0 -0.8371210864641535 0.547017629146516
		outer loop
			vertex 9.300000190734863 -10.464110374450684 -7.755602836608887
			vertex -0.5 -10.464110374450684 -7.755602836608887
			vertex -0.5 -10.951689720153809 -8.501763343811035
		endloop
	endfacet
	facet normal 0 -0.8371210864641535 0.547017629146516
		outer loop
			vertex 9.300000190734863 -10.951689720153809 -8.501763343811035
			vertex 9.300000190734863 -10.464110374450684 -7.755602836608887
			vertex -0.5 -10.951689720153809 -8.501763343811035
		endloop
	endfacet
	facet normal 0 -0.7468448923182845 0.66499827580084
		outer loop
			vertex 9.300000190734863 -9.871370315551758 -7.089909553527832
			vertex -0.5 -9.871370315551758 -7.089909553527832
			vertex -0.5 -10.464110374450684 -7.755602836608887
		endloop
	endfacet
	facet normal 0 -0.7468448923182845 0.66499827580084
		outer loop
			vertex 9.300000190734863 -10.464110374450684 -7.755602836608887
			vertex 9.300000190734863 -9.871370315551758 -7.089909553527832
			vertex -0.5 -10.464110374450684 -7.755602836608887
		endloop
	endfacet
	facet normal 0 -0.6400865220462396 0.7683028337151626
		outer loop
			vertex 9.300000190734863 -9.18655014038086 -6.519373893737793
			vertex -0.5 -9.18655014038086 -6.519373893737793
			vertex -0.5 -9.871370315551758 -7.089909553527832
		endloop
	endfacet
	facet normal 0 -0.6400865220462396 0.7683028337151626
		outer loop
			vertex 9.300000190734863 -9.871370315551758 -7.089909553527832
			vertex 9.300000190734863 -9.18655014038086 -6.519373893737793
			vertex -0.5 -9.871370315551758 -7.089909553527832
		endloop
	endfacet
	facet normal 0 -0.8660247211341588 -0.5000011823831044
		outer loop
			vertex -0.5 -8.979206085205078 -5.434852123260498
			vertex 9.300000190734863 -9.562350273132324 -4.4248199462890625
			vertex -0.5 -9.562350273132324 -4.4248199462890625
		endloop
	endfacet
	facet normal 0 -0.8660247211341588 -0.5000011823831044
		outer loop
			vertex -0.5 -8.979206085205078 -5.434852123260498
			vertex 9.300000190734863 -8.979206085205078 -5.434852123260498
			vertex 9.300000190734863 -9.562350273132324 -4.4248199462890625
		endloop
	endfacet
	facet normal 0 0.9993699809411312 0.0354914242278776
		outer loop
			vertex 9.300000190734863 12.85966968536377 0.4168580174446106
			vertex -0.5 12.864469528198242 0.2817037105560303
			vertex -0.5 12.85966968536377 0.4168580174446106
		endloop
	endfacet
	facet normal 0 0.9993699809411312 0.0354914242278776
		outer loop
			vertex 9.300000190734863 12.864469528198242 0.2817037105560303
			vertex -0.5 12.864469528198242 0.2817037105560303
			vertex 9.300000190734863 12.85966968536377 0.4168580174446106
		endloop
	endfacet
	facet normal 0 0.9791075571610243 0.20334303900102396
		outer loop
			vertex 9.300000190734863 12.864469528198242 0.2817037105560303
			vertex -0.5 12.891969680786133 0.14928901195526123
			vertex -0.5 12.864469528198242 0.2817037105560303
		endloop
	endfacet
	facet normal 0 0.9791075571610243 0.20334303900102396
		outer loop
			vertex 9.300000190734863 12.891969680786133 0.14928901195526123
			vertex -0.5 12.891969680786133 0.14928901195526123
			vertex 9.300000190734863 12.864469528198242 0.2817037105560303
		endloop
	endfacet
	facet normal 0 0.9308705347360546 0.3653492131649006
		outer loop
			vertex 9.300000190734863 12.891969680786133 0.14928901195526123
			vertex -0.5 12.94137954711914 0.023397982120513916
			vertex -0.5 12.891969680786133 0.14928901195526123
		endloop
	endfacet
	facet normal 0 0.9308705347360546 0.3653492131649006
		outer loop
			vertex 9.300000190734863 12.94137954711914 0.023397982120513916
			vertex -0.5 12.94137954711914 0.023397982120513916
			vertex 9.300000190734863 12.891969680786133 0.14928901195526123
		endloop
	endfacet
	facet normal 0 0.8560589111257818 0.5168782648575397
		outer loop
			vertex 9.300000190734863 12.94137954711914 0.023397982120513916
			vertex -0.5 13.011280059814453 -0.09237194061279297
			vertex -0.5 12.94137954711914 0.023397982120513916
		endloop
	endfacet
	facet normal 0 0.8560589111257818 0.5168782648575397
		outer loop
			vertex 9.300000190734863 13.011280059814453 -0.09237194061279297
			vertex -0.5 13.011280059814453 -0.09237194061279297
			vertex 9.300000190734863 12.94137954711914 0.023397982120513916
		endloop
	endfacet
	facet normal 0 0.7567254452129416 0.6537328204758236
		outer loop
			vertex 9.300000190734863 13.011280059814453 -0.09237194061279297
			vertex -0.5 13.099690437316895 -0.19471096992492676
			vertex -0.5 13.011280059814453 -0.09237194061279297
		endloop
	endfacet
	facet normal 0 0.7567254452129416 0.6537328204758236
		outer loop
			vertex 9.300000190734863 13.099690437316895 -0.19471096992492676
			vertex -0.5 13.099690437316895 -0.19471096992492676
			vertex 9.300000190734863 13.011280059814453 -0.09237194061279297
		endloop
	endfacet
	facet normal 0 0.6357885366901953 0.7718632888104864
		outer loop
			vertex 9.300000190734863 13.099690437316895 -0.19471096992492676
			vertex -0.5 13.204079627990723 -0.2806969881057739
			vertex -0.5 13.099690437316895 -0.19471096992492676
		endloop
	endfacet
	facet normal 0 0.6357885366901953 0.7718632888104864
		outer loop
			vertex 9.300000190734863 13.204079627990723 -0.2806969881057739
			vertex -0.5 13.204079627990723 -0.2806969881057739
			vertex 9.300000190734863 13.099690437316895 -0.19471096992492676
		endloop
	endfacet
	facet normal 0 0.4966886490905974 0.8679287907798414
		outer loop
			vertex 9.300000190734863 13.204079627990723 -0.2806969881057739
			vertex -0.5 13.321459770202637 -0.34786999225616455
			vertex -0.5 13.204079627990723 -0.2806969881057739
		endloop
	endfacet
	facet normal 0 0.4966886490905974 0.8679287907798414
		outer loop
			vertex 9.300000190734863 13.321459770202637 -0.34786999225616455
			vertex -0.5 13.321459770202637 -0.34786999225616455
			vertex 9.300000190734863 13.204079627990723 -0.2806969881057739
		endloop
	endfacet
	facet normal 0 0.34341739170320384 0.939182886915945
		outer loop
			vertex 9.300000190734863 13.321459770202637 -0.34786999225616455
			vertex -0.5 13.448470115661621 -0.3943120241165161
			vertex -0.5 13.321459770202637 -0.34786999225616455
		endloop
	endfacet
	facet normal 0 0.34341739170320384 0.939182886915945
		outer loop
			vertex 9.300000190734863 13.448470115661621 -0.3943120241165161
			vertex -0.5 13.448470115661621 -0.3943120241165161
			vertex 9.300000190734863 13.321459770202637 -0.34786999225616455
		endloop
	endfacet
	facet normal 0 0.18030728725797143 0.9836103304468042
		outer loop
			vertex 9.300000190734863 13.448470115661621 -0.3943120241165161
			vertex -0.5 13.581489562988281 -0.4186960458755493
			vertex -0.5 13.448470115661621 -0.3943120241165161
		endloop
	endfacet
	facet normal 0 0.18030728725797143 0.9836103304468042
		outer loop
			vertex 9.300000190734863 13.581489562988281 -0.4186960458755493
			vertex -0.5 13.581489562988281 -0.4186960458755493
			vertex 9.300000190734863 13.448470115661621 -0.3943120241165161
		endloop
	endfacet
	facet normal 0 0.9993699809411312 -0.0354914242278776
		outer loop
			vertex -0.5 12.864469528198242 1.7182962894439697
			vertex 9.300000190734863 12.864469528198242 1.7182962894439697
			vertex -0.5 12.85966968536377 1.5831419825553894
		endloop
	endfacet
	facet normal 0 0.9993699809411312 -0.0354914242278776
		outer loop
			vertex 9.300000190734863 12.864469528198242 1.7182962894439697
			vertex 9.300000190734863 12.85966968536377 1.5831419825553894
			vertex -0.5 12.85966968536377 1.5831419825553894
		endloop
	endfacet
	facet normal 0 0.9791075571610243 -0.20334303900102396
		outer loop
			vertex -0.5 12.891969680786133 1.8507109880447388
			vertex 9.300000190734863 12.891969680786133 1.8507109880447388
			vertex -0.5 12.864469528198242 1.7182962894439697
		endloop
	endfacet
	facet normal 0 0.9791075571610243 -0.20334303900102396
		outer loop
			vertex 9.300000190734863 12.891969680786133 1.8507109880447388
			vertex 9.300000190734863 12.864469528198242 1.7182962894439697
			vertex -0.5 12.864469528198242 1.7182962894439697
		endloop
	endfacet
	facet normal 0 0.9308705347360546 -0.3653492131649006
		outer loop
			vertex -0.5 12.94137954711914 1.976602017879486
			vertex 9.300000190734863 12.94137954711914 1.976602017879486
			vertex -0.5 12.891969680786133 1.8507109880447388
		endloop
	endfacet
	facet normal 0 0.9308705347360546 -0.3653492131649006
		outer loop
			vertex 9.300000190734863 12.94137954711914 1.976602017879486
			vertex 9.300000190734863 12.891969680786133 1.8507109880447388
			vertex -0.5 12.891969680786133 1.8507109880447388
		endloop
	endfacet
	facet normal 0 0.8560589111257818 -0.5168782648575397
		outer loop
			vertex -0.5 13.011280059814453 2.092371940612793
			vertex 9.300000190734863 13.011280059814453 2.092371940612793
			vertex -0.5 12.94137954711914 1.976602017879486
		endloop
	endfacet
	facet normal 0 0.8560589111257818 -0.5168782648575397
		outer loop
			vertex 9.300000190734863 13.011280059814453 2.092371940612793
			vertex 9.300000190734863 12.94137954711914 1.976602017879486
			vertex -0.5 12.94137954711914 1.976602017879486
		endloop
	endfacet
	facet normal 0 0.7567254452129416 -0.6537328204758236
		outer loop
			vertex -0.5 13.099690437316895 2.1947109699249268
			vertex 9.300000190734863 13.099690437316895 2.1947109699249268
			vertex -0.5 13.011280059814453 2.092371940612793
		endloop
	endfacet
	facet normal 0 0.7567254452129416 -0.6537328204758236
		outer loop
			vertex 9.300000190734863 13.099690437316895 2.1947109699249268
			vertex 9.300000190734863 13.011280059814453 2.092371940612793
			vertex -0.5 13.011280059814453 2.092371940612793
		endloop
	endfacet
	facet normal 0 0.6357885366901953 -0.7718632888104864
		outer loop
			vertex -0.5 13.204079627990723 2.280696988105774
			vertex 9.300000190734863 13.204079627990723 2.280696988105774
			vertex -0.5 13.099690437316895 2.1947109699249268
		endloop
	endfacet
	facet normal 0 0.6357885366901953 -0.7718632888104864
		outer loop
			vertex 9.300000190734863 13.204079627990723 2.280696988105774
			vertex 9.300000190734863 13.099690437316895 2.1947109699249268
			vertex -0.5 13.099690437316895 2.1947109699249268
		endloop
	endfacet
	facet normal 0 0.4966886490905974 -0.8679287907798414
		outer loop
			vertex -0.5 13.321459770202637 2.3478699922561646
			vertex 9.300000190734863 13.321459770202637 2.3478699922561646
			vertex -0.5 13.204079627990723 2.280696988105774
		endloop
	endfacet
	facet normal 0 0.4966886490905974 -0.8679287907798414
		outer loop
			vertex 9.300000190734863 13.321459770202637 2.3478699922561646
			vertex 9.300000190734863 13.204079627990723 2.280696988105774
			vertex -0.5 13.204079627990723 2.280696988105774
		endloop
	endfacet
	facet normal 0 0.34341739170320384 -0.939182886915945
		outer loop
			vertex -0.5 13.448470115661621 2.394312024116516
			vertex 9.300000190734863 13.448470115661621 2.394312024116516
			vertex -0.5 13.321459770202637 2.3478699922561646
		endloop
	endfacet
	facet normal 0 0.34341739170320384 -0.939182886915945
		outer loop
			vertex 9.300000190734863 13.448470115661621 2.394312024116516
			vertex 9.300000190734863 13.321459770202637 2.3478699922561646
			vertex -0.5 13.321459770202637 2.3478699922561646
		endloop
	endfacet
	facet normal 0 0.18030728725797143 -0.9836103304468042
		outer loop
			vertex -0.5 13.581489562988281 2.4186960458755493
			vertex 9.300000190734863 13.581489562988281 2.4186960458755493
			vertex -0.5 13.448470115661621 2.394312024116516
		endloop
	endfacet
	facet normal 0 0.18030728725797143 -0.9836103304468042
		outer loop
			vertex 9.300000190734863 13.581489562988281 2.4186960458755493
			vertex 9.300000190734863 13.448470115661621 2.394312024116516
			vertex -0.5 13.448470115661621 2.394312024116516
		endloop
	endfacet
	facet normal 0 0.3356706897135146 -0.9419793989611734
		outer loop
			vertex -0.5 -10.477849960327148 -4.016726016998291
			vertex 9.300000190734863 -10.477849960327148 -4.016726016998291
			vertex -0.5 -10.605239868164062 -4.0621209144592285
		endloop
	endfacet
	facet normal 0 0.3356706897135146 -0.9419793989611734
		outer loop
			vertex 9.300000190734863 -10.477849960327148 -4.016726016998291
			vertex 9.300000190734863 -10.605239868164062 -4.0621209144592285
			vertex -0.5 -10.605239868164062 -4.0621209144592285
		endloop
	endfacet
	facet normal 0 0.17218926027965512 -0.9850638855649645
		outer loop
			vertex -0.5 -10.344630241394043 -3.993439197540283
			vertex 9.300000190734863 -10.344630241394043 -3.993439197540283
			vertex -0.5 -10.477849960327148 -4.016726016998291
		endloop
	endfacet
	facet normal 0 0.17218926027965512 -0.9850638855649645
		outer loop
			vertex 9.300000190734863 -10.344630241394043 -3.993439197540283
			vertex 9.300000190734863 -10.477849960327148 -4.016726016998291
			vertex -0.5 -10.477849960327148 -4.016726016998291
		endloop
	endfacet
	facet normal 0 0.0038078843874921435 -0.9999927499819645
		outer loop
			vertex -0.5 -10.209389686584473 -3.992924213409424
			vertex 9.300000190734863 -10.209389686584473 -3.992924213409424
			vertex -0.5 -10.344630241394043 -3.993439197540283
		endloop
	endfacet
	facet normal 0 0.0038078843874921435 -0.9999927499819645
		outer loop
			vertex 9.300000190734863 -10.209389686584473 -3.992924213409424
			vertex 9.300000190734863 -10.344630241394043 -3.993439197540283
			vertex -0.5 -10.344630241394043 -3.993439197540283
		endloop
	endfacet
	facet normal 0 -0.16469401694957622 -0.9863447068753464
		outer loop
			vertex -0.5 -10.076000213623047 -4.015196800231934
			vertex 9.300000190734863 -10.076000213623047 -4.015196800231934
			vertex -0.5 -10.209389686584473 -3.992924213409424
		endloop
	endfacet
	facet normal 0 -0.16469401694957622 -0.9863447068753464
		outer loop
			vertex 9.300000190734863 -10.076000213623047 -4.015196800231934
			vertex 9.300000190734863 -10.209389686584473 -3.992924213409424
			vertex -0.5 -10.209389686584473 -3.992924213409424
		endloop
	endfacet
	facet normal 0 -0.32847303580859294 -0.9445133481040313
		outer loop
			vertex -0.5 -9.948260307312012 -4.0596208572387695
			vertex 9.300000190734863 -9.948260307312012 -4.0596208572387695
			vertex -0.5 -10.076000213623047 -4.015196800231934
		endloop
	endfacet
	facet normal 0 -0.32847303580859294 -0.9445133481040313
		outer loop
			vertex 9.300000190734863 -9.948260307312012 -4.0596208572387695
			vertex 9.300000190734863 -10.076000213623047 -4.015196800231934
			vertex -0.5 -10.076000213623047 -4.015196800231934
		endloop
	endfacet
	facet normal 0 -0.48290572875716714 -0.875672345762677
		outer loop
			vertex -0.5 -9.829839706420898 -4.1249260902404785
			vertex 9.300000190734863 -9.829839706420898 -4.1249260902404785
			vertex -0.5 -9.948260307312012 -4.0596208572387695
		endloop
	endfacet
	facet normal 0 -0.48290572875716714 -0.875672345762677
		outer loop
			vertex 9.300000190734863 -9.829839706420898 -4.1249260902404785
			vertex 9.300000190734863 -9.948260307312012 -4.0596208572387695
			vertex -0.5 -9.948260307312012 -4.0596208572387695
		endloop
	endfacet
	facet normal 0 -0.6234740282857956 -0.7818440612123898
		outer loop
			vertex -0.5 -9.724100112915039 -4.20924711227417
			vertex 9.300000190734863 -9.724100112915039 -4.20924711227417
			vertex -0.5 -9.829839706420898 -4.1249260902404785
		endloop
	endfacet
	facet normal 0 -0.6234740282857956 -0.7818440612123898
		outer loop
			vertex 9.300000190734863 -9.724100112915039 -4.20924711227417
			vertex 9.300000190734863 -9.829839706420898 -4.1249260902404785
			vertex -0.5 -9.829839706420898 -4.1249260902404785
		endloop
	endfacet
	facet normal 0 -0.7462764520965529 -0.6656361296130051
		outer loop
			vertex -0.5 -9.634079933166504 -4.310173034667969
			vertex 9.300000190734863 -9.634079933166504 -4.310173034667969
			vertex -0.5 -9.724100112915039 -4.20924711227417
		endloop
	endfacet
	facet normal 0 -0.7462764520965529 -0.6656361296130051
		outer loop
			vertex 9.300000190734863 -9.634079933166504 -4.310173034667969
			vertex 9.300000190734863 -9.724100112915039 -4.20924711227417
			vertex -0.5 -9.724100112915039 -4.20924711227417
		endloop
	endfacet
	facet normal 0 -0.8477478283089327 -0.5303994905705403
		outer loop
			vertex -0.5 -9.562350273132324 -4.4248199462890625
			vertex 9.300000190734863 -9.562350273132324 -4.4248199462890625
			vertex -0.5 -9.634079933166504 -4.310173034667969
		endloop
	endfacet
	facet normal 0 -0.8477478283089327 -0.5303994905705403
		outer loop
			vertex 9.300000190734863 -9.562350273132324 -4.4248199462890625
			vertex 9.300000190734863 -9.634079933166504 -4.310173034667969
			vertex -0.5 -9.634079933166504 -4.310173034667969
		endloop
	endfacet
	facet normal 0 -0.6479455878384236 0.7616866253261375
		outer loop
			vertex 9.300000190734863 -9.18655014038086 -6.519373893737793
			vertex -0.5 -9.083539962768555 -6.431746006011963
			vertex -0.5 -9.18655014038086 -6.519373893737793
		endloop
	endfacet
	facet normal 0 -0.6479455878384236 0.7616866253261375
		outer loop
			vertex 9.300000190734863 -9.083539962768555 -6.431746006011963
			vertex -0.5 -9.083539962768555 -6.431746006011963
			vertex 9.300000190734863 -9.18655014038086 -6.519373893737793
		endloop
	endfacet
	facet normal 0 -0.7669808930422621 0.641669938292339
		outer loop
			vertex 9.300000190734863 -9.083539962768555 -6.431746006011963
			vertex -0.5 -8.996759414672852 -6.3280181884765625
			vertex -0.5 -9.083539962768555 -6.431746006011963
		endloop
	endfacet
	facet normal 0 -0.7669808930422621 0.641669938292339
		outer loop
			vertex 9.300000190734863 -8.996759414672852 -6.3280181884765625
			vertex -0.5 -8.996759414672852 -6.3280181884765625
			vertex 9.300000190734863 -9.083539962768555 -6.431746006011963
		endloop
	endfacet
	facet normal 0 -0.8641183566399646 0.503288650495764
		outer loop
			vertex 9.300000190734863 -8.996759414672852 -6.3280181884765625
			vertex -0.5 -8.928694725036621 -6.211154937744141
			vertex -0.5 -8.996759414672852 -6.3280181884765625
		endloop
	endfacet
	facet normal 0 -0.8641183566399646 0.503288650495764
		outer loop
			vertex 9.300000190734863 -8.928694725036621 -6.211154937744141
			vertex -0.5 -8.928694725036621 -6.211154937744141
			vertex 9.300000190734863 -8.996759414672852 -6.3280181884765625
		endloop
	endfacet
	facet normal 0 -0.8832237985443306 -0.46895172639081284
		outer loop
			vertex -0.5 -8.915785789489746 -5.554297924041748
			vertex 9.300000190734863 -8.915785789489746 -5.554297924041748
			vertex -0.5 -8.979206085205078 -5.434852123260498
		endloop
	endfacet
	facet normal 0 -0.8832237985443306 -0.46895172639081284
		outer loop
			vertex 9.300000190734863 -8.915785789489746 -5.554297924041748
			vertex 9.300000190734863 -8.979206085205078 -5.434852123260498
			vertex -0.5 -8.979206085205078 -5.434852123260498
		endloop
	endfacet
	facet normal 0 -0.9365444655954829 0.35054880396668225
		outer loop
			vertex 9.300000190734863 -8.928694725036621 -6.211154937744141
			vertex -0.5 -8.88128662109375 -6.084496974945068
			vertex -0.5 -8.928694725036621 -6.211154937744141
		endloop
	endfacet
	facet normal 0 -0.9365444655954829 0.35054880396668225
		outer loop
			vertex 9.300000190734863 -8.88128662109375 -6.084496974945068
			vertex -0.5 -8.88128662109375 -6.084496974945068
			vertex 9.300000190734863 -8.928694725036621 -6.211154937744141
		endloop
	endfacet
	facet normal 0 -0.9495963792635168 -0.3134752246823011
		outer loop
			vertex -0.5 -8.873391151428223 -5.682722091674805
			vertex 9.300000190734863 -8.873391151428223 -5.682722091674805
			vertex -0.5 -8.915785789489746 -5.554297924041748
		endloop
	endfacet
	facet normal 0 -0.9495963792635168 -0.3134752246823011
		outer loop
			vertex 9.300000190734863 -8.873391151428223 -5.682722091674805
			vertex 9.300000190734863 -8.915785789489746 -5.554297924041748
			vertex -0.5 -8.915785789489746 -5.554297924041748
		endloop
	endfacet
	facet normal 0 -0.9822110066019557 0.18778055945697164
		outer loop
			vertex 9.300000190734863 -8.88128662109375 -6.084496974945068
			vertex -0.5 -8.855891227722168 -5.951663017272949
			vertex -0.5 -8.88128662109375 -6.084496974945068
		endloop
	endfacet
	facet normal 0 -0.9822110066019557 0.18778055945697164
		outer loop
			vertex 9.300000190734863 -8.855891227722168 -5.951663017272949
			vertex -0.5 -8.855891227722168 -5.951663017272949
			vertex 9.300000190734863 -8.88128662109375 -6.084496974945068
		endloop
	endfacet
	facet normal 0 -0.9888303253424828 -0.14904558927750913
		outer loop
			vertex -0.5 -8.85323429107666 -5.816451072692871
			vertex 9.300000190734863 -8.85323429107666 -5.816451072692871
			vertex -0.5 -8.873391151428223 -5.682722091674805
		endloop
	endfacet
	facet normal 0 -0.9888303253424828 -0.14904558927750913
		outer loop
			vertex 9.300000190734863 -8.85323429107666 -5.816451072692871
			vertex 9.300000190734863 -8.873391151428223 -5.682722091674805
			vertex -0.5 -8.873391151428223 -5.682722091674805
		endloop
	endfacet
	facet normal 0 -0.9998069914551329 0.01964636957394555
		outer loop
			vertex 9.300000190734863 -8.855891227722168 -5.951663017272949
			vertex -0.5 -8.85323429107666 -5.816451072692871
			vertex -0.5 -8.855891227722168 -5.951663017272949
		endloop
	endfacet
	facet normal 0 -0.9998069914551329 0.01964636957394555
		outer loop
			vertex 9.300000190734863 -8.85323429107666 -5.816451072692871
			vertex -0.5 -8.85323429107666 -5.816451072692871
			vertex 9.300000190734863 -8.855891227722168 -5.951663017272949
		endloop
	endfacet
	facet normal 0 -0.18030728725797143 -0.9836103304468042
		outer loop
			vertex -0.5 -11.448470115661621 2.394312024116516
			vertex 9.300000190734863 -11.448470115661621 2.394312024116516
			vertex -0.5 -11.581489562988281 2.4186960458755493
		endloop
	endfacet
	facet normal 0 -0.18030728725797143 -0.9836103304468042
		outer loop
			vertex 9.300000190734863 -11.448470115661621 2.394312024116516
			vertex 9.300000190734863 -11.581489562988281 2.4186960458755493
			vertex -0.5 -11.581489562988281 2.4186960458755493
		endloop
	endfacet
	facet normal 0 -0.34341739170320384 -0.939182886915945
		outer loop
			vertex -0.5 -11.321459770202637 2.3478699922561646
			vertex 9.300000190734863 -11.321459770202637 2.3478699922561646
			vertex -0.5 -11.448470115661621 2.394312024116516
		endloop
	endfacet
	facet normal 0 -0.34341739170320384 -0.939182886915945
		outer loop
			vertex 9.300000190734863 -11.321459770202637 2.3478699922561646
			vertex 9.300000190734863 -11.448470115661621 2.394312024116516
			vertex -0.5 -11.448470115661621 2.394312024116516
		endloop
	endfacet
	facet normal 0 -0.4966886490905974 -0.8679287907798414
		outer loop
			vertex -0.5 -11.204079627990723 2.280696988105774
			vertex 9.300000190734863 -11.204079627990723 2.280696988105774
			vertex -0.5 -11.321459770202637 2.3478699922561646
		endloop
	endfacet
	facet normal 0 -0.4966886490905974 -0.8679287907798414
		outer loop
			vertex 9.300000190734863 -11.204079627990723 2.280696988105774
			vertex 9.300000190734863 -11.321459770202637 2.3478699922561646
			vertex -0.5 -11.321459770202637 2.3478699922561646
		endloop
	endfacet
	facet normal 0 -0.6357885366901953 -0.7718632888104864
		outer loop
			vertex -0.5 -11.099690437316895 2.1947109699249268
			vertex 9.300000190734863 -11.099690437316895 2.1947109699249268
			vertex -0.5 -11.204079627990723 2.280696988105774
		endloop
	endfacet
	facet normal 0 -0.6357885366901953 -0.7718632888104864
		outer loop
			vertex 9.300000190734863 -11.099690437316895 2.1947109699249268
			vertex 9.300000190734863 -11.204079627990723 2.280696988105774
			vertex -0.5 -11.204079627990723 2.280696988105774
		endloop
	endfacet
	facet normal 0 -0.7567254452129416 -0.6537328204758236
		outer loop
			vertex -0.5 -11.011280059814453 2.092371940612793
			vertex 9.300000190734863 -11.011280059814453 2.092371940612793
			vertex -0.5 -11.099690437316895 2.1947109699249268
		endloop
	endfacet
	facet normal 0 -0.7567254452129416 -0.6537328204758236
		outer loop
			vertex 9.300000190734863 -11.011280059814453 2.092371940612793
			vertex 9.300000190734863 -11.099690437316895 2.1947109699249268
			vertex -0.5 -11.099690437316895 2.1947109699249268
		endloop
	endfacet
	facet normal 0 -0.8560589111257818 -0.5168782648575397
		outer loop
			vertex -0.5 -10.94137954711914 1.976602017879486
			vertex 9.300000190734863 -10.94137954711914 1.976602017879486
			vertex -0.5 -11.011280059814453 2.092371940612793
		endloop
	endfacet
	facet normal 0 -0.8560589111257818 -0.5168782648575397
		outer loop
			vertex 9.300000190734863 -10.94137954711914 1.976602017879486
			vertex 9.300000190734863 -11.011280059814453 2.092371940612793
			vertex -0.5 -11.011280059814453 2.092371940612793
		endloop
	endfacet
	facet normal 0 -0.9308705347360546 -0.3653492131649006
		outer loop
			vertex -0.5 -10.891969680786133 1.8507109880447388
			vertex 9.300000190734863 -10.891969680786133 1.8507109880447388
			vertex -0.5 -10.94137954711914 1.976602017879486
		endloop
	endfacet
	facet normal 0 -0.9308705347360546 -0.3653492131649006
		outer loop
			vertex 9.300000190734863 -10.891969680786133 1.8507109880447388
			vertex 9.300000190734863 -10.94137954711914 1.976602017879486
			vertex -0.5 -10.94137954711914 1.976602017879486
		endloop
	endfacet
	facet normal 0 -0.9791075571610243 -0.20334303900102396
		outer loop
			vertex -0.5 -10.864469528198242 1.7182962894439697
			vertex 9.300000190734863 -10.864469528198242 1.7182962894439697
			vertex -0.5 -10.891969680786133 1.8507109880447388
		endloop
	endfacet
	facet normal 0 -0.9791075571610243 -0.20334303900102396
		outer loop
			vertex 9.300000190734863 -10.864469528198242 1.7182962894439697
			vertex 9.300000190734863 -10.891969680786133 1.8507109880447388
			vertex -0.5 -10.891969680786133 1.8507109880447388
		endloop
	endfacet
	facet normal 0 -0.9993699809411312 -0.0354914242278776
		outer loop
			vertex -0.5 -10.85966968536377 1.5831419825553894
			vertex 9.300000190734863 -10.85966968536377 1.5831419825553894
			vertex -0.5 -10.864469528198242 1.7182962894439697
		endloop
	endfacet
	facet normal 0 -0.9993699809411312 -0.0354914242278776
		outer loop
			vertex 9.300000190734863 -10.85966968536377 1.5831419825553894
			vertex 9.300000190734863 -10.864469528198242 1.7182962894439697
			vertex -0.5 -10.864469528198242 1.7182962894439697
		endloop
	endfacet
	facet normal 0 -0.18030728725797143 0.9836103304468042
		outer loop
			vertex 9.300000190734863 -11.581489562988281 -0.4186960458755493
			vertex -0.5 -11.448470115661621 -0.3943120241165161
			vertex -0.5 -11.581489562988281 -0.4186960458755493
		endloop
	endfacet
	facet normal 0 -0.18030728725797143 0.9836103304468042
		outer loop
			vertex 9.300000190734863 -11.448470115661621 -0.3943120241165161
			vertex -0.5 -11.448470115661621 -0.3943120241165161
			vertex 9.300000190734863 -11.581489562988281 -0.4186960458755493
		endloop
	endfacet
	facet normal 0 -0.34341739170320384 0.939182886915945
		outer loop
			vertex 9.300000190734863 -11.448470115661621 -0.3943120241165161
			vertex -0.5 -11.321459770202637 -0.34786999225616455
			vertex -0.5 -11.448470115661621 -0.3943120241165161
		endloop
	endfacet
	facet normal 0 -0.34341739170320384 0.939182886915945
		outer loop
			vertex 9.300000190734863 -11.321459770202637 -0.34786999225616455
			vertex -0.5 -11.321459770202637 -0.34786999225616455
			vertex 9.300000190734863 -11.448470115661621 -0.3943120241165161
		endloop
	endfacet
	facet normal 0 -0.4966886490905974 0.8679287907798414
		outer loop
			vertex 9.300000190734863 -11.321459770202637 -0.34786999225616455
			vertex -0.5 -11.204079627990723 -0.2806969881057739
			vertex -0.5 -11.321459770202637 -0.34786999225616455
		endloop
	endfacet
	facet normal 0 -0.4966886490905974 0.8679287907798414
		outer loop
			vertex 9.300000190734863 -11.204079627990723 -0.2806969881057739
			vertex -0.5 -11.204079627990723 -0.2806969881057739
			vertex 9.300000190734863 -11.321459770202637 -0.34786999225616455
		endloop
	endfacet
	facet normal 0 -0.6357885366901953 0.7718632888104864
		outer loop
			vertex 9.300000190734863 -11.204079627990723 -0.2806969881057739
			vertex -0.5 -11.099690437316895 -0.19471096992492676
			vertex -0.5 -11.204079627990723 -0.2806969881057739
		endloop
	endfacet
	facet normal 0 -0.6357885366901953 0.7718632888104864
		outer loop
			vertex 9.300000190734863 -11.099690437316895 -0.19471096992492676
			vertex -0.5 -11.099690437316895 -0.19471096992492676
			vertex 9.300000190734863 -11.204079627990723 -0.2806969881057739
		endloop
	endfacet
	facet normal 0 -0.7567254452129416 0.6537328204758236
		outer loop
			vertex 9.300000190734863 -11.099690437316895 -0.19471096992492676
			vertex -0.5 -11.011280059814453 -0.09237194061279297
			vertex -0.5 -11.099690437316895 -0.19471096992492676
		endloop
	endfacet
	facet normal 0 -0.7567254452129416 0.6537328204758236
		outer loop
			vertex 9.300000190734863 -11.011280059814453 -0.09237194061279297
			vertex -0.5 -11.011280059814453 -0.09237194061279297
			vertex 9.300000190734863 -11.099690437316895 -0.19471096992492676
		endloop
	endfacet
	facet normal 0 -0.8560589111257818 0.5168782648575397
		outer loop
			vertex 9.300000190734863 -11.011280059814453 -0.09237194061279297
			vertex -0.5 -10.94137954711914 0.023397982120513916
			vertex -0.5 -11.011280059814453 -0.09237194061279297
		endloop
	endfacet
	facet normal 0 -0.8560589111257818 0.5168782648575397
		outer loop
			vertex 9.300000190734863 -10.94137954711914 0.023397982120513916
			vertex -0.5 -10.94137954711914 0.023397982120513916
			vertex 9.300000190734863 -11.011280059814453 -0.09237194061279297
		endloop
	endfacet
	facet normal 0 -0.9308705347360546 0.3653492131649006
		outer loop
			vertex 9.300000190734863 -10.94137954711914 0.023397982120513916
			vertex -0.5 -10.891969680786133 0.14928901195526123
			vertex -0.5 -10.94137954711914 0.023397982120513916
		endloop
	endfacet
	facet normal 0 -0.9308705347360546 0.3653492131649006
		outer loop
			vertex 9.300000190734863 -10.891969680786133 0.14928901195526123
			vertex -0.5 -10.891969680786133 0.14928901195526123
			vertex 9.300000190734863 -10.94137954711914 0.023397982120513916
		endloop
	endfacet
	facet normal 0 -0.9791075571610243 0.20334303900102396
		outer loop
			vertex 9.300000190734863 -10.891969680786133 0.14928901195526123
			vertex -0.5 -10.864469528198242 0.2817037105560303
			vertex -0.5 -10.891969680786133 0.14928901195526123
		endloop
	endfacet
	facet normal 0 -0.9791075571610243 0.20334303900102396
		outer loop
			vertex 9.300000190734863 -10.864469528198242 0.2817037105560303
			vertex -0.5 -10.864469528198242 0.2817037105560303
			vertex 9.300000190734863 -10.891969680786133 0.14928901195526123
		endloop
	endfacet
	facet normal 0 -0.9993699809411312 0.0354914242278776
		outer loop
			vertex 9.300000190734863 -10.864469528198242 0.2817037105560303
			vertex -0.5 -10.85966968536377 0.4168580174446106
			vertex -0.5 -10.864469528198242 0.2817037105560303
		endloop
	endfacet
	facet normal 0 -0.9993699809411312 0.0354914242278776
		outer loop
			vertex 9.300000190734863 -10.85966968536377 0.4168580174446106
			vertex -0.5 -10.85966968536377 0.4168580174446106
			vertex 9.300000190734863 -10.864469528198242 0.2817037105560303
		endloop
	endfacet
	facet normal 0 -0.6479455878384236 -0.7616866253261375
		outer loop
			vertex -0.5 -9.083539962768555 8.431746006011963
			vertex 9.300000190734863 -9.083539962768555 8.431746006011963
			vertex -0.5 -9.18655014038086 8.519373893737793
		endloop
	endfacet
	facet normal 0 -0.6479455878384236 -0.7616866253261375
		outer loop
			vertex 9.300000190734863 -9.083539962768555 8.431746006011963
			vertex 9.300000190734863 -9.18655014038086 8.519373893737793
			vertex -0.5 -9.18655014038086 8.519373893737793
		endloop
	endfacet
	facet normal 0 -0.7669808930422621 -0.641669938292339
		outer loop
			vertex -0.5 -8.996759414672852 8.328018188476562
			vertex 9.300000190734863 -8.996759414672852 8.328018188476562
			vertex -0.5 -9.083539962768555 8.431746006011963
		endloop
	endfacet
	facet normal 0 -0.7669808930422621 -0.641669938292339
		outer loop
			vertex 9.300000190734863 -8.996759414672852 8.328018188476562
			vertex 9.300000190734863 -9.083539962768555 8.431746006011963
			vertex -0.5 -9.083539962768555 8.431746006011963
		endloop
	endfacet
	facet normal 0 -0.8641183566399646 -0.503288650495764
		outer loop
			vertex -0.5 -8.928694725036621 8.21115493774414
			vertex 9.300000190734863 -8.928694725036621 8.21115493774414
			vertex -0.5 -8.996759414672852 8.328018188476562
		endloop
	endfacet
	facet normal 0 -0.8641183566399646 -0.503288650495764
		outer loop
			vertex 9.300000190734863 -8.928694725036621 8.21115493774414
			vertex 9.300000190734863 -8.996759414672852 8.328018188476562
			vertex -0.5 -8.996759414672852 8.328018188476562
		endloop
	endfacet
	facet normal 0 -0.8832237985443306 0.46895172639081284
		outer loop
			vertex 9.300000190734863 -8.979206085205078 7.434852123260498
			vertex -0.5 -8.915785789489746 7.554297924041748
			vertex -0.5 -8.979206085205078 7.434852123260498
		endloop
	endfacet
	facet normal 0 -0.8832237985443306 0.46895172639081284
		outer loop
			vertex 9.300000190734863 -8.915785789489746 7.554297924041748
			vertex -0.5 -8.915785789489746 7.554297924041748
			vertex 9.300000190734863 -8.979206085205078 7.434852123260498
		endloop
	endfacet
	facet normal 0 -0.9365444655954829 -0.35054880396668225
		outer loop
			vertex -0.5 -8.88128662109375 8.084496974945068
			vertex 9.300000190734863 -8.88128662109375 8.084496974945068
			vertex -0.5 -8.928694725036621 8.21115493774414
		endloop
	endfacet
	facet normal 0 -0.9365444655954829 -0.35054880396668225
		outer loop
			vertex 9.300000190734863 -8.88128662109375 8.084496974945068
			vertex 9.300000190734863 -8.928694725036621 8.21115493774414
			vertex -0.5 -8.928694725036621 8.21115493774414
		endloop
	endfacet
	facet normal 0 -0.9495963792635168 0.3134752246823011
		outer loop
			vertex 9.300000190734863 -8.915785789489746 7.554297924041748
			vertex -0.5 -8.873391151428223 7.682722091674805
			vertex -0.5 -8.915785789489746 7.554297924041748
		endloop
	endfacet
	facet normal 0 -0.9495963792635168 0.3134752246823011
		outer loop
			vertex 9.300000190734863 -8.873391151428223 7.682722091674805
			vertex -0.5 -8.873391151428223 7.682722091674805
			vertex 9.300000190734863 -8.915785789489746 7.554297924041748
		endloop
	endfacet
	facet normal 0 -0.9822110066019557 -0.18778055945697164
		outer loop
			vertex -0.5 -8.855891227722168 7.951663017272949
			vertex 9.300000190734863 -8.855891227722168 7.951663017272949
			vertex -0.5 -8.88128662109375 8.084496974945068
		endloop
	endfacet
	facet normal 0 -0.9822110066019557 -0.18778055945697164
		outer loop
			vertex 9.300000190734863 -8.855891227722168 7.951663017272949
			vertex 9.300000190734863 -8.88128662109375 8.084496974945068
			vertex -0.5 -8.88128662109375 8.084496974945068
		endloop
	endfacet
	facet normal 0 -0.9888303253424828 0.14904558927750913
		outer loop
			vertex 9.300000190734863 -8.873391151428223 7.682722091674805
			vertex -0.5 -8.85323429107666 7.816451072692871
			vertex -0.5 -8.873391151428223 7.682722091674805
		endloop
	endfacet
	facet normal 0 -0.9888303253424828 0.14904558927750913
		outer loop
			vertex 9.300000190734863 -8.85323429107666 7.816451072692871
			vertex -0.5 -8.85323429107666 7.816451072692871
			vertex 9.300000190734863 -8.873391151428223 7.682722091674805
		endloop
	endfacet
	facet normal 0 -0.9998069914551329 -0.01964636957394555
		outer loop
			vertex -0.5 -8.85323429107666 7.816451072692871
			vertex 9.300000190734863 -8.85323429107666 7.816451072692871
			vertex -0.5 -8.855891227722168 7.951663017272949
		endloop
	endfacet
	facet normal 0 -0.9998069914551329 -0.01964636957394555
		outer loop
			vertex 9.300000190734863 -8.85323429107666 7.816451072692871
			vertex 9.300000190734863 -8.855891227722168 7.951663017272949
			vertex -0.5 -8.855891227722168 7.951663017272949
		endloop
	endfacet
	facet normal 0 0.3356706897135146 0.9419793989611734
		outer loop
			vertex 9.300000190734863 -10.605239868164062 6.0621209144592285
			vertex -0.5 -10.477849960327148 6.016726016998291
			vertex -0.5 -10.605239868164062 6.0621209144592285
		endloop
	endfacet
	facet normal 0 0.3356706897135146 0.9419793989611734
		outer loop
			vertex 9.300000190734863 -10.477849960327148 6.016726016998291
			vertex -0.5 -10.477849960327148 6.016726016998291
			vertex 9.300000190734863 -10.605239868164062 6.0621209144592285
		endloop
	endfacet
	facet normal 0 0.17218926027965512 0.9850638855649645
		outer loop
			vertex 9.300000190734863 -10.477849960327148 6.016726016998291
			vertex -0.5 -10.344630241394043 5.993439197540283
			vertex -0.5 -10.477849960327148 6.016726016998291
		endloop
	endfacet
	facet normal 0 0.17218926027965512 0.9850638855649645
		outer loop
			vertex 9.300000190734863 -10.344630241394043 5.993439197540283
			vertex -0.5 -10.344630241394043 5.993439197540283
			vertex 9.300000190734863 -10.477849960327148 6.016726016998291
		endloop
	endfacet
	facet normal 0 0.0038078843874921435 0.9999927499819645
		outer loop
			vertex 9.300000190734863 -10.344630241394043 5.993439197540283
			vertex -0.5 -10.209389686584473 5.992924213409424
			vertex -0.5 -10.344630241394043 5.993439197540283
		endloop
	endfacet
	facet normal 0 0.0038078843874921435 0.9999927499819645
		outer loop
			vertex 9.300000190734863 -10.209389686584473 5.992924213409424
			vertex -0.5 -10.209389686584473 5.992924213409424
			vertex 9.300000190734863 -10.344630241394043 5.993439197540283
		endloop
	endfacet
	facet normal 0 -0.16469401694957622 0.9863447068753464
		outer loop
			vertex 9.300000190734863 -10.209389686584473 5.992924213409424
			vertex -0.5 -10.076000213623047 6.015196800231934
			vertex -0.5 -10.209389686584473 5.992924213409424
		endloop
	endfacet
	facet normal 0 -0.16469401694957622 0.9863447068753464
		outer loop
			vertex 9.300000190734863 -10.076000213623047 6.015196800231934
			vertex -0.5 -10.076000213623047 6.015196800231934
			vertex 9.300000190734863 -10.209389686584473 5.992924213409424
		endloop
	endfacet
	facet normal 0 -0.32847303580859294 0.9445133481040313
		outer loop
			vertex 9.300000190734863 -10.076000213623047 6.015196800231934
			vertex -0.5 -9.948260307312012 6.0596208572387695
			vertex -0.5 -10.076000213623047 6.015196800231934
		endloop
	endfacet
	facet normal 0 -0.32847303580859294 0.9445133481040313
		outer loop
			vertex 9.300000190734863 -9.948260307312012 6.0596208572387695
			vertex -0.5 -9.948260307312012 6.0596208572387695
			vertex 9.300000190734863 -10.076000213623047 6.015196800231934
		endloop
	endfacet
	facet normal 0 -0.48290572875716714 0.875672345762677
		outer loop
			vertex 9.300000190734863 -9.948260307312012 6.0596208572387695
			vertex -0.5 -9.829839706420898 6.1249260902404785
			vertex -0.5 -9.948260307312012 6.0596208572387695
		endloop
	endfacet
	facet normal 0 -0.48290572875716714 0.875672345762677
		outer loop
			vertex 9.300000190734863 -9.829839706420898 6.1249260902404785
			vertex -0.5 -9.829839706420898 6.1249260902404785
			vertex 9.300000190734863 -9.948260307312012 6.0596208572387695
		endloop
	endfacet
	facet normal 0 -0.6234740282857956 0.7818440612123898
		outer loop
			vertex 9.300000190734863 -9.829839706420898 6.1249260902404785
			vertex -0.5 -9.724100112915039 6.20924711227417
			vertex -0.5 -9.829839706420898 6.1249260902404785
		endloop
	endfacet
	facet normal 0 -0.6234740282857956 0.7818440612123898
		outer loop
			vertex 9.300000190734863 -9.724100112915039 6.20924711227417
			vertex -0.5 -9.724100112915039 6.20924711227417
			vertex 9.300000190734863 -9.829839706420898 6.1249260902404785
		endloop
	endfacet
	facet normal 0 -0.7462764520965529 0.6656361296130051
		outer loop
			vertex 9.300000190734863 -9.724100112915039 6.20924711227417
			vertex -0.5 -9.634079933166504 6.310173034667969
			vertex -0.5 -9.724100112915039 6.20924711227417
		endloop
	endfacet
	facet normal 0 -0.7462764520965529 0.6656361296130051
		outer loop
			vertex 9.300000190734863 -9.634079933166504 6.310173034667969
			vertex -0.5 -9.634079933166504 6.310173034667969
			vertex 9.300000190734863 -9.724100112915039 6.20924711227417
		endloop
	endfacet
	facet normal 0 -0.8477478283089327 0.5303994905705403
		outer loop
			vertex 9.300000190734863 -9.634079933166504 6.310173034667969
			vertex -0.5 -9.562350273132324 6.4248199462890625
			vertex -0.5 -9.634079933166504 6.310173034667969
		endloop
	endfacet
	facet normal 0 -0.8477478283089327 0.5303994905705403
		outer loop
			vertex 9.300000190734863 -9.562350273132324 6.4248199462890625
			vertex -0.5 -9.562350273132324 6.4248199462890625
			vertex 9.300000190734863 -9.634079933166504 6.310173034667969
		endloop
	endfacet
	facet normal 0 -0.5303994905705403 0.8477478283089327
		outer loop
			vertex 9.300000190734863 -4.4248199462890625 11.562350273132324
			vertex -0.5 -4.310173034667969 11.634079933166504
			vertex -0.5 -4.4248199462890625 11.562350273132324
		endloop
	endfacet
	facet normal 0 -0.5303994905705403 0.8477478283089327
		outer loop
			vertex 9.300000190734863 -4.310173034667969 11.634079933166504
			vertex -0.5 -4.310173034667969 11.634079933166504
			vertex 9.300000190734863 -4.4248199462890625 11.562350273132324
		endloop
	endfacet
	facet normal 0 -0.6656361296130051 0.7462764520965529
		outer loop
			vertex 9.300000190734863 -4.310173034667969 11.634079933166504
			vertex -0.5 -4.20924711227417 11.724100112915039
			vertex -0.5 -4.310173034667969 11.634079933166504
		endloop
	endfacet
	facet normal 0 -0.6656361296130051 0.7462764520965529
		outer loop
			vertex 9.300000190734863 -4.20924711227417 11.724100112915039
			vertex -0.5 -4.20924711227417 11.724100112915039
			vertex 9.300000190734863 -4.310173034667969 11.634079933166504
		endloop
	endfacet
	facet normal 0 -0.7818440612123898 0.6234740282857956
		outer loop
			vertex 9.300000190734863 -4.20924711227417 11.724100112915039
			vertex -0.5 -4.1249260902404785 11.829839706420898
			vertex -0.5 -4.20924711227417 11.724100112915039
		endloop
	endfacet
	facet normal 0 -0.7818440612123898 0.6234740282857956
		outer loop
			vertex 9.300000190734863 -4.1249260902404785 11.829839706420898
			vertex -0.5 -4.1249260902404785 11.829839706420898
			vertex 9.300000190734863 -4.20924711227417 11.724100112915039
		endloop
	endfacet
	facet normal 0 -0.875672345762677 0.48290572875716714
		outer loop
			vertex 9.300000190734863 -4.1249260902404785 11.829839706420898
			vertex -0.5 -4.0596208572387695 11.948260307312012
			vertex -0.5 -4.1249260902404785 11.829839706420898
		endloop
	endfacet
	facet normal 0 -0.875672345762677 0.48290572875716714
		outer loop
			vertex 9.300000190734863 -4.0596208572387695 11.948260307312012
			vertex -0.5 -4.0596208572387695 11.948260307312012
			vertex 9.300000190734863 -4.1249260902404785 11.829839706420898
		endloop
	endfacet
	facet normal 0 -0.9419793989611734 -0.3356706897135146
		outer loop
			vertex -0.5 -4.016726016998291 12.477849960327148
			vertex 9.300000190734863 -4.016726016998291 12.477849960327148
			vertex -0.5 -4.0621209144592285 12.605239868164062
		endloop
	endfacet
	facet normal 0 -0.9419793989611734 -0.3356706897135146
		outer loop
			vertex 9.300000190734863 -4.016726016998291 12.477849960327148
			vertex 9.300000190734863 -4.0621209144592285 12.605239868164062
			vertex -0.5 -4.0621209144592285 12.605239868164062
		endloop
	endfacet
	facet normal 0 -0.9445133481040313 0.32847303580859294
		outer loop
			vertex 9.300000190734863 -4.0596208572387695 11.948260307312012
			vertex -0.5 -4.015196800231934 12.076000213623047
			vertex -0.5 -4.0596208572387695 11.948260307312012
		endloop
	endfacet
	facet normal 0 -0.9445133481040313 0.32847303580859294
		outer loop
			vertex 9.300000190734863 -4.015196800231934 12.076000213623047
			vertex -0.5 -4.015196800231934 12.076000213623047
			vertex 9.300000190734863 -4.0596208572387695 11.948260307312012
		endloop
	endfacet
	facet normal 0 -0.9850638855649645 -0.17218926027965512
		outer loop
			vertex -0.5 -3.993439197540283 12.344630241394043
			vertex 9.300000190734863 -3.993439197540283 12.344630241394043
			vertex -0.5 -4.016726016998291 12.477849960327148
		endloop
	endfacet
	facet normal 0 -0.9850638855649645 -0.17218926027965512
		outer loop
			vertex 9.300000190734863 -3.993439197540283 12.344630241394043
			vertex 9.300000190734863 -4.016726016998291 12.477849960327148
			vertex -0.5 -4.016726016998291 12.477849960327148
		endloop
	endfacet
	facet normal 0 -0.9863447068753464 0.16469401694957622
		outer loop
			vertex 9.300000190734863 -4.015196800231934 12.076000213623047
			vertex -0.5 -3.992924213409424 12.209389686584473
			vertex -0.5 -4.015196800231934 12.076000213623047
		endloop
	endfacet
	facet normal 0 -0.9863447068753464 0.16469401694957622
		outer loop
			vertex 9.300000190734863 -3.992924213409424 12.209389686584473
			vertex -0.5 -3.992924213409424 12.209389686584473
			vertex 9.300000190734863 -4.015196800231934 12.076000213623047
		endloop
	endfacet
	facet normal 0 -0.9999927499819645 -0.0038078843874921435
		outer loop
			vertex -0.5 -3.992924213409424 12.209389686584473
			vertex 9.300000190734863 -3.992924213409424 12.209389686584473
			vertex -0.5 -3.993439197540283 12.344630241394043
		endloop
	endfacet
	facet normal 0 -0.9999927499819645 -0.0038078843874921435
		outer loop
			vertex 9.300000190734863 -3.992924213409424 12.209389686584473
			vertex 9.300000190734863 -3.993439197540283 12.344630241394043
			vertex -0.5 -3.993439197540283 12.344630241394043
		endloop
	endfacet
	facet normal 0 0.7616866253261375 0.6479455878384236
		outer loop
			vertex 9.300000190734863 -6.519373893737793 11.18655014038086
			vertex -0.5 -6.431746006011963 11.083539962768555
			vertex -0.5 -6.519373893737793 11.18655014038086
		endloop
	endfacet
	facet normal 0 0.7616866253261375 0.6479455878384236
		outer loop
			vertex 9.300000190734863 -6.431746006011963 11.083539962768555
			vertex -0.5 -6.431746006011963 11.083539962768555
			vertex 9.300000190734863 -6.519373893737793 11.18655014038086
		endloop
	endfacet
	facet normal 0 0.641669938292339 0.7669808930422621
		outer loop
			vertex 9.300000190734863 -6.431746006011963 11.083539962768555
			vertex -0.5 -6.3280181884765625 10.996759414672852
			vertex -0.5 -6.431746006011963 11.083539962768555
		endloop
	endfacet
	facet normal 0 0.641669938292339 0.7669808930422621
		outer loop
			vertex 9.300000190734863 -6.3280181884765625 10.996759414672852
			vertex -0.5 -6.3280181884765625 10.996759414672852
			vertex 9.300000190734863 -6.431746006011963 11.083539962768555
		endloop
	endfacet
	facet normal 0 0.503288650495764 0.8641183566399646
		outer loop
			vertex 9.300000190734863 -6.3280181884765625 10.996759414672852
			vertex -0.5 -6.211154937744141 10.928694725036621
			vertex -0.5 -6.3280181884765625 10.996759414672852
		endloop
	endfacet
	facet normal 0 0.503288650495764 0.8641183566399646
		outer loop
			vertex 9.300000190734863 -6.211154937744141 10.928694725036621
			vertex -0.5 -6.211154937744141 10.928694725036621
			vertex 9.300000190734863 -6.3280181884765625 10.996759414672852
		endloop
	endfacet
	facet normal 0 0.35054880396668225 0.9365444655954829
		outer loop
			vertex 9.300000190734863 -6.211154937744141 10.928694725036621
			vertex -0.5 -6.084496974945068 10.88128662109375
			vertex -0.5 -6.211154937744141 10.928694725036621
		endloop
	endfacet
	facet normal 0 0.35054880396668225 0.9365444655954829
		outer loop
			vertex 9.300000190734863 -6.084496974945068 10.88128662109375
			vertex -0.5 -6.084496974945068 10.88128662109375
			vertex 9.300000190734863 -6.211154937744141 10.928694725036621
		endloop
	endfacet
	facet normal 0 0.18778055945697164 0.9822110066019557
		outer loop
			vertex 9.300000190734863 -6.084496974945068 10.88128662109375
			vertex -0.5 -5.951663017272949 10.855891227722168
			vertex -0.5 -6.084496974945068 10.88128662109375
		endloop
	endfacet
	facet normal 0 0.18778055945697164 0.9822110066019557
		outer loop
			vertex 9.300000190734863 -5.951663017272949 10.855891227722168
			vertex -0.5 -5.951663017272949 10.855891227722168
			vertex 9.300000190734863 -6.084496974945068 10.88128662109375
		endloop
	endfacet
	facet normal 0 0.01964636957394555 0.9998069914551329
		outer loop
			vertex 9.300000190734863 -5.951663017272949 10.855891227722168
			vertex -0.5 -5.816451072692871 10.85323429107666
			vertex -0.5 -5.951663017272949 10.855891227722168
		endloop
	endfacet
	facet normal 0 0.01964636957394555 0.9998069914551329
		outer loop
			vertex 9.300000190734863 -5.816451072692871 10.85323429107666
			vertex -0.5 -5.816451072692871 10.85323429107666
			vertex 9.300000190734863 -5.951663017272949 10.855891227722168
		endloop
	endfacet
	facet normal 0 -0.14904558927750913 0.9888303253424828
		outer loop
			vertex 9.300000190734863 -5.816451072692871 10.85323429107666
			vertex -0.5 -5.682722091674805 10.873391151428223
			vertex -0.5 -5.816451072692871 10.85323429107666
		endloop
	endfacet
	facet normal 0 -0.14904558927750913 0.9888303253424828
		outer loop
			vertex 9.300000190734863 -5.682722091674805 10.873391151428223
			vertex -0.5 -5.682722091674805 10.873391151428223
			vertex 9.300000190734863 -5.816451072692871 10.85323429107666
		endloop
	endfacet
	facet normal 0 -0.3134752246823011 0.9495963792635168
		outer loop
			vertex 9.300000190734863 -5.682722091674805 10.873391151428223
			vertex -0.5 -5.554297924041748 10.915785789489746
			vertex -0.5 -5.682722091674805 10.873391151428223
		endloop
	endfacet
	facet normal 0 -0.3134752246823011 0.9495963792635168
		outer loop
			vertex 9.300000190734863 -5.554297924041748 10.915785789489746
			vertex -0.5 -5.554297924041748 10.915785789489746
			vertex 9.300000190734863 -5.682722091674805 10.873391151428223
		endloop
	endfacet
	facet normal 0 -0.46895172639081284 0.8832237985443306
		outer loop
			vertex 9.300000190734863 -5.554297924041748 10.915785789489746
			vertex -0.5 -5.434852123260498 10.979206085205078
			vertex -0.5 -5.554297924041748 10.915785789489746
		endloop
	endfacet
	facet normal 0 -0.46895172639081284 0.8832237985443306
		outer loop
			vertex 9.300000190734863 -5.434852123260498 10.979206085205078
			vertex -0.5 -5.434852123260498 10.979206085205078
			vertex 9.300000190734863 -5.554297924041748 10.915785789489746
		endloop
	endfacet
	facet normal 0 0.9836103304468042 0.18030728725797143
		outer loop
			vertex 9.300000190734863 -0.4186960458755493 13.581489562988281
			vertex -0.5 -0.3943120241165161 13.448470115661621
			vertex -0.5 -0.4186960458755493 13.581489562988281
		endloop
	endfacet
	facet normal 0 0.9836103304468042 0.18030728725797143
		outer loop
			vertex 9.300000190734863 -0.3943120241165161 13.448470115661621
			vertex -0.5 -0.3943120241165161 13.448470115661621
			vertex 9.300000190734863 -0.4186960458755493 13.581489562988281
		endloop
	endfacet
	facet normal 0 0.939182886915945 0.34341739170320384
		outer loop
			vertex 9.300000190734863 -0.3943120241165161 13.448470115661621
			vertex -0.5 -0.34786999225616455 13.321459770202637
			vertex -0.5 -0.3943120241165161 13.448470115661621
		endloop
	endfacet
	facet normal 0 0.939182886915945 0.34341739170320384
		outer loop
			vertex 9.300000190734863 -0.34786999225616455 13.321459770202637
			vertex -0.5 -0.34786999225616455 13.321459770202637
			vertex 9.300000190734863 -0.3943120241165161 13.448470115661621
		endloop
	endfacet
	facet normal 0 0.8679287907798414 0.4966886490905974
		outer loop
			vertex 9.300000190734863 -0.34786999225616455 13.321459770202637
			vertex -0.5 -0.2806969881057739 13.204079627990723
			vertex -0.5 -0.34786999225616455 13.321459770202637
		endloop
	endfacet
	facet normal 0 0.8679287907798414 0.4966886490905974
		outer loop
			vertex 9.300000190734863 -0.2806969881057739 13.204079627990723
			vertex -0.5 -0.2806969881057739 13.204079627990723
			vertex 9.300000190734863 -0.34786999225616455 13.321459770202637
		endloop
	endfacet
	facet normal 0 0.7718632888104864 0.6357885366901953
		outer loop
			vertex 9.300000190734863 -0.2806969881057739 13.204079627990723
			vertex -0.5 -0.19471096992492676 13.099690437316895
			vertex -0.5 -0.2806969881057739 13.204079627990723
		endloop
	endfacet
	facet normal 0 0.7718632888104864 0.6357885366901953
		outer loop
			vertex 9.300000190734863 -0.19471096992492676 13.099690437316895
			vertex -0.5 -0.19471096992492676 13.099690437316895
			vertex 9.300000190734863 -0.2806969881057739 13.204079627990723
		endloop
	endfacet
	facet normal 0 0.6537328204758236 0.7567254452129416
		outer loop
			vertex 9.300000190734863 -0.19471096992492676 13.099690437316895
			vertex -0.5 -0.09237194061279297 13.011280059814453
			vertex -0.5 -0.19471096992492676 13.099690437316895
		endloop
	endfacet
	facet normal 0 0.6537328204758236 0.7567254452129416
		outer loop
			vertex 9.300000190734863 -0.09237194061279297 13.011280059814453
			vertex -0.5 -0.09237194061279297 13.011280059814453
			vertex 9.300000190734863 -0.19471096992492676 13.099690437316895
		endloop
	endfacet
	facet normal 0 0.5168782648575397 0.8560589111257818
		outer loop
			vertex 9.300000190734863 -0.09237194061279297 13.011280059814453
			vertex -0.5 0.023397982120513916 12.94137954711914
			vertex -0.5 -0.09237194061279297 13.011280059814453
		endloop
	endfacet
	facet normal 0 0.5168782648575397 0.8560589111257818
		outer loop
			vertex 9.300000190734863 0.023397982120513916 12.94137954711914
			vertex -0.5 0.023397982120513916 12.94137954711914
			vertex 9.300000190734863 -0.09237194061279297 13.011280059814453
		endloop
	endfacet
	facet normal 0 0.3653492131649006 0.9308705347360546
		outer loop
			vertex 9.300000190734863 0.023397982120513916 12.94137954711914
			vertex -0.5 0.14928901195526123 12.891969680786133
			vertex -0.5 0.023397982120513916 12.94137954711914
		endloop
	endfacet
	facet normal 0 0.3653492131649006 0.9308705347360546
		outer loop
			vertex 9.300000190734863 0.14928901195526123 12.891969680786133
			vertex -0.5 0.14928901195526123 12.891969680786133
			vertex 9.300000190734863 0.023397982120513916 12.94137954711914
		endloop
	endfacet
	facet normal 0 0.20334303900102396 0.9791075571610243
		outer loop
			vertex 9.300000190734863 0.14928901195526123 12.891969680786133
			vertex -0.5 0.2817037105560303 12.864469528198242
			vertex -0.5 0.14928901195526123 12.891969680786133
		endloop
	endfacet
	facet normal 0 0.20334303900102396 0.9791075571610243
		outer loop
			vertex 9.300000190734863 0.2817037105560303 12.864469528198242
			vertex -0.5 0.2817037105560303 12.864469528198242
			vertex 9.300000190734863 0.14928901195526123 12.891969680786133
		endloop
	endfacet
	facet normal 0 0.0354914242278776 0.9993699809411312
		outer loop
			vertex 9.300000190734863 0.2817037105560303 12.864469528198242
			vertex -0.5 0.4168580174446106 12.85966968536377
			vertex -0.5 0.2817037105560303 12.864469528198242
		endloop
	endfacet
	facet normal 0 0.0354914242278776 0.9993699809411312
		outer loop
			vertex 9.300000190734863 0.4168580174446106 12.85966968536377
			vertex -0.5 0.4168580174446106 12.85966968536377
			vertex 9.300000190734863 0.2817037105560303 12.864469528198242
		endloop
	endfacet
	facet normal 0 0.46895172639081284 0.8832237985443306
		outer loop
			vertex 9.300000190734863 7.434852123260498 10.979206085205078
			vertex -0.5 7.554297924041748 10.915785789489746
			vertex -0.5 7.434852123260498 10.979206085205078
		endloop
	endfacet
	facet normal 0 0.46895172639081284 0.8832237985443306
		outer loop
			vertex 9.300000190734863 7.554297924041748 10.915785789489746
			vertex -0.5 7.554297924041748 10.915785789489746
			vertex 9.300000190734863 7.434852123260498 10.979206085205078
		endloop
	endfacet
	facet normal 0 0.3134752246823011 0.9495963792635168
		outer loop
			vertex 9.300000190734863 7.554297924041748 10.915785789489746
			vertex -0.5 7.682722091674805 10.873391151428223
			vertex -0.5 7.554297924041748 10.915785789489746
		endloop
	endfacet
	facet normal 0 0.3134752246823011 0.9495963792635168
		outer loop
			vertex 9.300000190734863 7.682722091674805 10.873391151428223
			vertex -0.5 7.682722091674805 10.873391151428223
			vertex 9.300000190734863 7.554297924041748 10.915785789489746
		endloop
	endfacet
	facet normal 0 0.14904558927750913 0.9888303253424828
		outer loop
			vertex 9.300000190734863 7.682722091674805 10.873391151428223
			vertex -0.5 7.816451072692871 10.85323429107666
			vertex -0.5 7.682722091674805 10.873391151428223
		endloop
	endfacet
	facet normal 0 0.14904558927750913 0.9888303253424828
		outer loop
			vertex 9.300000190734863 7.816451072692871 10.85323429107666
			vertex -0.5 7.816451072692871 10.85323429107666
			vertex 9.300000190734863 7.682722091674805 10.873391151428223
		endloop
	endfacet
	facet normal 0 -0.01964636957394555 0.9998069914551329
		outer loop
			vertex 9.300000190734863 7.816451072692871 10.85323429107666
			vertex -0.5 7.951663017272949 10.855891227722168
			vertex -0.5 7.816451072692871 10.85323429107666
		endloop
	endfacet
	facet normal 0 -0.01964636957394555 0.9998069914551329
		outer loop
			vertex 9.300000190734863 7.951663017272949 10.855891227722168
			vertex -0.5 7.951663017272949 10.855891227722168
			vertex 9.300000190734863 7.816451072692871 10.85323429107666
		endloop
	endfacet
	facet normal 0 -0.18778055945697164 0.9822110066019557
		outer loop
			vertex 9.300000190734863 7.951663017272949 10.855891227722168
			vertex -0.5 8.084496974945068 10.88128662109375
			vertex -0.5 7.951663017272949 10.855891227722168
		endloop
	endfacet
	facet normal 0 -0.18778055945697164 0.9822110066019557
		outer loop
			vertex 9.300000190734863 8.084496974945068 10.88128662109375
			vertex -0.5 8.084496974945068 10.88128662109375
			vertex 9.300000190734863 7.951663017272949 10.855891227722168
		endloop
	endfacet
	facet normal 0 -0.35054880396668225 0.9365444655954829
		outer loop
			vertex 9.300000190734863 8.084496974945068 10.88128662109375
			vertex -0.5 8.21115493774414 10.928694725036621
			vertex -0.5 8.084496974945068 10.88128662109375
		endloop
	endfacet
	facet normal 0 -0.35054880396668225 0.9365444655954829
		outer loop
			vertex 9.300000190734863 8.21115493774414 10.928694725036621
			vertex -0.5 8.21115493774414 10.928694725036621
			vertex 9.300000190734863 8.084496974945068 10.88128662109375
		endloop
	endfacet
	facet normal 0 -0.503288650495764 0.8641183566399646
		outer loop
			vertex 9.300000190734863 8.21115493774414 10.928694725036621
			vertex -0.5 8.328018188476562 10.996759414672852
			vertex -0.5 8.21115493774414 10.928694725036621
		endloop
	endfacet
	facet normal 0 -0.503288650495764 0.8641183566399646
		outer loop
			vertex 9.300000190734863 8.328018188476562 10.996759414672852
			vertex -0.5 8.328018188476562 10.996759414672852
			vertex 9.300000190734863 8.21115493774414 10.928694725036621
		endloop
	endfacet
	facet normal 0 -0.641669938292339 0.7669808930422621
		outer loop
			vertex 9.300000190734863 8.328018188476562 10.996759414672852
			vertex -0.5 8.431746006011963 11.083539962768555
			vertex -0.5 8.328018188476562 10.996759414672852
		endloop
	endfacet
	facet normal 0 -0.641669938292339 0.7669808930422621
		outer loop
			vertex 9.300000190734863 8.431746006011963 11.083539962768555
			vertex -0.5 8.431746006011963 11.083539962768555
			vertex 9.300000190734863 8.328018188476562 10.996759414672852
		endloop
	endfacet
	facet normal 0 -0.7616866253261375 0.6479455878384236
		outer loop
			vertex 9.300000190734863 8.431746006011963 11.083539962768555
			vertex -0.5 8.519373893737793 11.18655014038086
			vertex -0.5 8.431746006011963 11.083539962768555
		endloop
	endfacet
	facet normal 0 -0.7616866253261375 0.6479455878384236
		outer loop
			vertex 9.300000190734863 8.519373893737793 11.18655014038086
			vertex -0.5 8.519373893737793 11.18655014038086
			vertex 9.300000190734863 8.431746006011963 11.083539962768555
		endloop
	endfacet
	facet normal 0 0.9999927499819645 -0.0038078843874921435
		outer loop
			vertex -0.5 5.993439197540283 12.344630241394043
			vertex 9.300000190734863 5.993439197540283 12.344630241394043
			vertex -0.5 5.992924213409424 12.209389686584473
		endloop
	endfacet
	facet normal 0 0.9999927499819645 -0.0038078843874921435
		outer loop
			vertex 9.300000190734863 5.993439197540283 12.344630241394043
			vertex 9.300000190734863 5.992924213409424 12.209389686584473
			vertex -0.5 5.992924213409424 12.209389686584473
		endloop
	endfacet
	facet normal 0 0.9863447068753464 0.16469401694957622
		outer loop
			vertex 9.300000190734863 5.992924213409424 12.209389686584473
			vertex -0.5 6.015196800231934 12.076000213623047
			vertex -0.5 5.992924213409424 12.209389686584473
		endloop
	endfacet
	facet normal 0 0.9863447068753464 0.16469401694957622
		outer loop
			vertex 9.300000190734863 6.015196800231934 12.076000213623047
			vertex -0.5 6.015196800231934 12.076000213623047
			vertex 9.300000190734863 5.992924213409424 12.209389686584473
		endloop
	endfacet
	facet normal 0 0.9850638855649645 -0.17218926027965512
		outer loop
			vertex -0.5 6.016726016998291 12.477849960327148
			vertex 9.300000190734863 6.016726016998291 12.477849960327148
			vertex -0.5 5.993439197540283 12.344630241394043
		endloop
	endfacet
	facet normal 0 0.9850638855649645 -0.17218926027965512
		outer loop
			vertex 9.300000190734863 6.016726016998291 12.477849960327148
			vertex 9.300000190734863 5.993439197540283 12.344630241394043
			vertex -0.5 5.993439197540283 12.344630241394043
		endloop
	endfacet
	facet normal 0 0.9445133481040313 0.32847303580859294
		outer loop
			vertex 9.300000190734863 6.015196800231934 12.076000213623047
			vertex -0.5 6.0596208572387695 11.948260307312012
			vertex -0.5 6.015196800231934 12.076000213623047
		endloop
	endfacet
	facet normal 0 0.9445133481040313 0.32847303580859294
		outer loop
			vertex 9.300000190734863 6.0596208572387695 11.948260307312012
			vertex -0.5 6.0596208572387695 11.948260307312012
			vertex 9.300000190734863 6.015196800231934 12.076000213623047
		endloop
	endfacet
	facet normal 0 0.9419793989611734 -0.3356706897135146
		outer loop
			vertex -0.5 6.0621209144592285 12.605239868164062
			vertex 9.300000190734863 6.0621209144592285 12.605239868164062
			vertex -0.5 6.016726016998291 12.477849960327148
		endloop
	endfacet
	facet normal 0 0.9419793989611734 -0.3356706897135146
		outer loop
			vertex 9.300000190734863 6.0621209144592285 12.605239868164062
			vertex 9.300000190734863 6.016726016998291 12.477849960327148
			vertex -0.5 6.016726016998291 12.477849960327148
		endloop
	endfacet
	facet normal 0 0.875672345762677 0.48290572875716714
		outer loop
			vertex 9.300000190734863 6.0596208572387695 11.948260307312012
			vertex -0.5 6.1249260902404785 11.829839706420898
			vertex -0.5 6.0596208572387695 11.948260307312012
		endloop
	endfacet
	facet normal 0 0.875672345762677 0.48290572875716714
		outer loop
			vertex 9.300000190734863 6.1249260902404785 11.829839706420898
			vertex -0.5 6.1249260902404785 11.829839706420898
			vertex 9.300000190734863 6.0596208572387695 11.948260307312012
		endloop
	endfacet
	facet normal 0 0.7818440612123898 0.6234740282857956
		outer loop
			vertex 9.300000190734863 6.1249260902404785 11.829839706420898
			vertex -0.5 6.20924711227417 11.724100112915039
			vertex -0.5 6.1249260902404785 11.829839706420898
		endloop
	endfacet
	facet normal 0 0.7818440612123898 0.6234740282857956
		outer loop
			vertex 9.300000190734863 6.20924711227417 11.724100112915039
			vertex -0.5 6.20924711227417 11.724100112915039
			vertex 9.300000190734863 6.1249260902404785 11.829839706420898
		endloop
	endfacet
	facet normal 0 0.6656361296130051 0.7462764520965529
		outer loop
			vertex 9.300000190734863 6.20924711227417 11.724100112915039
			vertex -0.5 6.310173034667969 11.634079933166504
			vertex -0.5 6.20924711227417 11.724100112915039
		endloop
	endfacet
	facet normal 0 0.6656361296130051 0.7462764520965529
		outer loop
			vertex 9.300000190734863 6.310173034667969 11.634079933166504
			vertex -0.5 6.310173034667969 11.634079933166504
			vertex 9.300000190734863 6.20924711227417 11.724100112915039
		endloop
	endfacet
	facet normal 0 0.5303994905705403 0.8477478283089327
		outer loop
			vertex 9.300000190734863 6.310173034667969 11.634079933166504
			vertex -0.5 6.4248199462890625 11.562350273132324
			vertex -0.5 6.310173034667969 11.634079933166504
		endloop
	endfacet
	facet normal 0 0.5303994905705403 0.8477478283089327
		outer loop
			vertex 9.300000190734863 6.4248199462890625 11.562350273132324
			vertex -0.5 6.4248199462890625 11.562350273132324
			vertex 9.300000190734863 6.310173034667969 11.634079933166504
		endloop
	endfacet
	facet normal 0 0.9863447068753464 -0.16469401694957622
		outer loop
			vertex -0.5 6.015196800231934 -10.076000213623047
			vertex 9.300000190734863 6.015196800231934 -10.076000213623047
			vertex -0.5 5.992924213409424 -10.209389686584473
		endloop
	endfacet
	facet normal 0 0.9863447068753464 -0.16469401694957622
		outer loop
			vertex 9.300000190734863 6.015196800231934 -10.076000213623047
			vertex 9.300000190734863 5.992924213409424 -10.209389686584473
			vertex -0.5 5.992924213409424 -10.209389686584473
		endloop
	endfacet
	facet normal 0 0.9999927499819645 0.0038078843874921435
		outer loop
			vertex 9.300000190734863 5.992924213409424 -10.209389686584473
			vertex -0.5 5.993439197540283 -10.344630241394043
			vertex -0.5 5.992924213409424 -10.209389686584473
		endloop
	endfacet
	facet normal 0 0.9999927499819645 0.0038078843874921435
		outer loop
			vertex 9.300000190734863 5.993439197540283 -10.344630241394043
			vertex -0.5 5.993439197540283 -10.344630241394043
			vertex 9.300000190734863 5.992924213409424 -10.209389686584473
		endloop
	endfacet
	facet normal 0 0.9850638855649645 0.17218926027965512
		outer loop
			vertex 9.300000190734863 5.993439197540283 -10.344630241394043
			vertex -0.5 6.016726016998291 -10.477849960327148
			vertex -0.5 5.993439197540283 -10.344630241394043
		endloop
	endfacet
	facet normal 0 0.9850638855649645 0.17218926027965512
		outer loop
			vertex 9.300000190734863 6.016726016998291 -10.477849960327148
			vertex -0.5 6.016726016998291 -10.477849960327148
			vertex 9.300000190734863 5.993439197540283 -10.344630241394043
		endloop
	endfacet
	facet normal 0 0.9445133481040313 -0.32847303580859294
		outer loop
			vertex -0.5 6.0596208572387695 -9.948260307312012
			vertex 9.300000190734863 6.0596208572387695 -9.948260307312012
			vertex -0.5 6.015196800231934 -10.076000213623047
		endloop
	endfacet
	facet normal 0 0.9445133481040313 -0.32847303580859294
		outer loop
			vertex 9.300000190734863 6.0596208572387695 -9.948260307312012
			vertex 9.300000190734863 6.015196800231934 -10.076000213623047
			vertex -0.5 6.015196800231934 -10.076000213623047
		endloop
	endfacet
	facet normal 0 0.9419793989611734 0.3356706897135146
		outer loop
			vertex 9.300000190734863 6.016726016998291 -10.477849960327148
			vertex -0.5 6.0621209144592285 -10.605239868164062
			vertex -0.5 6.016726016998291 -10.477849960327148
		endloop
	endfacet
	facet normal 0 0.9419793989611734 0.3356706897135146
		outer loop
			vertex 9.300000190734863 6.0621209144592285 -10.605239868164062
			vertex -0.5 6.0621209144592285 -10.605239868164062
			vertex 9.300000190734863 6.016726016998291 -10.477849960327148
		endloop
	endfacet
	facet normal 0 0.875672345762677 -0.48290572875716714
		outer loop
			vertex -0.5 6.1249260902404785 -9.829839706420898
			vertex 9.300000190734863 6.1249260902404785 -9.829839706420898
			vertex -0.5 6.0596208572387695 -9.948260307312012
		endloop
	endfacet
	facet normal 0 0.875672345762677 -0.48290572875716714
		outer loop
			vertex 9.300000190734863 6.1249260902404785 -9.829839706420898
			vertex 9.300000190734863 6.0596208572387695 -9.948260307312012
			vertex -0.5 6.0596208572387695 -9.948260307312012
		endloop
	endfacet
	facet normal 0 0.7818440612123898 -0.6234740282857956
		outer loop
			vertex -0.5 6.20924711227417 -9.724100112915039
			vertex 9.300000190734863 6.20924711227417 -9.724100112915039
			vertex -0.5 6.1249260902404785 -9.829839706420898
		endloop
	endfacet
	facet normal 0 0.7818440612123898 -0.6234740282857956
		outer loop
			vertex 9.300000190734863 6.20924711227417 -9.724100112915039
			vertex 9.300000190734863 6.1249260902404785 -9.829839706420898
			vertex -0.5 6.1249260902404785 -9.829839706420898
		endloop
	endfacet
	facet normal 0 0.6656361296130051 -0.7462764520965529
		outer loop
			vertex -0.5 6.310173034667969 -9.634079933166504
			vertex 9.300000190734863 6.310173034667969 -9.634079933166504
			vertex -0.5 6.20924711227417 -9.724100112915039
		endloop
	endfacet
	facet normal 0 0.6656361296130051 -0.7462764520965529
		outer loop
			vertex 9.300000190734863 6.310173034667969 -9.634079933166504
			vertex 9.300000190734863 6.20924711227417 -9.724100112915039
			vertex -0.5 6.20924711227417 -9.724100112915039
		endloop
	endfacet
	facet normal 0 0.5303994905705403 -0.8477478283089327
		outer loop
			vertex -0.5 6.4248199462890625 -9.562350273132324
			vertex 9.300000190734863 6.4248199462890625 -9.562350273132324
			vertex -0.5 6.310173034667969 -9.634079933166504
		endloop
	endfacet
	facet normal 0 0.5303994905705403 -0.8477478283089327
		outer loop
			vertex 9.300000190734863 6.4248199462890625 -9.562350273132324
			vertex 9.300000190734863 6.310173034667969 -9.634079933166504
			vertex -0.5 6.310173034667969 -9.634079933166504
		endloop
	endfacet
	facet normal 0 0.46895172639081284 -0.8832237985443306
		outer loop
			vertex -0.5 7.554297924041748 -8.915785789489746
			vertex 9.300000190734863 7.554297924041748 -8.915785789489746
			vertex -0.5 7.434852123260498 -8.979206085205078
		endloop
	endfacet
	facet normal 0 0.46895172639081284 -0.8832237985443306
		outer loop
			vertex 9.300000190734863 7.554297924041748 -8.915785789489746
			vertex 9.300000190734863 7.434852123260498 -8.979206085205078
			vertex -0.5 7.434852123260498 -8.979206085205078
		endloop
	endfacet
	facet normal 0 0.3134752246823011 -0.9495963792635168
		outer loop
			vertex -0.5 7.682722091674805 -8.873391151428223
			vertex 9.300000190734863 7.682722091674805 -8.873391151428223
			vertex -0.5 7.554297924041748 -8.915785789489746
		endloop
	endfacet
	facet normal 0 0.3134752246823011 -0.9495963792635168
		outer loop
			vertex 9.300000190734863 7.682722091674805 -8.873391151428223
			vertex 9.300000190734863 7.554297924041748 -8.915785789489746
			vertex -0.5 7.554297924041748 -8.915785789489746
		endloop
	endfacet
	facet normal 0 0.14904558927750913 -0.9888303253424828
		outer loop
			vertex -0.5 7.816451072692871 -8.85323429107666
			vertex 9.300000190734863 7.816451072692871 -8.85323429107666
			vertex -0.5 7.682722091674805 -8.873391151428223
		endloop
	endfacet
	facet normal 0 0.14904558927750913 -0.9888303253424828
		outer loop
			vertex 9.300000190734863 7.816451072692871 -8.85323429107666
			vertex 9.300000190734863 7.682722091674805 -8.873391151428223
			vertex -0.5 7.682722091674805 -8.873391151428223
		endloop
	endfacet
	facet normal 0 -0.01964636957394555 -0.9998069914551329
		outer loop
			vertex -0.5 7.951663017272949 -8.855891227722168
			vertex 9.300000190734863 7.951663017272949 -8.855891227722168
			vertex -0.5 7.816451072692871 -8.85323429107666
		endloop
	endfacet
	facet normal 0 -0.01964636957394555 -0.9998069914551329
		outer loop
			vertex 9.300000190734863 7.951663017272949 -8.855891227722168
			vertex 9.300000190734863 7.816451072692871 -8.85323429107666
			vertex -0.5 7.816451072692871 -8.85323429107666
		endloop
	endfacet
	facet normal 0 -0.18778055945697164 -0.9822110066019557
		outer loop
			vertex -0.5 8.084496974945068 -8.88128662109375
			vertex 9.300000190734863 8.084496974945068 -8.88128662109375
			vertex -0.5 7.951663017272949 -8.855891227722168
		endloop
	endfacet
	facet normal 0 -0.18778055945697164 -0.9822110066019557
		outer loop
			vertex 9.300000190734863 8.084496974945068 -8.88128662109375
			vertex 9.300000190734863 7.951663017272949 -8.855891227722168
			vertex -0.5 7.951663017272949 -8.855891227722168
		endloop
	endfacet
	facet normal 0 -0.35054880396668225 -0.9365444655954829
		outer loop
			vertex -0.5 8.21115493774414 -8.928694725036621
			vertex 9.300000190734863 8.21115493774414 -8.928694725036621
			vertex -0.5 8.084496974945068 -8.88128662109375
		endloop
	endfacet
	facet normal 0 -0.35054880396668225 -0.9365444655954829
		outer loop
			vertex 9.300000190734863 8.21115493774414 -8.928694725036621
			vertex 9.300000190734863 8.084496974945068 -8.88128662109375
			vertex -0.5 8.084496974945068 -8.88128662109375
		endloop
	endfacet
	facet normal 0 -0.503288650495764 -0.8641183566399646
		outer loop
			vertex -0.5 8.328018188476562 -8.996759414672852
			vertex 9.300000190734863 8.328018188476562 -8.996759414672852
			vertex -0.5 8.21115493774414 -8.928694725036621
		endloop
	endfacet
	facet normal 0 -0.503288650495764 -0.8641183566399646
		outer loop
			vertex 9.300000190734863 8.328018188476562 -8.996759414672852
			vertex 9.300000190734863 8.21115493774414 -8.928694725036621
			vertex -0.5 8.21115493774414 -8.928694725036621
		endloop
	endfacet
	facet normal 0 -0.641669938292339 -0.7669808930422621
		outer loop
			vertex -0.5 8.431746006011963 -9.083539962768555
			vertex 9.300000190734863 8.431746006011963 -9.083539962768555
			vertex -0.5 8.328018188476562 -8.996759414672852
		endloop
	endfacet
	facet normal 0 -0.641669938292339 -0.7669808930422621
		outer loop
			vertex 9.300000190734863 8.431746006011963 -9.083539962768555
			vertex 9.300000190734863 8.328018188476562 -8.996759414672852
			vertex -0.5 8.328018188476562 -8.996759414672852
		endloop
	endfacet
	facet normal 0 -0.7616866253261375 -0.6479455878384236
		outer loop
			vertex -0.5 8.519373893737793 -9.18655014038086
			vertex 9.300000190734863 8.519373893737793 -9.18655014038086
			vertex -0.5 8.431746006011963 -9.083539962768555
		endloop
	endfacet
	facet normal 0 -0.7616866253261375 -0.6479455878384236
		outer loop
			vertex 9.300000190734863 8.519373893737793 -9.18655014038086
			vertex 9.300000190734863 8.431746006011963 -9.083539962768555
			vertex -0.5 8.431746006011963 -9.083539962768555
		endloop
	endfacet
	facet normal 0 0.9836103304468042 -0.18030728725797143
		outer loop
			vertex -0.5 -0.3943120241165161 -11.448470115661621
			vertex 9.300000190734863 -0.3943120241165161 -11.448470115661621
			vertex -0.5 -0.4186960458755493 -11.581489562988281
		endloop
	endfacet
	facet normal 0 0.9836103304468042 -0.18030728725797143
		outer loop
			vertex 9.300000190734863 -0.3943120241165161 -11.448470115661621
			vertex 9.300000190734863 -0.4186960458755493 -11.581489562988281
			vertex -0.5 -0.4186960458755493 -11.581489562988281
		endloop
	endfacet
	facet normal 0 0.939182886915945 -0.34341739170320384
		outer loop
			vertex -0.5 -0.34786999225616455 -11.321459770202637
			vertex 9.300000190734863 -0.34786999225616455 -11.321459770202637
			vertex -0.5 -0.3943120241165161 -11.448470115661621
		endloop
	endfacet
	facet normal 0 0.939182886915945 -0.34341739170320384
		outer loop
			vertex 9.300000190734863 -0.34786999225616455 -11.321459770202637
			vertex 9.300000190734863 -0.3943120241165161 -11.448470115661621
			vertex -0.5 -0.3943120241165161 -11.448470115661621
		endloop
	endfacet
	facet normal 0 0.8679287907798414 -0.4966886490905974
		outer loop
			vertex -0.5 -0.2806969881057739 -11.204079627990723
			vertex 9.300000190734863 -0.2806969881057739 -11.204079627990723
			vertex -0.5 -0.34786999225616455 -11.321459770202637
		endloop
	endfacet
	facet normal 0 0.8679287907798414 -0.4966886490905974
		outer loop
			vertex 9.300000190734863 -0.2806969881057739 -11.204079627990723
			vertex 9.300000190734863 -0.34786999225616455 -11.321459770202637
			vertex -0.5 -0.34786999225616455 -11.321459770202637
		endloop
	endfacet
	facet normal 0 0.7718632888104864 -0.6357885366901953
		outer loop
			vertex -0.5 -0.19471096992492676 -11.099690437316895
			vertex 9.300000190734863 -0.19471096992492676 -11.099690437316895
			vertex -0.5 -0.2806969881057739 -11.204079627990723
		endloop
	endfacet
	facet normal 0 0.7718632888104864 -0.6357885366901953
		outer loop
			vertex 9.300000190734863 -0.19471096992492676 -11.099690437316895
			vertex 9.300000190734863 -0.2806969881057739 -11.204079627990723
			vertex -0.5 -0.2806969881057739 -11.204079627990723
		endloop
	endfacet
	facet normal 0 0.6537328204758236 -0.7567254452129416
		outer loop
			vertex -0.5 -0.09237194061279297 -11.011280059814453
			vertex 9.300000190734863 -0.09237194061279297 -11.011280059814453
			vertex -0.5 -0.19471096992492676 -11.099690437316895
		endloop
	endfacet
	facet normal 0 0.6537328204758236 -0.7567254452129416
		outer loop
			vertex 9.300000190734863 -0.09237194061279297 -11.011280059814453
			vertex 9.300000190734863 -0.19471096992492676 -11.099690437316895
			vertex -0.5 -0.19471096992492676 -11.099690437316895
		endloop
	endfacet
	facet normal 0 0.5168782648575397 -0.8560589111257818
		outer loop
			vertex -0.5 0.023397982120513916 -10.94137954711914
			vertex 9.300000190734863 0.023397982120513916 -10.94137954711914
			vertex -0.5 -0.09237194061279297 -11.011280059814453
		endloop
	endfacet
	facet normal 0 0.5168782648575397 -0.8560589111257818
		outer loop
			vertex 9.300000190734863 0.023397982120513916 -10.94137954711914
			vertex 9.300000190734863 -0.09237194061279297 -11.011280059814453
			vertex -0.5 -0.09237194061279297 -11.011280059814453
		endloop
	endfacet
	facet normal 0 0.3653492131649006 -0.9308705347360546
		outer loop
			vertex -0.5 0.14928901195526123 -10.891969680786133
			vertex 9.300000190734863 0.14928901195526123 -10.891969680786133
			vertex -0.5 0.023397982120513916 -10.94137954711914
		endloop
	endfacet
	facet normal 0 0.3653492131649006 -0.9308705347360546
		outer loop
			vertex 9.300000190734863 0.14928901195526123 -10.891969680786133
			vertex 9.300000190734863 0.023397982120513916 -10.94137954711914
			vertex -0.5 0.023397982120513916 -10.94137954711914
		endloop
	endfacet
	facet normal 0 0.20334303900102396 -0.9791075571610243
		outer loop
			vertex -0.5 0.2817037105560303 -10.864469528198242
			vertex 9.300000190734863 0.2817037105560303 -10.864469528198242
			vertex -0.5 0.14928901195526123 -10.891969680786133
		endloop
	endfacet
	facet normal 0 0.20334303900102396 -0.9791075571610243
		outer loop
			vertex 9.300000190734863 0.2817037105560303 -10.864469528198242
			vertex 9.300000190734863 0.14928901195526123 -10.891969680786133
			vertex -0.5 0.14928901195526123 -10.891969680786133
		endloop
	endfacet
	facet normal 0 0.0354914242278776 -0.9993699809411312
		outer loop
			vertex -0.5 0.4168580174446106 -10.85966968536377
			vertex 9.300000190734863 0.4168580174446106 -10.85966968536377
			vertex -0.5 0.2817037105560303 -10.864469528198242
		endloop
	endfacet
	facet normal 0 0.0354914242278776 -0.9993699809411312
		outer loop
			vertex 9.300000190734863 0.4168580174446106 -10.85966968536377
			vertex 9.300000190734863 0.2817037105560303 -10.864469528198242
			vertex -0.5 0.2817037105560303 -10.864469528198242
		endloop
	endfacet
	facet normal 0 -0.0354914242278776 -0.9993699809411312
		outer loop
			vertex -0.5 1.7182962894439697 -10.864469528198242
			vertex 9.300000190734863 1.7182962894439697 -10.864469528198242
			vertex -0.5 1.5831419825553894 -10.85966968536377
		endloop
	endfacet
	facet normal 0 -0.0354914242278776 -0.9993699809411312
		outer loop
			vertex 9.300000190734863 1.7182962894439697 -10.864469528198242
			vertex 9.300000190734863 1.5831419825553894 -10.85966968536377
			vertex -0.5 1.5831419825553894 -10.85966968536377
		endloop
	endfacet
	facet normal 0 -0.20334303900102396 -0.9791075571610243
		outer loop
			vertex -0.5 1.8507109880447388 -10.891969680786133
			vertex 9.300000190734863 1.8507109880447388 -10.891969680786133
			vertex -0.5 1.7182962894439697 -10.864469528198242
		endloop
	endfacet
	facet normal 0 -0.20334303900102396 -0.9791075571610243
		outer loop
			vertex 9.300000190734863 1.8507109880447388 -10.891969680786133
			vertex 9.300000190734863 1.7182962894439697 -10.864469528198242
			vertex -0.5 1.7182962894439697 -10.864469528198242
		endloop
	endfacet
	facet normal 0 -0.3653492131649006 -0.9308705347360546
		outer loop
			vertex -0.5 1.976602017879486 -10.94137954711914
			vertex 9.300000190734863 1.976602017879486 -10.94137954711914
			vertex -0.5 1.8507109880447388 -10.891969680786133
		endloop
	endfacet
	facet normal 0 -0.3653492131649006 -0.9308705347360546
		outer loop
			vertex 9.300000190734863 1.976602017879486 -10.94137954711914
			vertex 9.300000190734863 1.8507109880447388 -10.891969680786133
			vertex -0.5 1.8507109880447388 -10.891969680786133
		endloop
	endfacet
	facet normal 0 -0.5168782648575397 -0.8560589111257818
		outer loop
			vertex -0.5 2.092371940612793 -11.011280059814453
			vertex 9.300000190734863 2.092371940612793 -11.011280059814453
			vertex -0.5 1.976602017879486 -10.94137954711914
		endloop
	endfacet
	facet normal 0 -0.5168782648575397 -0.8560589111257818
		outer loop
			vertex 9.300000190734863 2.092371940612793 -11.011280059814453
			vertex 9.300000190734863 1.976602017879486 -10.94137954711914
			vertex -0.5 1.976602017879486 -10.94137954711914
		endloop
	endfacet
	facet normal 0 -0.6537328204758236 -0.7567254452129416
		outer loop
			vertex -0.5 2.1947109699249268 -11.099690437316895
			vertex 9.300000190734863 2.1947109699249268 -11.099690437316895
			vertex -0.5 2.092371940612793 -11.011280059814453
		endloop
	endfacet
	facet normal 0 -0.6537328204758236 -0.7567254452129416
		outer loop
			vertex 9.300000190734863 2.1947109699249268 -11.099690437316895
			vertex 9.300000190734863 2.092371940612793 -11.011280059814453
			vertex -0.5 2.092371940612793 -11.011280059814453
		endloop
	endfacet
	facet normal 0 -0.7718632888104864 -0.6357885366901953
		outer loop
			vertex -0.5 2.280696988105774 -11.204079627990723
			vertex 9.300000190734863 2.280696988105774 -11.204079627990723
			vertex -0.5 2.1947109699249268 -11.099690437316895
		endloop
	endfacet
	facet normal 0 -0.7718632888104864 -0.6357885366901953
		outer loop
			vertex 9.300000190734863 2.280696988105774 -11.204079627990723
			vertex 9.300000190734863 2.1947109699249268 -11.099690437316895
			vertex -0.5 2.1947109699249268 -11.099690437316895
		endloop
	endfacet
	facet normal 0 -0.8679287907798414 -0.4966886490905974
		outer loop
			vertex -0.5 2.3478699922561646 -11.321459770202637
			vertex 9.300000190734863 2.3478699922561646 -11.321459770202637
			vertex -0.5 2.280696988105774 -11.204079627990723
		endloop
	endfacet
	facet normal 0 -0.8679287907798414 -0.4966886490905974
		outer loop
			vertex 9.300000190734863 2.3478699922561646 -11.321459770202637
			vertex 9.300000190734863 2.280696988105774 -11.204079627990723
			vertex -0.5 2.280696988105774 -11.204079627990723
		endloop
	endfacet
	facet normal 0 -0.939182886915945 -0.34341739170320384
		outer loop
			vertex -0.5 2.394312024116516 -11.448470115661621
			vertex 9.300000190734863 2.394312024116516 -11.448470115661621
			vertex -0.5 2.3478699922561646 -11.321459770202637
		endloop
	endfacet
	facet normal 0 -0.939182886915945 -0.34341739170320384
		outer loop
			vertex 9.300000190734863 2.394312024116516 -11.448470115661621
			vertex 9.300000190734863 2.3478699922561646 -11.321459770202637
			vertex -0.5 2.3478699922561646 -11.321459770202637
		endloop
	endfacet
	facet normal 0 -0.9836103304468042 -0.18030728725797143
		outer loop
			vertex -0.5 2.4186960458755493 -11.581489562988281
			vertex 9.300000190734863 2.4186960458755493 -11.581489562988281
			vertex -0.5 2.394312024116516 -11.448470115661621
		endloop
	endfacet
	facet normal 0 -0.9836103304468042 -0.18030728725797143
		outer loop
			vertex 9.300000190734863 2.4186960458755493 -11.581489562988281
			vertex 9.300000190734863 2.394312024116516 -11.448470115661621
			vertex -0.5 2.394312024116516 -11.448470115661621
		endloop
	endfacet
	facet normal 0 0.7616866253261375 -0.6479455878384236
		outer loop
			vertex -0.5 -6.431746006011963 -9.083539962768555
			vertex 9.300000190734863 -6.431746006011963 -9.083539962768555
			vertex -0.5 -6.519373893737793 -9.18655014038086
		endloop
	endfacet
	facet normal 0 0.7616866253261375 -0.6479455878384236
		outer loop
			vertex 9.300000190734863 -6.431746006011963 -9.083539962768555
			vertex 9.300000190734863 -6.519373893737793 -9.18655014038086
			vertex -0.5 -6.519373893737793 -9.18655014038086
		endloop
	endfacet
	facet normal 0 0.641669938292339 -0.7669808930422621
		outer loop
			vertex -0.5 -6.3280181884765625 -8.996759414672852
			vertex 9.300000190734863 -6.3280181884765625 -8.996759414672852
			vertex -0.5 -6.431746006011963 -9.083539962768555
		endloop
	endfacet
	facet normal 0 0.641669938292339 -0.7669808930422621
		outer loop
			vertex 9.300000190734863 -6.3280181884765625 -8.996759414672852
			vertex 9.300000190734863 -6.431746006011963 -9.083539962768555
			vertex -0.5 -6.431746006011963 -9.083539962768555
		endloop
	endfacet
	facet normal 0 0.503288650495764 -0.8641183566399646
		outer loop
			vertex -0.5 -6.211154937744141 -8.928694725036621
			vertex 9.300000190734863 -6.211154937744141 -8.928694725036621
			vertex -0.5 -6.3280181884765625 -8.996759414672852
		endloop
	endfacet
	facet normal 0 0.503288650495764 -0.8641183566399646
		outer loop
			vertex 9.300000190734863 -6.211154937744141 -8.928694725036621
			vertex 9.300000190734863 -6.3280181884765625 -8.996759414672852
			vertex -0.5 -6.3280181884765625 -8.996759414672852
		endloop
	endfacet
	facet normal 0 0.35054880396668225 -0.9365444655954829
		outer loop
			vertex -0.5 -6.084496974945068 -8.88128662109375
			vertex 9.300000190734863 -6.084496974945068 -8.88128662109375
			vertex -0.5 -6.211154937744141 -8.928694725036621
		endloop
	endfacet
	facet normal 0 0.35054880396668225 -0.9365444655954829
		outer loop
			vertex 9.300000190734863 -6.084496974945068 -8.88128662109375
			vertex 9.300000190734863 -6.211154937744141 -8.928694725036621
			vertex -0.5 -6.211154937744141 -8.928694725036621
		endloop
	endfacet
	facet normal 0 0.18778055945697164 -0.9822110066019557
		outer loop
			vertex -0.5 -5.951663017272949 -8.855891227722168
			vertex 9.300000190734863 -5.951663017272949 -8.855891227722168
			vertex -0.5 -6.084496974945068 -8.88128662109375
		endloop
	endfacet
	facet normal 0 0.18778055945697164 -0.9822110066019557
		outer loop
			vertex 9.300000190734863 -5.951663017272949 -8.855891227722168
			vertex 9.300000190734863 -6.084496974945068 -8.88128662109375
			vertex -0.5 -6.084496974945068 -8.88128662109375
		endloop
	endfacet
	facet normal 0 0.01964636957394555 -0.9998069914551329
		outer loop
			vertex -0.5 -5.816451072692871 -8.85323429107666
			vertex 9.300000190734863 -5.816451072692871 -8.85323429107666
			vertex -0.5 -5.951663017272949 -8.855891227722168
		endloop
	endfacet
	facet normal 0 0.01964636957394555 -0.9998069914551329
		outer loop
			vertex 9.300000190734863 -5.816451072692871 -8.85323429107666
			vertex 9.300000190734863 -5.951663017272949 -8.855891227722168
			vertex -0.5 -5.951663017272949 -8.855891227722168
		endloop
	endfacet
	facet normal 0 -0.14904558927750913 -0.9888303253424828
		outer loop
			vertex -0.5 -5.682722091674805 -8.873391151428223
			vertex 9.300000190734863 -5.682722091674805 -8.873391151428223
			vertex -0.5 -5.816451072692871 -8.85323429107666
		endloop
	endfacet
	facet normal 0 -0.14904558927750913 -0.9888303253424828
		outer loop
			vertex 9.300000190734863 -5.682722091674805 -8.873391151428223
			vertex 9.300000190734863 -5.816451072692871 -8.85323429107666
			vertex -0.5 -5.816451072692871 -8.85323429107666
		endloop
	endfacet
	facet normal 0 -0.3134752246823011 -0.9495963792635168
		outer loop
			vertex -0.5 -5.554297924041748 -8.915785789489746
			vertex 9.300000190734863 -5.554297924041748 -8.915785789489746
			vertex -0.5 -5.682722091674805 -8.873391151428223
		endloop
	endfacet
	facet normal 0 -0.3134752246823011 -0.9495963792635168
		outer loop
			vertex 9.300000190734863 -5.554297924041748 -8.915785789489746
			vertex 9.300000190734863 -5.682722091674805 -8.873391151428223
			vertex -0.5 -5.682722091674805 -8.873391151428223
		endloop
	endfacet
	facet normal 0 -0.46895172639081284 -0.8832237985443306
		outer loop
			vertex -0.5 -5.434852123260498 -8.979206085205078
			vertex 9.300000190734863 -5.434852123260498 -8.979206085205078
			vertex -0.5 -5.554297924041748 -8.915785789489746
		endloop
	endfacet
	facet normal 0 -0.46895172639081284 -0.8832237985443306
		outer loop
			vertex 9.300000190734863 -5.434852123260498 -8.979206085205078
			vertex 9.300000190734863 -5.554297924041748 -8.915785789489746
			vertex -0.5 -5.554297924041748 -8.915785789489746
		endloop
	endfacet
	facet normal 0 -0.5303994905705403 -0.8477478283089327
		outer loop
			vertex -0.5 -4.310173034667969 -9.634079933166504
			vertex 9.300000190734863 -4.310173034667969 -9.634079933166504
			vertex -0.5 -4.4248199462890625 -9.562350273132324
		endloop
	endfacet
	facet normal 0 -0.5303994905705403 -0.8477478283089327
		outer loop
			vertex 9.300000190734863 -4.310173034667969 -9.634079933166504
			vertex 9.300000190734863 -4.4248199462890625 -9.562350273132324
			vertex -0.5 -4.4248199462890625 -9.562350273132324
		endloop
	endfacet
	facet normal 0 -0.6656361296130051 -0.7462764520965529
		outer loop
			vertex -0.5 -4.20924711227417 -9.724100112915039
			vertex 9.300000190734863 -4.20924711227417 -9.724100112915039
			vertex -0.5 -4.310173034667969 -9.634079933166504
		endloop
	endfacet
	facet normal 0 -0.6656361296130051 -0.7462764520965529
		outer loop
			vertex 9.300000190734863 -4.20924711227417 -9.724100112915039
			vertex 9.300000190734863 -4.310173034667969 -9.634079933166504
			vertex -0.5 -4.310173034667969 -9.634079933166504
		endloop
	endfacet
	facet normal 0 -0.7818440612123898 -0.6234740282857956
		outer loop
			vertex -0.5 -4.1249260902404785 -9.829839706420898
			vertex 9.300000190734863 -4.1249260902404785 -9.829839706420898
			vertex -0.5 -4.20924711227417 -9.724100112915039
		endloop
	endfacet
	facet normal 0 -0.7818440612123898 -0.6234740282857956
		outer loop
			vertex 9.300000190734863 -4.1249260902404785 -9.829839706420898
			vertex 9.300000190734863 -4.20924711227417 -9.724100112915039
			vertex -0.5 -4.20924711227417 -9.724100112915039
		endloop
	endfacet
	facet normal 0 -0.875672345762677 -0.48290572875716714
		outer loop
			vertex -0.5 -4.0596208572387695 -9.948260307312012
			vertex 9.300000190734863 -4.0596208572387695 -9.948260307312012
			vertex -0.5 -4.1249260902404785 -9.829839706420898
		endloop
	endfacet
	facet normal 0 -0.875672345762677 -0.48290572875716714
		outer loop
			vertex 9.300000190734863 -4.0596208572387695 -9.948260307312012
			vertex 9.300000190734863 -4.1249260902404785 -9.829839706420898
			vertex -0.5 -4.1249260902404785 -9.829839706420898
		endloop
	endfacet
	facet normal 0 -0.9419793989611734 0.3356706897135146
		outer loop
			vertex 9.300000190734863 -4.0621209144592285 -10.605239868164062
			vertex -0.5 -4.016726016998291 -10.477849960327148
			vertex -0.5 -4.0621209144592285 -10.605239868164062
		endloop
	endfacet
	facet normal 0 -0.9419793989611734 0.3356706897135146
		outer loop
			vertex 9.300000190734863 -4.016726016998291 -10.477849960327148
			vertex -0.5 -4.016726016998291 -10.477849960327148
			vertex 9.300000190734863 -4.0621209144592285 -10.605239868164062
		endloop
	endfacet
	facet normal 0 -0.9445133481040313 -0.32847303580859294
		outer loop
			vertex -0.5 -4.015196800231934 -10.076000213623047
			vertex 9.300000190734863 -4.015196800231934 -10.076000213623047
			vertex -0.5 -4.0596208572387695 -9.948260307312012
		endloop
	endfacet
	facet normal 0 -0.9445133481040313 -0.32847303580859294
		outer loop
			vertex 9.300000190734863 -4.015196800231934 -10.076000213623047
			vertex 9.300000190734863 -4.0596208572387695 -9.948260307312012
			vertex -0.5 -4.0596208572387695 -9.948260307312012
		endloop
	endfacet
	facet normal 0 -0.9850638855649645 0.17218926027965512
		outer loop
			vertex 9.300000190734863 -4.016726016998291 -10.477849960327148
			vertex -0.5 -3.993439197540283 -10.344630241394043
			vertex -0.5 -4.016726016998291 -10.477849960327148
		endloop
	endfacet
	facet normal 0 -0.9850638855649645 0.17218926027965512
		outer loop
			vertex 9.300000190734863 -3.993439197540283 -10.344630241394043
			vertex -0.5 -3.993439197540283 -10.344630241394043
			vertex 9.300000190734863 -4.016726016998291 -10.477849960327148
		endloop
	endfacet
	facet normal 0 -0.9863447068753464 -0.16469401694957622
		outer loop
			vertex -0.5 -3.992924213409424 -10.209389686584473
			vertex 9.300000190734863 -3.992924213409424 -10.209389686584473
			vertex -0.5 -4.015196800231934 -10.076000213623047
		endloop
	endfacet
	facet normal 0 -0.9863447068753464 -0.16469401694957622
		outer loop
			vertex 9.300000190734863 -3.992924213409424 -10.209389686584473
			vertex 9.300000190734863 -4.015196800231934 -10.076000213623047
			vertex -0.5 -4.015196800231934 -10.076000213623047
		endloop
	endfacet
	facet normal 0 -0.9999927499819645 0.0038078843874921435
		outer loop
			vertex 9.300000190734863 -3.993439197540283 -10.344630241394043
			vertex -0.5 -3.992924213409424 -10.209389686584473
			vertex -0.5 -3.993439197540283 -10.344630241394043
		endloop
	endfacet
	facet normal 0 -0.9999927499819645 0.0038078843874921435
		outer loop
			vertex 9.300000190734863 -3.992924213409424 -10.209389686584473
			vertex -0.5 -3.992924213409424 -10.209389686584473
			vertex 9.300000190734863 -3.993439197540283 -10.344630241394043
		endloop
	endfacet
	facet normal 0 0.8477478283089327 0.5303994905705403
		outer loop
			vertex 9.300000190734863 11.562350273132324 6.4248199462890625
			vertex -0.5 11.634079933166504 6.310173034667969
			vertex -0.5 11.562350273132324 6.4248199462890625
		endloop
	endfacet
	facet normal 0 0.8477478283089327 0.5303994905705403
		outer loop
			vertex 9.300000190734863 11.634079933166504 6.310173034667969
			vertex -0.5 11.634079933166504 6.310173034667969
			vertex 9.300000190734863 11.562350273132324 6.4248199462890625
		endloop
	endfacet
	facet normal 0 0.7462764520965529 0.6656361296130051
		outer loop
			vertex 9.300000190734863 11.634079933166504 6.310173034667969
			vertex -0.5 11.724100112915039 6.20924711227417
			vertex -0.5 11.634079933166504 6.310173034667969
		endloop
	endfacet
	facet normal 0 0.7462764520965529 0.6656361296130051
		outer loop
			vertex 9.300000190734863 11.724100112915039 6.20924711227417
			vertex -0.5 11.724100112915039 6.20924711227417
			vertex 9.300000190734863 11.634079933166504 6.310173034667969
		endloop
	endfacet
	facet normal 0 0.6234740282857956 0.7818440612123898
		outer loop
			vertex 9.300000190734863 11.724100112915039 6.20924711227417
			vertex -0.5 11.829839706420898 6.1249260902404785
			vertex -0.5 11.724100112915039 6.20924711227417
		endloop
	endfacet
	facet normal 0 0.6234740282857956 0.7818440612123898
		outer loop
			vertex 9.300000190734863 11.829839706420898 6.1249260902404785
			vertex -0.5 11.829839706420898 6.1249260902404785
			vertex 9.300000190734863 11.724100112915039 6.20924711227417
		endloop
	endfacet
	facet normal 0 0.48290572875716714 0.875672345762677
		outer loop
			vertex 9.300000190734863 11.829839706420898 6.1249260902404785
			vertex -0.5 11.948260307312012 6.0596208572387695
			vertex -0.5 11.829839706420898 6.1249260902404785
		endloop
	endfacet
	facet normal 0 0.48290572875716714 0.875672345762677
		outer loop
			vertex 9.300000190734863 11.948260307312012 6.0596208572387695
			vertex -0.5 11.948260307312012 6.0596208572387695
			vertex 9.300000190734863 11.829839706420898 6.1249260902404785
		endloop
	endfacet
	facet normal 0 0.32847303580859294 0.9445133481040313
		outer loop
			vertex 9.300000190734863 11.948260307312012 6.0596208572387695
			vertex -0.5 12.076000213623047 6.015196800231934
			vertex -0.5 11.948260307312012 6.0596208572387695
		endloop
	endfacet
	facet normal 0 0.32847303580859294 0.9445133481040313
		outer loop
			vertex 9.300000190734863 12.076000213623047 6.015196800231934
			vertex -0.5 12.076000213623047 6.015196800231934
			vertex 9.300000190734863 11.948260307312012 6.0596208572387695
		endloop
	endfacet
	facet normal 0 0.16469401694957622 0.9863447068753464
		outer loop
			vertex 9.300000190734863 12.076000213623047 6.015196800231934
			vertex -0.5 12.209389686584473 5.992924213409424
			vertex -0.5 12.076000213623047 6.015196800231934
		endloop
	endfacet
	facet normal 0 0.16469401694957622 0.9863447068753464
		outer loop
			vertex 9.300000190734863 12.209389686584473 5.992924213409424
			vertex -0.5 12.209389686584473 5.992924213409424
			vertex 9.300000190734863 12.076000213623047 6.015196800231934
		endloop
	endfacet
	facet normal 0 -0.0038078843874921435 0.9999927499819645
		outer loop
			vertex 9.300000190734863 12.209389686584473 5.992924213409424
			vertex -0.5 12.344630241394043 5.993439197540283
			vertex -0.5 12.209389686584473 5.992924213409424
		endloop
	endfacet
	facet normal 0 -0.0038078843874921435 0.9999927499819645
		outer loop
			vertex 9.300000190734863 12.344630241394043 5.993439197540283
			vertex -0.5 12.344630241394043 5.993439197540283
			vertex 9.300000190734863 12.209389686584473 5.992924213409424
		endloop
	endfacet
	facet normal 0 -0.17218926027965512 0.9850638855649645
		outer loop
			vertex 9.300000190734863 12.344630241394043 5.993439197540283
			vertex -0.5 12.477849960327148 6.016726016998291
			vertex -0.5 12.344630241394043 5.993439197540283
		endloop
	endfacet
	facet normal 0 -0.17218926027965512 0.9850638855649645
		outer loop
			vertex 9.300000190734863 12.477849960327148 6.016726016998291
			vertex -0.5 12.477849960327148 6.016726016998291
			vertex 9.300000190734863 12.344630241394043 5.993439197540283
		endloop
	endfacet
	facet normal 0 -0.3356706897135146 0.9419793989611734
		outer loop
			vertex 9.300000190734863 12.477849960327148 6.016726016998291
			vertex -0.5 12.605239868164062 6.0621209144592285
			vertex -0.5 12.477849960327148 6.016726016998291
		endloop
	endfacet
	facet normal 0 -0.3356706897135146 0.9419793989611734
		outer loop
			vertex 9.300000190734863 12.605239868164062 6.0621209144592285
			vertex -0.5 12.605239868164062 6.0621209144592285
			vertex 9.300000190734863 12.477849960327148 6.016726016998291
		endloop
	endfacet
	facet normal 0 0.9998069914551329 -0.01964636957394555
		outer loop
			vertex -0.5 10.855891227722168 7.951663017272949
			vertex 9.300000190734863 10.855891227722168 7.951663017272949
			vertex -0.5 10.85323429107666 7.816451072692871
		endloop
	endfacet
	facet normal 0 0.9998069914551329 -0.01964636957394555
		outer loop
			vertex 9.300000190734863 10.855891227722168 7.951663017272949
			vertex 9.300000190734863 10.85323429107666 7.816451072692871
			vertex -0.5 10.85323429107666 7.816451072692871
		endloop
	endfacet
	facet normal 0 0.9888303253424828 0.14904558927750913
		outer loop
			vertex 9.300000190734863 10.85323429107666 7.816451072692871
			vertex -0.5 10.873391151428223 7.682722091674805
			vertex -0.5 10.85323429107666 7.816451072692871
		endloop
	endfacet
	facet normal 0 0.9888303253424828 0.14904558927750913
		outer loop
			vertex 9.300000190734863 10.873391151428223 7.682722091674805
			vertex -0.5 10.873391151428223 7.682722091674805
			vertex 9.300000190734863 10.85323429107666 7.816451072692871
		endloop
	endfacet
	facet normal 0 0.9822110066019557 -0.18778055945697164
		outer loop
			vertex -0.5 10.88128662109375 8.084496974945068
			vertex 9.300000190734863 10.88128662109375 8.084496974945068
			vertex -0.5 10.855891227722168 7.951663017272949
		endloop
	endfacet
	facet normal 0 0.9822110066019557 -0.18778055945697164
		outer loop
			vertex 9.300000190734863 10.88128662109375 8.084496974945068
			vertex 9.300000190734863 10.855891227722168 7.951663017272949
			vertex -0.5 10.855891227722168 7.951663017272949
		endloop
	endfacet
	facet normal 0 0.9495963792635168 0.3134752246823011
		outer loop
			vertex 9.300000190734863 10.873391151428223 7.682722091674805
			vertex -0.5 10.915785789489746 7.554297924041748
			vertex -0.5 10.873391151428223 7.682722091674805
		endloop
	endfacet
	facet normal 0 0.9495963792635168 0.3134752246823011
		outer loop
			vertex 9.300000190734863 10.915785789489746 7.554297924041748
			vertex -0.5 10.915785789489746 7.554297924041748
			vertex 9.300000190734863 10.873391151428223 7.682722091674805
		endloop
	endfacet
	facet normal 0 0.9365444655954829 -0.35054880396668225
		outer loop
			vertex -0.5 10.928694725036621 8.21115493774414
			vertex 9.300000190734863 10.928694725036621 8.21115493774414
			vertex -0.5 10.88128662109375 8.084496974945068
		endloop
	endfacet
	facet normal 0 0.9365444655954829 -0.35054880396668225
		outer loop
			vertex 9.300000190734863 10.928694725036621 8.21115493774414
			vertex 9.300000190734863 10.88128662109375 8.084496974945068
			vertex -0.5 10.88128662109375 8.084496974945068
		endloop
	endfacet
	facet normal 0 0.8832237985443306 0.46895172639081284
		outer loop
			vertex 9.300000190734863 10.915785789489746 7.554297924041748
			vertex -0.5 10.979206085205078 7.434852123260498
			vertex -0.5 10.915785789489746 7.554297924041748
		endloop
	endfacet
	facet normal 0 0.8832237985443306 0.46895172639081284
		outer loop
			vertex 9.300000190734863 10.979206085205078 7.434852123260498
			vertex -0.5 10.979206085205078 7.434852123260498
			vertex 9.300000190734863 10.915785789489746 7.554297924041748
		endloop
	endfacet
	facet normal 0 0.8641183566399646 -0.503288650495764
		outer loop
			vertex -0.5 10.996759414672852 8.328018188476562
			vertex 9.300000190734863 10.996759414672852 8.328018188476562
			vertex -0.5 10.928694725036621 8.21115493774414
		endloop
	endfacet
	facet normal 0 0.8641183566399646 -0.503288650495764
		outer loop
			vertex 9.300000190734863 10.996759414672852 8.328018188476562
			vertex 9.300000190734863 10.928694725036621 8.21115493774414
			vertex -0.5 10.928694725036621 8.21115493774414
		endloop
	endfacet
	facet normal 0 0.7669808930422621 -0.641669938292339
		outer loop
			vertex -0.5 11.083539962768555 8.431746006011963
			vertex 9.300000190734863 11.083539962768555 8.431746006011963
			vertex -0.5 10.996759414672852 8.328018188476562
		endloop
	endfacet
	facet normal 0 0.7669808930422621 -0.641669938292339
		outer loop
			vertex 9.300000190734863 11.083539962768555 8.431746006011963
			vertex 9.300000190734863 10.996759414672852 8.328018188476562
			vertex -0.5 10.996759414672852 8.328018188476562
		endloop
	endfacet
	facet normal 0 0.6479455878384236 -0.7616866253261375
		outer loop
			vertex -0.5 11.18655014038086 8.519373893737793
			vertex 9.300000190734863 11.18655014038086 8.519373893737793
			vertex -0.5 11.083539962768555 8.431746006011963
		endloop
	endfacet
	facet normal 0 0.6479455878384236 -0.7616866253261375
		outer loop
			vertex 9.300000190734863 11.18655014038086 8.519373893737793
			vertex 9.300000190734863 11.083539962768555 8.431746006011963
			vertex -0.5 11.083539962768555 8.431746006011963
		endloop
	endfacet
	facet normal 0 -0.0354914242278776 0.9993699809411312
		outer loop
			vertex 9.300000190734863 1.5831419825553894 12.85966968536377
			vertex -0.5 1.7182962894439697 12.864469528198242
			vertex -0.5 1.5831419825553894 12.85966968536377
		endloop
	endfacet
	facet normal 0 -0.0354914242278776 0.9993699809411312
		outer loop
			vertex 9.300000190734863 1.7182962894439697 12.864469528198242
			vertex -0.5 1.7182962894439697 12.864469528198242
			vertex 9.300000190734863 1.5831419825553894 12.85966968536377
		endloop
	endfacet
	facet normal 0 -0.20334303900102396 0.9791075571610243
		outer loop
			vertex 9.300000190734863 1.7182962894439697 12.864469528198242
			vertex -0.5 1.8507109880447388 12.891969680786133
			vertex -0.5 1.7182962894439697 12.864469528198242
		endloop
	endfacet
	facet normal 0 -0.20334303900102396 0.9791075571610243
		outer loop
			vertex 9.300000190734863 1.8507109880447388 12.891969680786133
			vertex -0.5 1.8507109880447388 12.891969680786133
			vertex 9.300000190734863 1.7182962894439697 12.864469528198242
		endloop
	endfacet
	facet normal 0 -0.3653492131649006 0.9308705347360546
		outer loop
			vertex 9.300000190734863 1.8507109880447388 12.891969680786133
			vertex -0.5 1.976602017879486 12.94137954711914
			vertex -0.5 1.8507109880447388 12.891969680786133
		endloop
	endfacet
	facet normal 0 -0.3653492131649006 0.9308705347360546
		outer loop
			vertex 9.300000190734863 1.976602017879486 12.94137954711914
			vertex -0.5 1.976602017879486 12.94137954711914
			vertex 9.300000190734863 1.8507109880447388 12.891969680786133
		endloop
	endfacet
	facet normal 0 -0.5168782648575397 0.8560589111257818
		outer loop
			vertex 9.300000190734863 1.976602017879486 12.94137954711914
			vertex -0.5 2.092371940612793 13.011280059814453
			vertex -0.5 1.976602017879486 12.94137954711914
		endloop
	endfacet
	facet normal 0 -0.5168782648575397 0.8560589111257818
		outer loop
			vertex 9.300000190734863 2.092371940612793 13.011280059814453
			vertex -0.5 2.092371940612793 13.011280059814453
			vertex 9.300000190734863 1.976602017879486 12.94137954711914
		endloop
	endfacet
	facet normal 0 -0.6537328204758236 0.7567254452129416
		outer loop
			vertex 9.300000190734863 2.092371940612793 13.011280059814453
			vertex -0.5 2.1947109699249268 13.099690437316895
			vertex -0.5 2.092371940612793 13.011280059814453
		endloop
	endfacet
	facet normal 0 -0.6537328204758236 0.7567254452129416
		outer loop
			vertex 9.300000190734863 2.1947109699249268 13.099690437316895
			vertex -0.5 2.1947109699249268 13.099690437316895
			vertex 9.300000190734863 2.092371940612793 13.011280059814453
		endloop
	endfacet
	facet normal 0 -0.7718632888104864 0.6357885366901953
		outer loop
			vertex 9.300000190734863 2.1947109699249268 13.099690437316895
			vertex -0.5 2.280696988105774 13.204079627990723
			vertex -0.5 2.1947109699249268 13.099690437316895
		endloop
	endfacet
	facet normal 0 -0.7718632888104864 0.6357885366901953
		outer loop
			vertex 9.300000190734863 2.280696988105774 13.204079627990723
			vertex -0.5 2.280696988105774 13.204079627990723
			vertex 9.300000190734863 2.1947109699249268 13.099690437316895
		endloop
	endfacet
	facet normal 0 -0.8679287907798414 0.4966886490905974
		outer loop
			vertex 9.300000190734863 2.280696988105774 13.204079627990723
			vertex -0.5 2.3478699922561646 13.321459770202637
			vertex -0.5 2.280696988105774 13.204079627990723
		endloop
	endfacet
	facet normal 0 -0.8679287907798414 0.4966886490905974
		outer loop
			vertex 9.300000190734863 2.3478699922561646 13.321459770202637
			vertex -0.5 2.3478699922561646 13.321459770202637
			vertex 9.300000190734863 2.280696988105774 13.204079627990723
		endloop
	endfacet
	facet normal 0 -0.939182886915945 0.34341739170320384
		outer loop
			vertex 9.300000190734863 2.3478699922561646 13.321459770202637
			vertex -0.5 2.394312024116516 13.448470115661621
			vertex -0.5 2.3478699922561646 13.321459770202637
		endloop
	endfacet
	facet normal 0 -0.939182886915945 0.34341739170320384
		outer loop
			vertex 9.300000190734863 2.394312024116516 13.448470115661621
			vertex -0.5 2.394312024116516 13.448470115661621
			vertex 9.300000190734863 2.3478699922561646 13.321459770202637
		endloop
	endfacet
	facet normal 0 -0.9836103304468042 0.18030728725797143
		outer loop
			vertex 9.300000190734863 2.394312024116516 13.448470115661621
			vertex -0.5 2.4186960458755493 13.581489562988281
			vertex -0.5 2.394312024116516 13.448470115661621
		endloop
	endfacet
	facet normal 0 -0.9836103304468042 0.18030728725797143
		outer loop
			vertex 9.300000190734863 2.4186960458755493 13.581489562988281
			vertex -0.5 2.4186960458755493 13.581489562988281
			vertex 9.300000190734863 2.394312024116516 13.448470115661621
		endloop
	endfacet
	facet normal 0.08480605489569884 0.4994615723326857 0.8621751972864851
		outer loop
			vertex 4.155846118927002 13.3606595993042 -9.415229797363281
			vertex 3.9183480739593506 7.280607223510742 -5.8696699142456055
			vertex 4.400000095367432 7.260108947753906 -5.905171871185303
		endloop
	endfacet
	facet normal 0.04286517467472817 0.499540351633078 0.8652294573640024
		outer loop
			vertex 4.400000095367432 13.365949630737305 -9.430379867553711
			vertex 4.155846118927002 13.3606595993042 -9.415229797363281
			vertex 4.400000095367432 7.260108947753906 -5.905171871185303
		endloop
	endfacet
	facet normal -0.042627894801842835 0.4995454277182523 0.8652382494033372
		outer loop
			vertex 4.6427741050720215 13.360719680786133 -9.415399551391602
			vertex 4.400000095367432 13.365949630737305 -9.430379867553711
			vertex 4.400000095367432 7.260108947753906 -5.905171871185303
		endloop
	endfacet
	facet normal -0.08480605490744578 0.4994614887076293 0.862175245729657
		outer loop
			vertex 4.881652116775513 7.280607223510742 -5.8696699142456055
			vertex 4.6427741050720215 13.360719680786133 -9.415399551391602
			vertex 4.400000095367432 7.260108947753906 -5.905171871185303
		endloop
	endfacet
	facet normal 0.25197717614310444 0.4851023644093122 0.8373668244846115
		outer loop
			vertex 3.7241930961608887 13.323349952697754 -9.311920166015625
			vertex 3.450551986694336 7.341508865356445 -5.76418399810791
			vertex 3.9183480739593506 7.280607223510742 -5.8696699142456055
		endloop
	endfacet
	facet normal 0.20322599505095176 0.4895663054947506 0.8479528450685044
		outer loop
			vertex 3.9183480739593506 13.34490966796875 -9.37090015411377
			vertex 3.7241930961608887 13.323349952697754 -9.311920166015625
			vertex 3.9183480739593506 7.280607223510742 -5.8696699142456055
		endloop
	endfacet
	facet normal 0.12744020312839177 0.49592350926047435 0.8589638336911344
		outer loop
			vertex 4.155846118927002 13.3606595993042 -9.415229797363281
			vertex 3.9183480739593506 13.34490966796875 -9.37090015411377
			vertex 3.9183480739593506 7.280607223510742 -5.8696699142456055
		endloop
	endfacet
	facet normal -0.12719372862091288 0.49593932819911757 0.8589912328684837
		outer loop
			vertex 4.881652116775513 13.34490966796875 -9.37090015411377
			vertex 4.6427741050720215 13.360719680786133 -9.415399551391602
			vertex 4.881652116775513 7.280607223510742 -5.8696699142456055
		endloop
	endfacet
	facet normal -0.2032250380526273 0.48956640481059205 0.8479530170884114
		outer loop
			vertex 5.075808048248291 13.323349952697754 -9.311920166015625
			vertex 4.881652116775513 13.34490966796875 -9.37090015411377
			vertex 4.881652116775513 7.280607223510742 -5.8696699142456055
		endloop
	endfacet
	facet normal -0.25197717613063375 0.4851023943107122 0.8373668071659194
		outer loop
			vertex 5.349448204040527 7.341508865356445 -5.76418399810791
			vertex 5.075808048248291 13.323349952697754 -9.311920166015625
			vertex 4.881652116775513 7.280607223510742 -5.8696699142456055
		endloop
	endfacet
	facet normal 0.4118999427710617 0.4569335658797743 0.7883845213584486
		outer loop
			vertex 3.2205429077148438 13.219220161437988 -9.050629615783691
			vertex 3.010068893432617 7.44106388092041 -5.59174919128418
			vertex 3.450551986694336 7.341508865356445 -5.76418399810791
		endloop
	endfacet
	facet normal 0.3738592879586158 0.46374318317569796 0.8032256799089207
		outer loop
			vertex 3.450551986694336 13.276920318603516 -9.190999984741211
			vertex 3.2205429077148438 13.219220161437988 -9.050629615783691
			vertex 3.450551986694336 7.341508865356445 -5.76418399810791
		endloop
	endfacet
	facet normal 0.28546035943134423 0.47919573953678096 0.8299902568121661
		outer loop
			vertex 3.7241930961608887 13.323349952697754 -9.311920166015625
			vertex 3.450551986694336 13.276920318603516 -9.190999984741211
			vertex 3.450551986694336 7.341508865356445 -5.76418399810791
		endloop
	endfacet
	facet normal -0.2854612732308035 0.4791956034470379 0.8299900210981322
		outer loop
			vertex 5.349448204040527 13.276920318603516 -9.190999984741211
			vertex 5.075808048248291 13.323349952697754 -9.311920166015625
			vertex 5.349448204040527 7.341508865356445 -5.76418399810791
		endloop
	endfacet
	facet normal -0.41190079189775075 0.45561443708138427 0.7891471487352781
		outer loop
			vertex 5.789930820465088 7.44106388092041 -5.59174919128418
			vertex 5.789930820465088 13.145910263061523 -8.885444641113281
			vertex 5.349448204040527 7.341508865356445 -5.76418399810791
		endloop
	endfacet
	facet normal -0.4496678653352722 0.44925459682107655 0.7719903614164829
		outer loop
			vertex 5.789930820465088 13.145910263061523 -8.885444641113281
			vertex 5.58070707321167 13.218850135803223 -9.049759864807129
			vertex 5.349448204040527 7.341508865356445 -5.76418399810791
		endloop
	endfacet
	facet normal -0.37408156311695545 0.4636983692991761 0.8031480601017849
		outer loop
			vertex 5.58070707321167 13.218850135803223 -9.049759864807129
			vertex 5.349448204040527 13.276920318603516 -9.190999984741211
			vertex 5.349448204040527 7.341508865356445 -5.76418399810791
		endloop
	endfacet
	facet normal 0.5213619679109184 0.4266678983979101 0.7390102860534252
		outer loop
			vertex 3.010068893432617 13.145910263061523 -8.885444641113281
			vertex 2.820444941520691 13.056320190429688 -8.699942588806152
			vertex 3.010068893432617 7.44106388092041 -5.59174919128418
		endloop
	endfacet
	facet normal 0.5818336675581456 0.40882548967412785 0.7030869805995179
		outer loop
			vertex 2.820444941520691 13.056320190429688 -8.699942588806152
			vertex 2.6544840335845947 12.951689720153809 -8.501763343811035
			vertex 3.010068893432617 7.44106388092041 -5.59174919128418
		endloop
	endfacet
	facet normal 0.5599759739230948 0.4148496758240642 0.7171657096498343
		outer loop
			vertex 2.6544840335845947 12.951689720153809 -8.501763343811035
			vertex 2.609573006629944 7.576408863067627 -5.357326030731201
			vertex 3.010068893432617 7.44106388092041 -5.59174919128418
		endloop
	endfacet
	facet normal 0.4511523141239524 0.44622357057237644 0.7728816950389252
		outer loop
			vertex 3.2205429077148438 13.219220161437988 -9.050629615783691
			vertex 3.010068893432617 13.145910263061523 -8.885444641113281
			vertex 3.010068893432617 7.44106388092041 -5.59174919128418
		endloop
	endfacet
	facet normal -0.5599759911276468 0.41425446973056096 0.7175096679967883
		outer loop
			vertex 6.190426826477051 7.576408863067627 -5.357326030731201
			vertex 6.190426826477051 12.917770385742188 -8.441163063049316
			vertex 5.789930820465088 7.44106388092041 -5.59174919128418
		endloop
	endfacet
	facet normal -0.5895914334078252 0.4063048461157675 0.6980675566698031
		outer loop
			vertex 6.190426826477051 12.917770385742188 -8.441163063049316
			vertex 5.979115962982178 13.056559562683105 -8.700418472290039
			vertex 5.789930820465088 7.44106388092041 -5.59174919128418
		endloop
	endfacet
	facet normal -0.5212820094858394 0.4266923219065424 0.7390525888002889
		outer loop
			vertex 5.979115962982178 13.056559562683105 -8.700418472290039
			vertex 5.789930820465088 13.145910263061523 -8.885444641113281
			vertex 5.789930820465088 7.44106388092041 -5.59174919128418
		endloop
	endfacet
	facet normal 0.6919376168055325 0.36248731344910884 0.6243598978457279
		outer loop
			vertex 2.4136990308761597 12.730050086975098 -8.132323265075684
			vertex 2.260583996772766 7.743648052215576 -5.0676589012146
			vertex 2.609573006629944 7.576408863067627 -5.357326030731201
		endloop
	endfacet
	facet normal 0.6209459451122212 0.3919206929181367 0.6788404110770497
		outer loop
			vertex 2.6544840335845947 12.951689720153809 -8.501763343811035
			vertex 2.6063610315322876 12.915240287780762 -8.436700820922852
			vertex 2.609573006629944 7.576408863067627 -5.357326030731201
		endloop
	endfacet
	facet normal 0.6637905209566326 0.3739857292858089 0.6477011800040848
		outer loop
			vertex 2.6063610315322876 12.915240287780762 -8.436700820922852
			vertex 2.4136990308761597 12.730050086975098 -8.132323265075684
			vertex 2.609573006629944 7.576408863067627 -5.357326030731201
		endloop
	endfacet
	facet normal -0.691938667567392 0.360928870962964 0.6252609298768496
		outer loop
			vertex 6.5394158363342285 7.743648052215576 -5.0676589012146
			vertex 6.5418500900268555 12.509920120239258 -7.816272735595703
			vertex 6.190426826477051 7.576408863067627 -5.357326030731201
		endloop
	endfacet
	facet normal -0.720797722469446 0.3496450795028055 0.5984972528444357
		outer loop
			vertex 6.5418500900268555 12.509920120239258 -7.816272735595703
			vertex 6.38503885269165 12.73151969909668 -8.134587287902832
			vertex 6.190426826477051 7.576408863067627 -5.357326030731201
		endloop
	endfacet
	facet normal -0.663049021993532 0.3742880361413107 0.6482857860811864
		outer loop
			vertex 6.38503885269165 12.73151969909668 -8.134587287902832
			vertex 6.190426826477051 12.917770385742188 -8.441163063049316
			vertex 6.190426826477051 7.576408863067627 -5.357326030731201
		endloop
	endfacet
	facet normal 0.8146654565833451 0.292487696038816 0.5007705477718867
		outer loop
			vertex 2.1093900203704834 12.182319641113281 -7.414211273193359
			vertex 2.0216829776763916 11.871370315551758 -7.089909553527832
			vertex 2.260583996772766 7.743648052215576 -5.0676589012146
		endloop
	endfacet
	facet normal 0.8315921463160215 0.2824191818537784 0.47821951853364913
		outer loop
			vertex 2.0216829776763916 11.871370315551758 -7.089909553527832
			vertex 1.9731420278549194 11.60863971710205 -6.850340843200684
			vertex 2.260583996772766 7.743648052215576 -5.0676589012146
		endloop
	endfacet
	facet normal 0.8039966460952116 0.29731673970086175 0.5149681051883712
		outer loop
			vertex 1.9731420278549194 11.60863971710205 -6.850340843200684
			vertex 1.9731420278549194 7.937971115112305 -4.731081008911133
			vertex 2.260583996772766 7.743648052215576 -5.0676589012146
		endloop
	endfacet
	facet normal 0.7243679750817261 0.3447065636587838 0.5970497647990096
		outer loop
			vertex 2.4136990308761597 12.730050086975098 -8.132323265075684
			vertex 2.260583996772766 12.514100074768066 -7.821878433227539
			vertex 2.260583996772766 7.743648052215576 -5.0676589012146
		endloop
	endfacet
	facet normal 0.7778878962404521 0.31420134542019607 0.54421313418434
		outer loop
			vertex 2.260583996772766 12.514100074768066 -7.821878433227539
			vertex 2.1093900203704834 12.182319641113281 -7.414211273193359
			vertex 2.260583996772766 7.743648052215576 -5.0676589012146
		endloop
	endfacet
	facet normal -0.7821204055437159 0.3118467808065012 0.5394805432383594
		outer loop
			vertex 6.690369129180908 12.18301010131836 -7.414985656738281
			vertex 6.567502975463867 12.464110374450684 -7.755602836608887
			vertex 6.5394158363342285 7.743648052215576 -5.0676589012146
		endloop
	endfacet
	facet normal -0.7560909617239335 0.327237970816379 0.5667819404809541
		outer loop
			vertex 6.567502975463867 12.464110374450684 -7.755602836608887
			vertex 6.5418500900268555 12.509920120239258 -7.816272735595703
			vertex 6.5394158363342285 7.743648052215576 -5.0676589012146
		endloop
	endfacet
	facet normal -0.8039964102954448 0.29731689911159564 0.5149683812960792
		outer loop
			vertex 6.826858043670654 7.937971115112305 -4.731081008911133
			vertex 6.826858043670654 11.60863971710205 -6.850340843200684
			vertex 6.5394158363342285 7.743648052215576 -5.0676589012146
		endloop
	endfacet
	facet normal -0.8315916529478726 0.28241950433170393 0.4782201860236136
		outer loop
			vertex 6.826858043670654 11.60863971710205 -6.850340843200684
			vertex 6.778316974639893 11.871370315551758 -7.089909553527832
			vertex 6.5394158363342285 7.743648052215576 -5.0676589012146
		endloop
	endfacet
	facet normal -0.8146339696886442 0.29250580834930373 0.5008111894828644
		outer loop
			vertex 6.778316974639893 11.871370315551758 -7.089909553527832
			vertex 6.690369129180908 12.18301010131836 -7.414985656738281
			vertex 6.5394158363342285 7.743648052215576 -5.0676589012146
		endloop
	endfacet
	facet normal 0.8697790641074276 0.24715619894459118 0.4270810145202774
		outer loop
			vertex 1.9227973818778992 11.13286018371582 -6.477466106414795
			vertex 1.914362609386444 11.083539962768555 -6.431746006011963
			vertex 1.9731420278549194 7.937971115112305 -4.731081008911133
		endloop
	endfacet
	facet normal 0.8731624287493059 0.24434384871428502 0.421762322423547
		outer loop
			vertex 1.914362609386444 11.083539962768555 -6.431746006011963
			vertex 1.9029653072357178 11.037980079650879 -6.381755828857422
			vertex 1.9731420278549194 7.937971115112305 -4.731081008911133
		endloop
	endfacet
	facet normal 0.8775414191794516 0.2406907692155244 0.41471557872709985
		outer loop
			vertex 1.9029653072357178 11.037980079650879 -6.381755828857422
			vertex 1.8888754844665527 10.996759414672852 -6.3280181884765625
			vertex 1.9731420278549194 7.937971115112305 -4.731081008911133
		endloop
	endfacet
	facet normal 0.8858983252647357 0.2336301717038402 0.40075067082011334
		outer loop
			vertex 1.8888754844665527 10.996759414672852 -6.3280181884765625
			vertex 1.8539605736732483 10.928694725036621 -6.211154937744141
			vertex 1.9731420278549194 7.937971115112305 -4.731081008911133
		endloop
	endfacet
	facet normal 0.8595194449852799 0.2555513718909323 0.442628309100151
		outer loop
			vertex 1.9731420278549194 11.60863971710205 -6.850340843200684
			vertex 1.9281985759735107 11.18655014038086 -6.519373893737793
			vertex 1.9731420278549194 7.937971115112305 -4.731081008911133
		endloop
	endfacet
	facet normal 0.8670636472938894 0.2494055308967667 0.43127428940237056
		outer loop
			vertex 1.9281985759735107 11.18655014038086 -6.519373893737793
			vertex 1.9227973818778992 11.13286018371582 -6.477466106414795
			vertex 1.9731420278549194 7.937971115112305 -4.731081008911133
		endloop
	endfacet
	facet normal 0.8988050474109223 0.2226763534826062 0.37757744682162836
		outer loop
			vertex 1.8539605736732483 10.928694725036621 -6.211154937744141
			vertex 1.8124982714653015 10.88128662109375 -6.084496974945068
			vertex 1.9731420278549194 7.937971115112305 -4.731081008911133
		endloop
	endfacet
	facet normal 0.9134476929438977 0.21011370994855558 0.34851906855597586
		outer loop
			vertex 1.8124982714653015 10.88128662109375 -6.084496974945068
			vertex 1.767657995223999 10.855891227722168 -5.951663017272949
			vertex 1.9731420278549194 7.937971115112305 -4.731081008911133
		endloop
	endfacet
	facet normal 0.8929257254221515 0.22580362131362566 0.38948218634615067
		outer loop
			vertex 1.767657995223999 10.855891227722168 -5.951663017272949
			vertex 1.7555162906646729 8.153789043426514 -4.357274055480957
			vertex 1.9731420278549194 7.937971115112305 -4.731081008911133
		endloop
	endfacet
	facet normal -0.8988028073875618 0.22267825773547587 0.37758165602175475
		outer loop
			vertex 6.987502098083496 10.88128662109375 -6.084496974945068
			vertex 6.946039199829102 10.928694725036621 -6.211154937744141
			vertex 6.826858043670654 7.937971115112305 -4.731081008911133
		endloop
	endfacet
	facet normal -0.8858980861811144 0.23363029878882788 0.40075112524917755
		outer loop
			vertex 6.946039199829102 10.928694725036621 -6.211154937744141
			vertex 6.911124229431152 10.996759414672852 -6.3280181884765625
			vertex 6.826858043670654 7.937971115112305 -4.731081008911133
		endloop
	endfacet
	facet normal -0.8775666259140412 0.2406698509788872 0.41467437817116876
		outer loop
			vertex 6.911124229431152 10.996759414672852 -6.3280181884765625
			vertex 6.897126197814941 11.037670135498047 -6.381385803222656
			vertex 6.826858043670654 7.937971115112305 -4.731081008911133
		endloop
	endfacet
	facet normal -0.8731611329920341 0.24434479609818008 0.4217644561266472
		outer loop
			vertex 6.897126197814941 11.037670135498047 -6.381385803222656
			vertex 6.885636806488037 11.083539962768555 -6.431746006011963
			vertex 6.826858043670654 7.937971115112305 -4.731081008911133
		endloop
	endfacet
	facet normal -0.8697883482267972 0.24714840648857847 0.42706661595008355
		outer loop
			vertex 6.885636806488037 11.083539962768555 -6.431746006011963
			vertex 6.877176761627197 11.133049964904785 -6.477628231048584
			vertex 6.826858043670654 7.937971115112305 -4.731081008911133
		endloop
	endfacet
	facet normal -0.867039030846742 0.24942581588869375 0.4313120463847514
		outer loop
			vertex 6.877176761627197 11.133049964904785 -6.477628231048584
			vertex 6.871800899505615 11.18655014038086 -6.519373893737793
			vertex 6.826858043670654 7.937971115112305 -4.731081008911133
		endloop
	endfacet
	facet normal -0.8595224227179136 0.2555488680567463 0.44262397232870737
		outer loop
			vertex 6.871800899505615 11.18655014038086 -6.519373893737793
			vertex 6.826858043670654 11.60863971710205 -6.850340843200684
			vertex 6.826858043670654 7.937971115112305 -4.731081008911133
		endloop
	endfacet
	facet normal -0.8929257207574678 0.22512650638711218 0.3898739710876971
		outer loop
			vertex 7.0444841384887695 8.153789043426514 -4.357274055480957
			vertex 7.044093132019043 10.853012084960938 -5.916792869567871
			vertex 6.826858043670654 7.937971115112305 -4.731081008911133
		endloop
	endfacet
	facet normal -0.9229164876449575 0.20207422115055299 0.32770591386102954
		outer loop
			vertex 7.044093132019043 10.853012084960938 -5.916792869567871
			vertex 7.032341957092285 10.855891227722168 -5.951663017272949
			vertex 6.826858043670654 7.937971115112305 -4.731081008911133
		endloop
	endfacet
	facet normal -0.9134489463661534 0.21011265319643804 0.3485164204873534
		outer loop
			vertex 7.032341957092285 10.855891227722168 -5.951663017272949
			vertex 6.987502098083496 10.88128662109375 -6.084496974945068
			vertex 6.826858043670654 7.937971115112305 -4.731081008911133
		endloop
	endfacet
	facet normal 0.9257056255191067 0.18912394218030598 0.3275686636057543
		outer loop
			vertex 1.767657995223999 10.855891227722168 -5.951663017272949
			vertex 1.755907118320465 10.853012084960938 -5.916792869567871
			vertex 1.7555162906646729 8.153789043426514 -4.357274055480957
		endloop
	endfacet
	facet normal 0.9337281916265192 0.17898661096984095 0.31002493005466736
		outer loop
			vertex 1.755907118320465 10.853012084960938 -5.916792869567871
			vertex 1.7225481271743774 10.85323429107666 -5.816451072692871
			vertex 1.7555162906646729 8.153789043426514 -4.357274055480957
		endloop
	endfacet
	facet normal 0.9470511153276283 0.16155598953462147 0.2774776517166467
		outer loop
			vertex 1.7225481271743774 10.85323429107666 -5.816451072692871
			vertex 1.679928183555603 10.873391151428223 -5.682722091674805
			vertex 1.7555162906646729 8.153789043426514 -4.357274055480957
		endloop
	endfacet
	facet normal 0.9610784845234193 0.14216509628310448 0.23689075960236092
		outer loop
			vertex 1.679928183555603 10.873391151428223 -5.682722091674805
			vertex 1.642002522945404 10.915785789489746 -5.554297924041748
			vertex 1.7555162906646729 8.153789043426514 -4.357274055480957
		endloop
	endfacet
	facet normal 0.9561635497090483 0.1486425085123081 0.25230273655067814
		outer loop
			vertex 1.642002522945404 10.915785789489746 -5.554297924041748
			vertex 1.6139675974845886 8.384891986846924 -3.9569931030273438
			vertex 1.7555162906646729 8.153789043426514 -4.357274055480957
		endloop
	endfacet
	facet normal -0.9610774736110487 0.14216652327440035 0.23689400451989823
		outer loop
			vertex 7.157998085021973 10.915785789489746 -5.554297924041748
			vertex 7.120071887969971 10.873391151428223 -5.682722091674805
			vertex 7.0444841384887695 8.153789043426514 -4.357274055480957
		endloop
	endfacet
	facet normal -0.947051659106385 0.16155519969870885 0.2774762556222673
		outer loop
			vertex 7.120071887969971 10.873391151428223 -5.682722091674805
			vertex 7.077452182769775 10.85323429107666 -5.816451072692871
			vertex 7.0444841384887695 8.153789043426514 -4.357274055480957
		endloop
	endfacet
	facet normal -0.9337279880690618 0.17898683022075806 0.31002541654520516
		outer loop
			vertex 7.077452182769775 10.85323429107666 -5.816451072692871
			vertex 7.044093132019043 10.853012084960938 -5.916792869567871
			vertex 7.0444841384887695 8.153789043426514 -4.357274055480957
		endloop
	endfacet
	facet normal -0.9726977831449778 0.12478036233363292 0.19567545538654874
		outer loop
			vertex 7.186023235321045 10.969963073730469 -5.449533939361572
			vertex 7.157998085021973 10.915785789489746 -5.554297924041748
			vertex 7.0444841384887695 8.153789043426514 -4.357274055480957
		endloop
	endfacet
	facet normal -0.9561673102415468 0.14641169572297977 0.2535896097653994
		outer loop
			vertex 7.186031818389893 8.384891986846924 -3.9569931030273438
			vertex 7.186023235321045 10.969963073730469 -5.449533939361572
			vertex 7.0444841384887695 8.153789043426514 -4.357274055480957
		endloop
	endfacet
	facet normal 0.9919003452393258 0.06392787529088663 0.10975851618393508
		outer loop
			vertex 1.6102964878082275 10.979206085205078 -5.434852123260498
			vertex 1.5525680184364319 8.62463092803955 -3.5417518615722656
			vertex 1.6139675974845886 8.384891986846924 -3.9569931030273438
		endloop
	endfacet
	facet normal 0.9728543785909465 0.1157093513101842 0.20041383204709218
		outer loop
			vertex 1.642002522945404 10.915785789489746 -5.554297924041748
			vertex 1.613976776599884 10.969963073730469 -5.449533939361572
			vertex 1.6139675974845886 8.384891986846924 -3.9569931030273438
		endloop
	endfacet
	facet normal 0.9782010671785054 0.10382996562514422 0.17983884566220548
		outer loop
			vertex 1.613976776599884 10.969963073730469 -5.449533939361572
			vertex 1.6102964878082275 10.979206085205078 -5.434852123260498
			vertex 1.6139675974845886 8.384891986846924 -3.9569931030273438
		endloop
	endfacet
	facet normal -0.9782072168794351 0.1038156489933112 0.17981365873894956
		outer loop
			vertex 7.189702987670898 10.979206085205078 -5.434852123260498
			vertex 7.186023235321045 10.969963073730469 -5.449533939361572
			vertex 7.186031818389893 8.384891986846924 -3.9569931030273438
		endloop
	endfacet
	facet normal -0.9919001277435614 0.06392873289366545 0.10975998220169879
		outer loop
			vertex 7.247432231903076 8.62463092803955 -3.5417518615722656
			vertex 7.189702987670898 10.979206085205078 -5.434852123260498
			vertex 7.186031818389893 8.384891986846924 -3.9569931030273438
		endloop
	endfacet
	facet normal 0.9990931129062351 -0.018255975486413438 -0.038466493242410034
		outer loop
			vertex 1.5525686144828796 11.3431396484375 -4.831924915313721
			vertex 1.5730838179588318 8.866109848022461 -3.12349796295166
			vertex 1.5525680184364319 8.62463092803955 -3.5417518615722656
		endloop
	endfacet
	facet normal 0.992289622065043 0.061970434505179195 0.10733578708545162
		outer loop
			vertex 1.6102964878082275 10.979206085205078 -5.434852123260498
			vertex 1.5525680184364319 11.222169876098633 -5.041443824768066
			vertex 1.5525680184364319 8.62463092803955 -3.5417518615722656
		endloop
	endfacet
	facet normal 0.9999999999969652 -0.0000012318403229672574 -0.000002133606964111848
		outer loop
			vertex 1.5525680184364319 11.222169876098633 -5.041443824768066
			vertex 1.5525686144828796 11.3431396484375 -4.831924915313721
			vertex 1.5525680184364319 8.62463092803955 -3.5417518615722656
		endloop
	endfacet
	facet normal -0.9922894174663845 0.06197125352557912 0.10733720566836082
		outer loop
			vertex 7.247432231903076 11.222169876098633 -5.041443824768066
			vertex 7.189702987670898 10.979206085205078 -5.434852123260498
			vertex 7.247432231903076 8.62463092803955 -3.5417518615722656
		endloop
	endfacet
	facet normal -0.9999999877872059 0.00007814352285683358 0.00013534835762313746
		outer loop
			vertex 7.247469902038574 11.342700004577637 -4.832712173461914
			vertex 7.247432231903076 11.222169876098633 -5.041443824768066
			vertex 7.247432231903076 8.62463092803955 -3.5417518615722656
		endloop
	endfacet
	facet normal -0.999093060371331 -0.01825652767162643 -0.03846759565170426
		outer loop
			vertex 7.2269158363342285 8.866109848022461 -3.12349796295166
			vertex 7.247469902038574 11.342700004577637 -4.832712173461914
			vertex 7.247432231903076 8.62463092803955 -3.5417518615722656
		endloop
	endfacet
	facet normal 0.9775495263099883 -0.10237673618995899 -0.18416277446381352
		outer loop
			vertex 1.6102964878082275 11.562350273132324 -4.4248199462890625
			vertex 1.6749247908592224 9.102381706237793 -2.7142629623413086
			vertex 1.5730838179588318 8.866109848022461 -3.12349796295166
		endloop
	endfacet
	facet normal 0.9963972275912916 -0.04240446639773246 -0.07344675675556729
		outer loop
			vertex 1.5525686144828796 11.3431396484375 -4.831924915313721
			vertex 1.5730838179588318 11.459409713745117 -4.620738983154297
			vertex 1.5730838179588318 8.866109848022461 -3.12349796295166
		endloop
	endfacet
	facet normal 0.9861354172162181 -0.08297123224428558 -0.14371051990602562
		outer loop
			vertex 1.5730838179588318 11.459409713745117 -4.620738983154297
			vertex 1.6102964878082275 11.562350273132324 -4.4248199462890625
			vertex 1.5730838179588318 8.866109848022461 -3.12349796295166
		endloop
	endfacet
	facet normal -0.9964096845587486 -0.04233181739751145 -0.0733195591459676
		outer loop
			vertex 7.226908206939697 11.459440231323242 -4.620680809020996
			vertex 7.247469902038574 11.342700004577637 -4.832712173461914
			vertex 7.2269158363342285 8.866109848022461 -3.12349796295166
		endloop
	endfacet
	facet normal -0.9775520104968095 -0.1031114535615059 -0.18373920354153853
		outer loop
			vertex 7.125074863433838 9.102381706237793 -2.7142629623413086
			vertex 7.157998085021973 11.634079933166504 -4.310173034667969
			vertex 7.2269158363342285 8.866109848022461 -3.12349796295166
		endloop
	endfacet
	facet normal -0.973521392394905 -0.1101210159407417 -0.20032338954217135
		outer loop
			vertex 7.157998085021973 11.634079933166504 -4.310173034667969
			vertex 7.189702987670898 11.562350273132324 -4.4248199462890625
			vertex 7.2269158363342285 8.866109848022461 -3.12349796295166
		endloop
	endfacet
	facet normal -0.9861328003735677 -0.08297803277370532 -0.1437245494144664
		outer loop
			vertex 7.189702987670898 11.562350273132324 -4.4248199462890625
			vertex 7.226908206939697 11.459440231323242 -4.620680809020996
			vertex 7.2269158363342285 8.866109848022461 -3.12349796295166
		endloop
	endfacet
	facet normal 0.9278891656340656 -0.18642212230406005 -0.3229063155383739
		outer loop
			vertex 1.6749942898750305 11.712180137634277 -4.220767021179199
			vertex 1.8551613092422485 9.32664966583252 -2.3258190155029297
			vertex 1.6749247908592224 9.102381706237793 -2.7142629623413086
		endloop
	endfacet
	facet normal 0.9735524680061395 -0.11263715235121079 -0.19876736137848453
		outer loop
			vertex 1.6102964878082275 11.562350273132324 -4.4248199462890625
			vertex 1.642002522945404 11.634079933166504 -4.310173034667969
			vertex 1.6749247908592224 9.102381706237793 -2.7142629623413086
		endloop
	endfacet
	facet normal 0.9621491772992483 -0.13626298720673077 -0.23601135341308893
		outer loop
			vertex 1.642002522945404 11.634079933166504 -4.310173034667969
			vertex 1.6749942898750305 11.712180137634277 -4.220767021179199
			vertex 1.6749247908592224 9.102381706237793 -2.7142629623413086
		endloop
	endfacet
	facet normal -0.9278895372822469 -0.1860300359751923 -0.32313129269262447
		outer loop
			vertex 6.944839000701904 9.32664966583252 -2.3258190155029297
			vertex 7.120071887969971 11.724100112915039 -4.20924711227417
			vertex 7.125074863433838 9.102381706237793 -2.7142629623413086
		endloop
	endfacet
	facet normal -0.9552591147519751 -0.14788454429583908 -0.2561448520694587
		outer loop
			vertex 7.120071887969971 11.724100112915039 -4.20924711227417
			vertex 7.125006198883057 11.712180137634277 -4.220767021179199
			vertex 7.125074863433838 9.102381706237793 -2.7142629623413086
		endloop
	endfacet
	facet normal -0.9621489053407042 -0.13626323647519692 -0.2360123181890923
		outer loop
			vertex 7.125006198883057 11.712180137634277 -4.220767021179199
			vertex 7.157998085021973 11.634079933166504 -4.310173034667969
			vertex 7.125074863433838 9.102381706237793 -2.7142629623413086
		endloop
	endfacet
	facet normal 0.8515291174671888 -0.2621537281542576 -0.45406341508689524
		outer loop
			vertex 1.8551613092422485 12.213589668273926 -3.9925951957702637
			vertex 2.1086080074310303 9.532462120056152 -1.9693429470062256
			vertex 1.8551613092422485 9.32664966583252 -2.3258190155029297
		endloop
	endfacet
	facet normal 0.9309807448841887 -0.17925463705606162 -0.31802928756449605
		outer loop
			vertex 1.7225481271743774 11.829839706420898 -4.1249260902404785
			vertex 1.767657995223999 11.948260307312012 -4.0596208572387695
			vertex 1.8551613092422485 9.32664966583252 -2.3258190155029297
		endloop
	endfacet
	facet normal 0.9155936308717536 -0.20010432486202415 -0.3487786723390535
		outer loop
			vertex 1.767657995223999 11.948260307312012 -4.0596208572387695
			vertex 1.8124982714653015 12.076000213623047 -4.015196800231934
			vertex 1.8551613092422485 9.32664966583252 -2.3258190155029297
		endloop
	endfacet
	facet normal 0.9005417592837612 -0.21738482043077176 -0.37652141988523014
		outer loop
			vertex 1.8124982714653015 12.076000213623047 -4.015196800231934
			vertex 1.8551613092422485 12.213589668273926 -3.9925951957702637
			vertex 1.8551613092422485 9.32664966583252 -2.3258190155029297
		endloop
	endfacet
	facet normal 0.9541687713422322 -0.13862097470546533 -0.2652285451586271
		outer loop
			vertex 1.6749942898750305 11.712180137634277 -4.220767021179199
			vertex 1.679928183555603 11.724100112915039 -4.20924711227417
			vertex 1.8551613092422485 9.32664966583252 -2.3258190155029297
		endloop
	endfacet
	facet normal 0.9461331686108336 -0.15441419827950292 -0.2845844033395403
		outer loop
			vertex 1.679928183555603 11.724100112915039 -4.20924711227417
			vertex 1.7225481271743774 11.829839706420898 -4.1249260902404785
			vertex 1.8551613092422485 9.32664966583252 -2.3258190155029297
		endloop
	endfacet
	facet normal -0.9155949679743168 -0.20010270018818166 -0.34877609436070667
		outer loop
			vertex 6.987502098083496 12.076000213623047 -4.015196800231934
			vertex 7.032341957092285 11.948260307312012 -4.0596208572387695
			vertex 6.944839000701904 9.32664966583252 -2.3258190155029297
		endloop
	endfacet
	facet normal -0.9309798240277933 -0.17925605063077402 -0.31803118646673084
		outer loop
			vertex 7.032341957092285 11.948260307312012 -4.0596208572387695
			vertex 7.077452182769775 11.829839706420898 -4.1249260902404785
			vertex 6.944839000701904 9.32664966583252 -2.3258190155029297
		endloop
	endfacet
	facet normal -0.9461336952076187 -0.15441327294313367 -0.28458315468728396
		outer loop
			vertex 7.077452182769775 11.829839706420898 -4.1249260902404785
			vertex 7.120071887969971 11.724100112915039 -4.20924711227417
			vertex 6.944839000701904 9.32664966583252 -2.3258190155029297
		endloop
	endfacet
	facet normal -0.8515277946386541 -0.2608322243730739 -0.4548263027645
		outer loop
			vertex 6.691391944885254 9.532462120056152 -1.9693429470062256
			vertex 6.911124229431152 12.344630241394043 -3.993439197540283
			vertex 6.944839000701904 9.32664966583252 -2.3258190155029297
		endloop
	endfacet
	facet normal -0.8873090012007493 -0.2305968364431025 -0.3993843204365465
		outer loop
			vertex 6.911124229431152 12.344630241394043 -3.993439197540283
			vertex 6.946039199829102 12.209389686584473 -3.992924213409424
			vertex 6.944839000701904 9.32664966583252 -2.3258190155029297
		endloop
	endfacet
	facet normal -0.9007350874922142 -0.21717275065263375 -0.3761812043874099
		outer loop
			vertex 6.946039199829102 12.209389686584473 -3.992924213409424
			vertex 6.987502098083496 12.076000213623047 -4.015196800231934
			vertex 6.944839000701904 9.32664966583252 -2.3258190155029297
		endloop
	endfacet
	facet normal 0.8808384491646155 -0.2292901688080854 -0.41418551998015957
		outer loop
			vertex 1.8551613092422485 12.213589668273926 -3.9925951957702637
			vertex 1.8888754844665527 12.344630241394043 -3.993439197540283
			vertex 2.1086080074310303 9.532462120056152 -1.9693429470062256
		endloop
	endfacet
	facet normal 0.8721295725248941 -0.23910226269145515 -0.42687248295406904
		outer loop
			vertex 1.8888754844665527 12.344630241394043 -3.993439197540283
			vertex 1.9028741121292114 12.411310195922852 -4.002188205718994
			vertex 2.1086080074310303 9.532462120056152 -1.9693429470062256
		endloop
	endfacet
	facet normal 0.8670616864765711 -0.24453758445470597 -0.43405691059291046
		outer loop
			vertex 1.9028741121292114 12.411310195922852 -4.002188205718994
			vertex 1.914362609386444 12.477849960327148 -4.016726016998291
			vertex 2.1086080074310303 9.532462120056152 -1.9693429470062256
		endloop
	endfacet
	facet normal 0.8623923199497079 -0.24936762391922174 -0.4405624525905977
		outer loop
			vertex 1.914362609386444 12.477849960327148 -4.016726016998291
			vertex 1.9228230118751526 12.542340278625488 -4.036667823791504
			vertex 2.1086080074310303 9.532462120056152 -1.9693429470062256
		endloop
	endfacet
	facet normal 0.857492708854716 -0.25427653141895684 -0.44726915814814
		outer loop
			vertex 1.9228230118751526 12.542340278625488 -4.036667823791504
			vertex 1.9281985759735107 12.605239868164062 -4.0621209144592285
			vertex 2.1086080074310303 9.532462120056152 -1.9693429470062256
		endloop
	endfacet
	facet normal 0.8527549830819411 -0.25889030623360615 -0.4536350385135478
		outer loop
			vertex 1.9281985759735107 12.605239868164062 -4.0621209144592285
			vertex 1.9737548828125 13.023859977722168 -4.215390205383301
			vertex 2.1086080074310303 9.532462120056152 -1.9693429470062256
		endloop
	endfacet
	facet normal 0.8398078599926501 -0.27040094596498093 -0.4707505567875723
		outer loop
			vertex 1.9737548828125 13.023859977722168 -4.215390205383301
			vertex 2.0216829776763916 13.441749572753906 -4.369925022125244
			vertex 2.1086080074310303 9.532462120056152 -1.9693429470062256
		endloop
	endfacet
	facet normal 0.8195399172252534 -0.2865111129302609 -0.4962516561603477
		outer loop
			vertex 2.0216829776763916 13.441749572753906 -4.369925022125244
			vertex 2.1086080074310303 13.87479019165039 -4.476387977600098
			vertex 2.1086080074310303 9.532462120056152 -1.9693429470062256
		endloop
	endfacet
	facet normal 0.750672635338137 -0.33033724824247795 -0.5721607265254092
		outer loop
			vertex 2.1086080074310303 13.87479019165039 -4.476387977600098
			vertex 2.427973985671997 9.713897705078125 -1.655087947845459
			vertex 2.1086080074310303 9.532462120056152 -1.9693429470062256
		endloop
	endfacet
	facet normal -0.8419753637118054 -0.2686022458797116 -0.46789990426452144
		outer loop
			vertex 6.778316974639893 13.441749572753906 -4.369925022125244
			vertex 6.836434841156006 13.019989967346191 -4.232391834259033
			vertex 6.691391944885254 9.532462120056152 -1.9693429470062256
		endloop
	endfacet
	facet normal -0.852637156994058 -0.25900398449029066 -0.4537915981276467
		outer loop
			vertex 6.836434841156006 13.019989967346191 -4.232391834259033
			vertex 6.871800899505615 12.605239868164062 -4.0621209144592285
			vertex 6.691391944885254 9.532462120056152 -1.9693429470062256
		endloop
	endfacet
	facet normal -0.8574369008070922 -0.2543315135308626 -0.4473448807792814
		outer loop
			vertex 6.871800899505615 12.605239868164062 -4.0621209144592285
			vertex 6.877202987670898 12.542110443115234 -4.03658390045166
			vertex 6.691391944885254 9.532462120056152 -1.9693429470062256
		endloop
	endfacet
	facet normal -0.8624476708537174 -0.24931106118583965 -0.440486106261467
		outer loop
			vertex 6.877202987670898 12.542110443115234 -4.03658390045166
			vertex 6.885636806488037 12.477849960327148 -4.016726016998291
			vertex 6.691391944885254 9.532462120056152 -1.9693429470062256
		endloop
	endfacet
	facet normal -0.8670421995818014 -0.24455806448201678 -0.4340842973906815
		outer loop
			vertex 6.885636806488037 12.477849960327148 -4.016726016998291
			vertex 6.897035121917725 12.41178035736084 -4.002270221710205
			vertex 6.691391944885254 9.532462120056152 -1.9693429470062256
		endloop
	endfacet
	facet normal -0.872109734860335 -0.23912420916619534 -0.42690071791047385
		outer loop
			vertex 6.897035121917725 12.41178035736084 -4.002270221710205
			vertex 6.911124229431152 12.344630241394043 -3.993439197540283
			vertex 6.691391944885254 9.532462120056152 -1.9693429470062256
		endloop
	endfacet
	facet normal -0.7506713765420225 -0.32875115479807343 -0.5730751806346516
		outer loop
			vertex 6.372025966644287 9.713897705078125 -1.655087947845459
			vertex 6.567502975463867 14.314629554748535 -4.550405979156494
			vertex 6.691391944885254 9.532462120056152 -1.9693429470062256
		endloop
	endfacet
	facet normal -0.7827414595927386 -0.31117357741804136 -0.5389682849217454
		outer loop
			vertex 6.567502975463867 14.314629554748535 -4.550405979156494
			vertex 6.691391944885254 13.87479019165039 -4.476387977600098
			vertex 6.691391944885254 9.532462120056152 -1.9693429470062256
		endloop
	endfacet
	facet normal -0.8195399172252534 -0.2865111129302609 -0.4962516561603477
		outer loop
			vertex 6.691391944885254 13.87479019165039 -4.476387977600098
			vertex 6.778316974639893 13.441749572753906 -4.369925022125244
			vertex 6.691391944885254 9.532462120056152 -1.9693429470062256
		endloop
	endfacet
	facet normal 0.6282190144939 -0.3890181195483964 -0.6737995046683715
		outer loop
			vertex 2.427973985671997 14.804030418395996 -4.593875885009766
			vertex 2.8040720224380493 9.865735054016113 -1.3920950889587402
			vertex 2.427973985671997 9.713897705078125 -1.655087947845459
		endloop
	endfacet
	facet normal 0.7774730708172537 -0.3109822613789862 -0.5466494829976533
		outer loop
			vertex 2.1086080074310303 13.87479019165039 -4.476387977600098
			vertex 2.232496976852417 14.314629554748535 -4.550405979156494
			vertex 2.427973985671997 9.713897705078125 -1.655087947845459
		endloop
	endfacet
	facet normal 0.7271433255625297 -0.3432427020462727 -0.5945141138626053
		outer loop
			vertex 2.232496976852417 14.314629554748535 -4.550405979156494
			vertex 2.427973985671997 14.804030418395996 -4.593875885009766
			vertex 2.427973985671997 9.713897705078125 -1.655087947845459
		endloop
	endfacet
	facet normal -0.6282181369382518 -0.38767023244211335 -0.6745767289939001
		outer loop
			vertex 5.995927810668945 9.865735054016113 -1.3920950889587402
			vertex 6.1455159187316895 15.204609870910645 -4.599583148956299
			vertex 6.372025966644287 9.713897705078125 -1.655087947845459
		endloop
	endfacet
	facet normal -0.65309252025155 -0.37863891268857847 -0.655822181532075
		outer loop
			vertex 6.1455159187316895 15.204609870910645 -4.599583148956299
			vertex 6.372025966644287 14.804030418395996 -4.593875885009766
			vertex 6.372025966644287 9.713897705078125 -1.655087947845459
		endloop
	endfacet
	facet normal -0.7271433255625297 -0.3432427020462727 -0.5945141138626053
		outer loop
			vertex 6.372025966644287 14.804030418395996 -4.593875885009766
			vertex 6.567502975463867 14.314629554748535 -4.550405979156494
			vertex 6.372025966644287 9.713897705078125 -1.655087947845459
		endloop
	endfacet
	facet normal 0.6509356820977007 -0.37745946732229124 -0.6586403330352412
		outer loop
			vertex 2.427973985671997 14.804030418395996 -4.593875885009766
			vertex 2.6544840335845947 15.204609870910645 -4.599583148956299
			vertex 2.8040720224380493 9.865735054016113 -1.3920950889587402
		endloop
	endfacet
	facet normal 0.5865247259868853 -0.4049659084275494 -0.7014209569277631
		outer loop
			vertex 2.6544840335845947 15.204609870910645 -4.599583148956299
			vertex 2.8040720224380493 15.408490180969238 -4.5922088623046875
			vertex 2.8040720224380493 9.865735054016113 -1.3920950889587402
		endloop
	endfacet
	facet normal 0.4876957076033257 -0.4365071101230316 -0.7560518762607044
		outer loop
			vertex 2.8040720224380493 15.408490180969238 -4.5922088623046875
			vertex 3.226080894470215 9.983610153198242 -1.1879310607910156
			vertex 2.8040720224380493 9.865735054016113 -1.3920950889587402
		endloop
	endfacet
	facet normal -0.4876941688132069 -0.43515775579518706 -0.756830314718492
		outer loop
			vertex 5.573917865753174 9.983610153198242 -1.1879310607910156
			vertex 5.7981038093566895 15.626070022583008 -4.576662063598633
			vertex 5.995927810668945 9.865735054016113 -1.3920950889587402
		endloop
	endfacet
	facet normal -0.5257060654384869 -0.42533340382148027 -0.736698465014567
		outer loop
			vertex 5.7981038093566895 15.626070022583008 -4.576662063598633
			vertex 5.995927810668945 15.408490180969238 -4.5922088623046875
			vertex 5.995927810668945 9.865735054016113 -1.3920950889587402
		endloop
	endfacet
	facet normal -0.5865244193701022 -0.4049660194482978 -0.7014211492211833
		outer loop
			vertex 5.995927810668945 15.408490180969238 -4.5922088623046875
			vertex 6.1455159187316895 15.204609870910645 -4.599583148956299
			vertex 5.995927810668945 9.865735054016113 -1.3920950889587402
		endloop
	endfacet
	facet normal 0.3331389245737386 -0.4701407554781362 -0.8173041826470121
		outer loop
			vertex 3.446397066116333 15.961779594421387 -4.5369720458984375
			vertex 3.6818630695343018 10.064128875732422 -1.0484681129455566
			vertex 3.226080894470215 9.983610153198242 -1.1879310607910156
		endloop
	endfacet
	facet normal 0.37358170598178037 -0.46379866982697837 -0.8033227886861346
		outer loop
			vertex 3.226080894470215 15.817859649658203 -4.556336879730225
			vertex 3.446397066116333 15.961779594421387 -4.5369720458984375
			vertex 3.226080894470215 9.983610153198242 -1.1879310607910156
		endloop
	endfacet
	facet normal 0.523529284676787 -0.4232847512029186 -0.7394234967086826
		outer loop
			vertex 2.8040720224380493 15.408490180969238 -4.5922088623046875
			vertex 3.002556085586548 15.626720428466797 -4.576603889465332
			vertex 3.226080894470215 9.983610153198242 -1.1879310607910156
		endloop
	endfacet
	facet normal 0.4515479859132148 -0.4461234479809652 -0.7727084091552869
		outer loop
			vertex 3.002556085586548 15.626720428466797 -4.576603889465332
			vertex 3.226080894470215 15.817859649658203 -4.556336879730225
			vertex 3.226080894470215 9.983610153198242 -1.1879310607910156
		endloop
	endfacet
	facet normal -0.33313969956370204 -0.47014125854520106 -0.8173035773738795
		outer loop
			vertex 5.118136882781982 10.064128875732422 -1.0484681129455566
			vertex 5.3552680015563965 15.960829734802246 -4.537110805511475
			vertex 5.573917865753174 9.983610153198242 -1.1879310607910156
		endloop
	endfacet
	facet normal -0.3738590483669498 -0.46374279711486344 -0.8032260143186609
		outer loop
			vertex 5.3552680015563965 15.960829734802246 -4.537110805511475
			vertex 5.573917865753174 15.817859649658203 -4.556336879730225
			vertex 5.573917865753174 9.983610153198242 -1.1879310607910156
		endloop
	endfacet
	facet normal -0.45167786653886877 -0.44609057706902944 -0.7726514750708215
		outer loop
			vertex 5.573917865753174 15.817859649658203 -4.556336879730225
			vertex 5.7981038093566895 15.626070022583008 -4.576662063598633
			vertex 5.573917865753174 9.983610153198242 -1.1879310607910156
		endloop
	endfacet
	facet normal 0.16900094561209714 -0.491547742988999 -0.8542947364608061
		outer loop
			vertex 3.9388089179992676 16.15913963317871 -4.504611015319824
			vertex 4.1583030223846436 10.104975700378418 -0.9777189493179321
			vertex 3.6818630695343018 10.064128875732422 -1.0484681129455566
		endloop
	endfacet
	facet normal 0.20711799767869654 -0.489157965626405 -0.8472464928825637
		outer loop
			vertex 3.6818630695343018 16.075519561767578 -4.519145965576172
			vertex 3.9388089179992676 16.15913963317871 -4.504611015319824
			vertex 3.6818630695343018 10.064128875732422 -1.0484681129455566
		endloop
	endfacet
	facet normal 0.2935545068560305 -0.4779711500556737 -0.8278703589445446
		outer loop
			vertex 3.446397066116333 15.961779594421387 -4.5369720458984375
			vertex 3.6818630695343018 16.075519561767578 -4.519145965576172
			vertex 3.6818630695343018 10.064128875732422 -1.0484681129455566
		endloop
	endfacet
	facet normal -0.16900110417148992 -0.4923883145890123 -0.8538105026556005
		outer loop
			vertex 4.641696929931641 10.104975700378418 -0.9777189493179321
			vertex 5.075808048248291 16.092060089111328 -4.5163679122924805
			vertex 5.118136882781982 10.064128875732422 -1.0484681129455566
		endloop
	endfacet
	facet normal -0.24465602584028662 -0.48480548814135105 -0.8397065366472167
		outer loop
			vertex 5.075808048248291 16.092060089111328 -4.5163679122924805
			vertex 5.11891508102417 16.075209617614746 -4.519198894500732
			vertex 5.118136882781982 10.064128875732422 -1.0484681129455566
		endloop
	endfacet
	facet normal -0.294003220025242 -0.4778975974657225 -0.8277535822642385
		outer loop
			vertex 5.11891508102417 16.075209617614746 -4.519198894500732
			vertex 5.3552680015563965 15.960829734802246 -4.537110805511475
			vertex 5.118136882781982 10.064128875732422 -1.0484681129455566
		endloop
	endfacet
	facet normal 0.042440979281048515 -0.49954926931146376 -0.8652452200434558
		outer loop
			vertex 4.1583030223846436 16.200499534606934 -4.496969223022461
			vertex 4.400000095367432 10.11011028289795 -0.9688279628753662
			vertex 4.1583030223846436 10.104975700378418 -0.9777189493179321
		endloop
	endfacet
	facet normal 0.12341668400195849 -0.4961772517110363 -0.8594047108286317
		outer loop
			vertex 3.9388089179992676 16.15913963317871 -4.504611015319824
			vertex 4.1583030223846436 16.200499534606934 -4.496969223022461
			vertex 4.1583030223846436 10.104975700378418 -0.9777189493179321
		endloop
	endfacet
	facet normal -0.1235204176243534 -0.4961707984163381 -0.8593935333878181
		outer loop
			vertex 4.641696929931641 16.200499534606934 -4.496969223022461
			vertex 4.861845970153809 16.15898036956787 -4.504640102386475
			vertex 4.641696929931641 10.104975700378418 -0.9777189493179321
		endloop
	endfacet
	facet normal -0.19917688409107767 -0.4878793929675931 -0.8498836783709535
		outer loop
			vertex 4.861845970153809 16.15898036956787 -4.504640102386475
			vertex 5.075808048248291 16.092060089111328 -4.5163679122924805
			vertex 4.641696929931641 10.104975700378418 -0.9777189493179321
		endloop
	endfacet
	facet normal -0.04228416498569742 -0.499552593822873 -0.8652509782694857
		outer loop
			vertex 4.3991639614105225 16.21595001220703 -4.49403715133667
			vertex 4.641696929931641 16.200499534606934 -4.496969223022461
			vertex 4.641696929931641 10.104975700378418 -0.9777189493179321
		endloop
	endfacet
	facet normal -0.04244102109687756 -0.49955394971828515 -0.8652425157429076
		outer loop
			vertex 4.400000095367432 10.11011028289795 -0.9688279628753662
			vertex 4.3991639614105225 16.21595001220703 -4.49403715133667
			vertex 4.641696929931641 10.104975700378418 -0.9777189493179321
		endloop
	endfacet
	facet normal 0.04257693566724061 -0.4995423265384819 -0.8652425489686164
		outer loop
			vertex 4.1583030223846436 16.200499534606934 -4.496969223022461
			vertex 4.3991639614105225 16.21595001220703 -4.49403715133667
			vertex 4.400000095367432 10.11011028289795 -0.9688279628753662
		endloop
	endfacet
	facet normal 0.8533806865345328 -0.25858991530527087 -0.45262861106238356
		outer loop
			vertex 1.9634512066841125 13.018950462341309 -4.232011795043945
			vertex 1.9737548828125 13.023859977722168 -4.215390205383301
			vertex 1.9281985759735107 12.605239868164062 -4.0621209144592285
		endloop
	endfacet
	facet normal 0.8527241349671556 -0.2643961559083989 -0.45050662856985585
		outer loop
			vertex 2.0216829776763916 13.441749572753906 -4.369925022125244
			vertex 1.9737548828125 13.023859977722168 -4.215390205383301
			vertex 1.9634512066841125 13.018950462341309 -4.232011795043945
		endloop
	endfacet
	facet normal -0.0000021190624898762704 0.8660250571692565 -0.5000006003501354
		outer loop
			vertex 4.400000095367432 7.510108947753906 -5.4721598625183105
			vertex 4.881652116775513 7.280607223510742 -5.8696699142456055
			vertex 4.400000095367432 7.260108947753906 -5.905171871185303
		endloop
	endfacet
	facet normal 0.0000013054805366566987 0.866025057170463 -0.5000006003508319
		outer loop
			vertex 4.002847909927368 7.527010917663574 -5.442885875701904
			vertex 4.400000095367432 7.510108947753906 -5.4721598625183105
			vertex 4.400000095367432 7.260108947753906 -5.905171871185303
		endloop
	endfacet
	facet normal 0.0000021740650907996515 0.8660253802854182 -0.5000000406967685
		outer loop
			vertex 3.9183480739593506 7.280607223510742 -5.8696699142456055
			vertex 4.002847909927368 7.527010917663574 -5.442885875701904
			vertex 4.400000095367432 7.260108947753906 -5.905171871185303
		endloop
	endfacet
	facet normal 6.319427792325576e-7 0.8660255124981645 -0.4999998117018567
		outer loop
			vertex 3.6171209812164307 7.577229022979736 -5.355906009674072
			vertex 4.002847909927368 7.527010917663574 -5.442885875701904
			vertex 3.9183480739593506 7.280607223510742 -5.8696699142456055
		endloop
	endfacet
	facet normal -0.0000014822053878920938 0.8660249757539865 -0.5000007413675608
		outer loop
			vertex 3.450551986694336 7.341508865356445 -5.76418399810791
			vertex 3.6171209812164307 7.577229022979736 -5.355906009674072
			vertex 3.9183480739593506 7.280607223510742 -5.8696699142456055
		endloop
	endfacet
	facet normal 0.0000011242831151039598 0.8660256630646174 -0.49999955091202436
		outer loop
			vertex 4.797152042388916 7.527010917663574 -5.442885875701904
			vertex 5.349448204040527 7.341508865356445 -5.76418399810791
			vertex 4.881652116775513 7.280607223510742 -5.8696699142456055
		endloop
	endfacet
	facet normal -0.000001372187034790646 0.8660254490337889 -0.4999999216239355
		outer loop
			vertex 4.400000095367432 7.510108947753906 -5.4721598625183105
			vertex 4.797152042388916 7.527010917663574 -5.442885875701904
			vertex 4.881652116775513 7.280607223510742 -5.8696699142456055
		endloop
	endfacet
	facet normal -0.0000012494789113808026 0.8660249346407137 -0.5000008125783262
		outer loop
			vertex 3.2539169788360596 7.659317970275879 -5.213723182678223
			vertex 3.6171209812164307 7.577229022979736 -5.355906009674072
			vertex 3.450551986694336 7.341508865356445 -5.76418399810791
		endloop
	endfacet
	facet normal -8.992612782981463e-7 0.8660249888128815 -0.5000007187503234
		outer loop
			vertex 3.010068893432617 7.44106388092041 -5.59174919128418
			vertex 3.2539169788360596 7.659317970275879 -5.213723182678223
			vertex 3.450551986694336 7.341508865356445 -5.76418399810791
		endloop
	endfacet
	facet normal 9.897214338609401e-7 0.8660248887533549 -0.5000008920579638
		outer loop
			vertex 5.182878017425537 7.577229022979736 -5.355906009674072
			vertex 5.789930820465088 7.44106388092041 -5.59174919128418
			vertex 5.349448204040527 7.341508865356445 -5.76418399810791
		endloop
	endfacet
	facet normal -1.9786538597664794e-7 0.866024678952596 -0.5000012554434375
		outer loop
			vertex 4.797152042388916 7.527010917663574 -5.442885875701904
			vertex 5.182878017425537 7.577229022979736 -5.355906009674072
			vertex 5.349448204040527 7.341508865356445 -5.76418399810791
		endloop
	endfacet
	facet normal -0.0000016122256732758745 0.8660251879556758 -0.5000003738235975
		outer loop
			vertex 2.9236830472946167 7.770916938781738 -5.020427227020264
			vertex 3.2539169788360596 7.659317970275879 -5.213723182678223
			vertex 3.010068893432617 7.44106388092041 -5.59174919128418
		endloop
	endfacet
	facet normal 0.0000015144212253655742 0.866025392666846 -0.5000000192539413
		outer loop
			vertex 2.609573006629944 7.576408863067627 -5.357326030731201
			vertex 2.9236830472946167 7.770916938781738 -5.020427227020264
			vertex 3.010068893432617 7.44106388092041 -5.59174919128418
		endloop
	endfacet
	facet normal -4.5657655555284805e-7 0.8660246101033917 -0.5000013746931702
		outer loop
			vertex 5.546082973480225 7.659317970275879 -5.213723182678223
			vertex 6.190426826477051 7.576408863067627 -5.357326030731201
			vertex 5.789930820465088 7.44106388092041 -5.59174919128418
		endloop
	endfacet
	facet normal 0.0000011397691672158083 0.8660250559904819 -0.5000006023950211
		outer loop
			vertex 5.182878017425537 7.577229022979736 -5.355906009674072
			vertex 5.546082973480225 7.659317970275879 -5.213723182678223
			vertex 5.789930820465088 7.44106388092041 -5.59174919128418
		endloop
	endfacet
	facet normal 0.0000020019602136905623 0.8660251958354187 -0.5000003601740871
		outer loop
			vertex 2.6359200477600098 7.908816814422607 -4.78157901763916
			vertex 2.9236830472946167 7.770916938781738 -5.020427227020264
			vertex 2.609573006629944 7.576408863067627 -5.357326030731201
		endloop
	endfacet
	facet normal -8.033757134014922e-7 0.8660252514254895 -0.5000002638927027
		outer loop
			vertex 2.260583996772766 7.743648052215576 -5.0676589012146
			vertex 2.6359200477600098 7.908816814422607 -4.78157901763916
			vertex 2.609573006629944 7.576408863067627 -5.357326030731201
		endloop
	endfacet
	facet normal -3.6041682732713844e-7 0.8660258585654335 -0.49999921229525346
		outer loop
			vertex 5.876317024230957 7.770916938781738 -5.020427227020264
			vertex 6.5394158363342285 7.743648052215576 -5.0676589012146
			vertex 6.190426826477051 7.576408863067627 -5.357326030731201
		endloop
	endfacet
	facet normal 3.2931221009471305e-7 0.8660261370240034 -0.4999987299895606
		outer loop
			vertex 5.546082973480225 7.659317970275879 -5.213723182678223
			vertex 5.876317024230957 7.770916938781738 -5.020427227020264
			vertex 6.190426826477051 7.576408863067627 -5.357326030731201
		endloop
	endfacet
	facet normal -0.0000021162245488605608 0.8660259972672834 -0.49999897205167243
		outer loop
			vertex 2.398906946182251 8.069047927856445 -4.504048824310303
			vertex 2.6359200477600098 7.908816814422607 -4.78157901763916
			vertex 2.260583996772766 7.743648052215576 -5.0676589012146
		endloop
	endfacet
	facet normal 1.333928712049237e-7 0.8660257581996641 -0.49999938613430256
		outer loop
			vertex 1.9731420278549194 7.937971115112305 -4.731081008911133
			vertex 2.398906946182251 8.069047927856445 -4.504048824310303
			vertex 2.260583996772766 7.743648052215576 -5.0676589012146
		endloop
	endfacet
	facet normal 9.743500426395395e-7 0.8660253485572833 -0.5000000956552777
		outer loop
			vertex 6.1640801429748535 7.908816814422607 -4.78157901763916
			vertex 6.826858043670654 7.937971115112305 -4.731081008911133
			vertex 6.5394158363342285 7.743648052215576 -5.0676589012146
		endloop
	endfacet
	facet normal -5.905531597879436e-7 0.866024459517939 -0.5000016355136382
		outer loop
			vertex 5.876317024230957 7.770916938781738 -5.020427227020264
			vertex 6.1640801429748535 7.908816814422607 -4.78157901763916
			vertex 6.5394158363342285 7.743648052215576 -5.0676589012146
		endloop
	endfacet
	facet normal 7.72791240312915e-7 0.8660264940654759 -0.49999811157249696
		outer loop
			vertex 6.401093006134033 8.069047927856445 -4.504048824310303
			vertex 6.826858043670654 7.937971115112305 -4.731081008911133
			vertex 6.1640801429748535 7.908816814422607 -4.78157901763916
		endloop
	endfacet
	facet normal 0.0000015771875388119268 0.8660245857627266 -0.5000014168500032
		outer loop
			vertex 2.219460964202881 8.247003078460693 -4.1958231925964355
			vertex 2.398906946182251 8.069047927856445 -4.504048824310303
			vertex 1.9731420278549194 7.937971115112305 -4.731081008911133
		endloop
	endfacet
	facet normal -2.645092106987067e-7 0.8660249527537832 -0.5000007812071273
		outer loop
			vertex 1.7555162906646729 8.153789043426514 -4.357274055480957
			vertex 2.219460964202881 8.247003078460693 -4.1958231925964355
			vertex 1.9731420278549194 7.937971115112305 -4.731081008911133
		endloop
	endfacet
	facet normal -7.960243489233159e-7 0.8660252201088108 -0.500000318134751
		outer loop
			vertex 6.401093006134033 8.069047927856445 -4.504048824310303
			vertex 7.0444841384887695 8.153789043426514 -4.357274055480957
			vertex 6.826858043670654 7.937971115112305 -4.731081008911133
		endloop
	endfacet
	facet normal -2.9100621622875e-7 0.8660242615222996 -0.5000019784507568
		outer loop
			vertex 6.580539226531982 8.247003078460693 -4.1958231925964355
			vertex 7.0444841384887695 8.153789043426514 -4.357274055480957
			vertex 6.401093006134033 8.069047927856445 -4.504048824310303
		endloop
	endfacet
	facet normal -0.00000106589549745904 0.8660259499203324 -0.499999054062555
		outer loop
			vertex 2.1027450561523438 8.43756103515625 -3.8657660484313965
			vertex 2.219460964202881 8.247003078460693 -4.1958231925964355
			vertex 1.7555162906646729 8.153789043426514 -4.357274055480957
		endloop
	endfacet
	facet normal 0.0000017606677643624377 0.866025085261442 -0.500000551694508
		outer loop
			vertex 1.6139675974845886 8.384891986846924 -3.9569931030273438
			vertex 2.1027450561523438 8.43756103515625 -3.8657660484313965
			vertex 1.7555162906646729 8.153789043426514 -4.357274055480957
		endloop
	endfacet
	facet normal 1.374234713958365e-7 0.8660247946204657 -0.5000010551014484
		outer loop
			vertex 6.580539226531982 8.247003078460693 -4.1958231925964355
			vertex 7.186031818389893 8.384891986846924 -3.9569931030273438
			vertex 7.0444841384887695 8.153789043426514 -4.357274055480957
		endloop
	endfacet
	facet normal -0.0000012360431824128316 0.8660263024002369 -0.49999844354702316
		outer loop
			vertex 6.6972551345825195 8.43756103515625 -3.8657660484313965
			vertex 7.186031818389893 8.384891986846924 -3.9569931030273438
			vertex 6.580539226531982 8.247003078460693 -4.1958231925964355
		endloop
	endfacet
	facet normal 0.0000017875793525748661 0.8660250228261448 -0.5000006598353446
		outer loop
			vertex 2.0521169900894165 8.635241031646729 -3.5233750343322754
			vertex 2.1027450561523438 8.43756103515625 -3.8657660484313965
			vertex 1.6139675974845886 8.384891986846924 -3.9569931030273438
		endloop
	endfacet
	facet normal -4.6294324860433653e-7 0.866026007515994 -0.49999895430459995
		outer loop
			vertex 1.5525680184364319 8.62463092803955 -3.5417518615722656
			vertex 2.0521169900894165 8.635241031646729 -3.5233750343322754
			vertex 1.6139675974845886 8.384891986846924 -3.9569931030273438
		endloop
	endfacet
	facet normal -0.0000013141052808944572 0.8660261212960191 -0.49999875722970155
		outer loop
			vertex 6.6972551345825195 8.43756103515625 -3.8657660484313965
			vertex 7.247432231903076 8.62463092803955 -3.5417518615722656
			vertex 7.186031818389893 8.384891986846924 -3.9569931030273438
		endloop
	endfacet
	facet normal 3.675646524410253e-7 0.8660248848380415 -0.500000898840314
		outer loop
			vertex 6.747882843017578 8.635241031646729 -3.5233750343322754
			vertex 7.247432231903076 8.62463092803955 -3.5417518615722656
			vertex 6.6972551345825195 8.43756103515625 -3.8657660484313965
		endloop
	endfacet
	facet normal -5.163492178957342e-7 0.8660266361446114 -0.49999786548322633
		outer loop
			vertex 2.069033980369568 8.834354877471924 -3.178497791290283
			vertex 2.0521169900894165 8.635241031646729 -3.5233750343322754
			vertex 1.5525680184364319 8.62463092803955 -3.5417518615722656
		endloop
	endfacet
	facet normal 0.000001416320794741884 0.866025446302505 -0.4999999263545356
		outer loop
			vertex 1.5730838179588318 8.866109848022461 -3.12349796295166
			vertex 2.069033980369568 8.834354877471924 -3.178497791290283
			vertex 1.5525680184364319 8.62463092803955 -3.5417518615722656
		endloop
	endfacet
	facet normal 4.1857542551584657e-7 0.8660254852762597 -0.499999858851824
		outer loop
			vertex 6.747882843017578 8.635241031646729 -3.5233750343322754
			vertex 7.2269158363342285 8.866109848022461 -3.12349796295166
			vertex 7.247432231903076 8.62463092803955 -3.5417518615722656
		endloop
	endfacet
	facet normal -0.0000017089472855294978 0.8660265888782973 -0.4999979473486868
		outer loop
			vertex 6.730966091156006 8.834354877471924 -3.178497791290283
			vertex 7.2269158363342285 8.866109848022461 -3.12349796295166
			vertex 6.747882843017578 8.635241031646729 -3.5233750343322754
		endloop
	endfacet
	facet normal 0.000001232995841269355 0.8660247304945556 -0.5000011661689524
		outer loop
			vertex 1.5730838179588318 8.866109848022461 -3.12349796295166
			vertex 2.153007984161377 9.029175758361816 -2.8410589694976807
			vertex 2.069033980369568 8.834354877471924 -3.178497791290283
		endloop
	endfacet
	facet normal -9.564104101475229e-8 0.8660248530547484 -0.5000009538905826
		outer loop
			vertex 6.646992206573486 9.029175758361816 -2.8410589694976807
			vertex 7.125074863433838 9.102381706237793 -2.7142629623413086
			vertex 6.730966091156006 8.834354877471924 -3.178497791290283
		endloop
	endfacet
	facet normal -0.0000013858546682869727 0.8660253273404831 -0.5000001324028712
		outer loop
			vertex 7.125074863433838 9.102381706237793 -2.7142629623413086
			vertex 7.2269158363342285 8.866109848022461 -3.12349796295166
			vertex 6.730966091156006 8.834354877471924 -3.178497791290283
		endloop
	endfacet
	facet normal 4.4803552884787094e-7 0.8660254283989656 -0.49999995736618563
		outer loop
			vertex 1.6749247908592224 9.102381706237793 -2.7142629623413086
			vertex 2.153007984161377 9.029175758361816 -2.8410589694976807
			vertex 1.5730838179588318 8.866109848022461 -3.12349796295166
		endloop
	endfacet
	facet normal 8.911385671473587e-7 0.8660261518383912 -0.4999987043295152
		outer loop
			vertex 1.6749247908592224 9.102381706237793 -2.7142629623413086
			vertex 2.3016239404678345 9.21409797668457 -2.5207629203796387
			vertex 2.153007984161377 9.029175758361816 -2.8410589694976807
		endloop
	endfacet
	facet normal -0.000002024498248473725 0.8660259241261592 -0.4999990987365214
		outer loop
			vertex 6.49837589263916 9.21409797668457 -2.5207629203796387
			vertex 6.944839000701904 9.32664966583252 -2.3258190155029297
			vertex 6.646992206573486 9.029175758361816 -2.8410589694976807
		endloop
	endfacet
	facet normal -5.211864625167114e-7 0.8660255478292164 -0.4999997505067722
		outer loop
			vertex 6.944839000701904 9.32664966583252 -2.3258190155029297
			vertex 7.125074863433838 9.102381706237793 -2.7142629623413086
			vertex 6.646992206573486 9.029175758361816 -2.8410589694976807
		endloop
	endfacet
	facet normal 0.0000014557121477360634 0.8660253600666161 -0.500000075719363
		outer loop
			vertex 1.8551613092422485 9.32664966583252 -2.3258190155029297
			vertex 2.3016239404678345 9.21409797668457 -2.5207629203796387
			vertex 1.6749247908592224 9.102381706237793 -2.7142629623413086
		endloop
	endfacet
	facet normal 3.557724499590279e-7 0.8660242692675368 -0.5000019650356409
		outer loop
			vertex 1.8551613092422485 9.32664966583252 -2.3258190155029297
			vertex 2.5106070041656494 9.383803367614746 -2.2268259525299072
			vertex 2.3016239404678345 9.21409797668457 -2.5207629203796387
		endloop
	endfacet
	facet normal -2.4588368222668157e-7 0.8660243030983868 -0.5000019064392583
		outer loop
			vertex 6.289392948150635 9.383803367614746 -2.2268259525299072
			vertex 6.691391944885254 9.532462120056152 -1.9693429470062256
			vertex 6.49837589263916 9.21409797668457 -2.5207629203796387
		endloop
	endfacet
	facet normal -4.1586629141447495e-7 0.8660243288625661 -0.500001861814503
		outer loop
			vertex 6.691391944885254 9.532462120056152 -1.9693429470062256
			vertex 6.944839000701904 9.32664966583252 -2.3258190155029297
			vertex 6.49837589263916 9.21409797668457 -2.5207629203796387
		endloop
	endfacet
	facet normal 3.2525644865089667e-7 0.866024356758227 -0.5000018134981047
		outer loop
			vertex 2.1086080074310303 9.532462120056152 -1.9693429470062256
			vertex 2.5106070041656494 9.383803367614746 -2.2268259525299072
			vertex 1.8551613092422485 9.32664966583252 -2.3258190155029297
		endloop
	endfacet
	facet normal 2.2535855803075639e-7 0.8660242892224049 -0.500001930473051
		outer loop
			vertex 2.1086080074310303 9.532462120056152 -1.9693429470062256
			vertex 2.7739440202713013 9.533408164978027 -1.9677040576934814
			vertex 2.5106070041656494 9.383803367614746 -2.2268259525299072
		endloop
	endfacet
	facet normal 3.934883210827003e-7 0.8660245615506306 -0.5000014587887552
		outer loop
			vertex 6.026055812835693 9.533408164978027 -1.9677040576934814
			vertex 6.372025966644287 9.713897705078125 -1.655087947845459
			vertex 6.289392948150635 9.383803367614746 -2.2268259525299072
		endloop
	endfacet
	facet normal -7.324088399705037e-7 0.8660246320127498 -0.5000013367448579
		outer loop
			vertex 6.372025966644287 9.713897705078125 -1.655087947845459
			vertex 6.691391944885254 9.532462120056152 -1.9693429470062256
			vertex 6.289392948150635 9.383803367614746 -2.2268259525299072
		endloop
	endfacet
	facet normal 2.2213131466037618e-7 0.8660248565636011 -0.5000009478130467
		outer loop
			vertex 2.427973985671997 9.713897705078125 -1.655087947845459
			vertex 2.7739440202713013 9.533408164978027 -1.9677040576934814
			vertex 2.1086080074310303 9.532462120056152 -1.9693429470062256
		endloop
	endfacet
	facet normal 0.0000013803105109996968 0.8660254115763706 -0.4999999865020726
		outer loop
			vertex 2.427973985671997 9.713897705078125 -1.655087947845459
			vertex 3.084059000015259 9.658608436584473 -1.750849962234497
			vertex 2.7739440202713013 9.533408164978027 -1.9677040576934814
		endloop
	endfacet
	facet normal -2.4018256097354785e-7 0.8660261175845975 -0.4999987636597627
		outer loop
			vertex 5.715940952301025 9.658608436584473 -1.750849962234497
			vertex 5.995927810668945 9.865735054016113 -1.3920950889587402
			vertex 6.026055812835693 9.533408164978027 -1.9677040576934814
		endloop
	endfacet
	facet normal -0.0000027355604647315365 0.8660260610253319 -0.4999988616161692
		outer loop
			vertex 5.995927810668945 9.865735054016113 -1.3920950889587402
			vertex 6.372025966644287 9.713897705078125 -1.655087947845459
			vertex 6.026055812835693 9.533408164978027 -1.9677040576934814
		endloop
	endfacet
	facet normal 0.0000017954598985595627 0.8660266431735728 -0.4999978533056814
		outer loop
			vertex 2.427973985671997 9.713897705078125 -1.655087947845459
			vertex 2.8040720224380493 9.865735054016113 -1.3920950889587402
			vertex 3.084059000015259 9.658608436584473 -1.750849962234497
		endloop
	endfacet
	facet normal -0.0000016969389303860626 0.8660254629513745 -0.49999989751696744
		outer loop
			vertex 2.8040720224380493 9.865735054016113 -1.3920950889587402
			vertex 3.4320321083068848 9.755803108215332 -1.5825049877166748
			vertex 3.084059000015259 9.658608436584473 -1.750849962234497
		endloop
	endfacet
	facet normal 0.0000015715867178086606 0.8660253507545737 -0.5000000918479394
		outer loop
			vertex 5.3679680824279785 9.755803108215332 -1.5825049877166748
			vertex 5.573917865753174 9.983610153198242 -1.1879310607910156
			vertex 5.715940952301025 9.658608436584473 -1.750849962234497
		endloop
	endfacet
	facet normal 0.000001917209886461049 0.8660253885127083 -0.5000000264477361
		outer loop
			vertex 5.573917865753174 9.983610153198242 -1.1879310607910156
			vertex 5.995927810668945 9.865735054016113 -1.3920950889587402
			vertex 5.715940952301025 9.658608436584473 -1.750849962234497
		endloop
	endfacet
	facet normal -0.000001813849406889324 0.8660252959967979 -0.5000001866903337
		outer loop
			vertex 2.8040720224380493 9.865735054016113 -1.3920950889587402
			vertex 3.226080894470215 9.983610153198242 -1.1879310607910156
			vertex 3.4320321083068848 9.755803108215332 -1.5825049877166748
		endloop
	endfacet
	facet normal 0.0000018058929660626242 0.8660261141110803 -0.49999876967288737
		outer loop
			vertex 3.226080894470215 9.983610153198242 -1.1879310607910156
			vertex 3.807852029800415 9.822195053100586 -1.4675090312957764
			vertex 3.4320321083068848 9.755803108215332 -1.5825049877166748
		endloop
	endfacet
	facet normal -0.000002365688602875606 0.8660253219300562 -0.5000001417703263
		outer loop
			vertex 4.992149114608765 9.822195053100586 -1.4675090312957764
			vertex 5.118136882781982 10.064128875732422 -1.0484681129455566
			vertex 5.3679680824279785 9.755803108215332 -1.5825049877166748
		endloop
	endfacet
	facet normal -2.2211844087626849e-7 0.8660257561563972 -0.49999938967331903
		outer loop
			vertex 5.118136882781982 10.064128875732422 -1.0484681129455566
			vertex 5.573917865753174 9.983610153198242 -1.1879310607910156
			vertex 5.3679680824279785 9.755803108215332 -1.5825049877166748
		endloop
	endfacet
	facet normal 6.836969694981578e-7 0.8660251029571239 -0.5000005210473644
		outer loop
			vertex 3.226080894470215 9.983610153198242 -1.1879310607910156
			vertex 3.6818630695343018 10.064128875732422 -1.0484681129455566
			vertex 3.807852029800415 9.822195053100586 -1.4675090312957764
		endloop
	endfacet
	facet normal -0.000001987174964787278 0.86602475523513 -0.5000011233147225
		outer loop
			vertex 3.6818630695343018 10.064128875732422 -1.0484681129455566
			vertex 4.2007060050964355 9.855876922607422 -1.4091720581054688
			vertex 3.807852029800415 9.822195053100586 -1.4675090312957764
		endloop
	endfacet
	facet normal 0.0000024100958272030124 0.8660259884849154 -0.4999989872618911
		outer loop
			vertex 4.599293947219849 9.855876922607422 -1.4091720581054688
			vertex 4.641696929931641 10.104975700378418 -0.9777189493179321
			vertex 4.992149114608765 9.822195053100586 -1.4675090312957764
		endloop
	endfacet
	facet normal -5.17772511499243e-7 0.8660250813549 -0.5000005584636592
		outer loop
			vertex 4.641696929931641 10.104975700378418 -0.9777189493179321
			vertex 5.118136882781982 10.064128875732422 -1.0484681129455566
			vertex 4.992149114608765 9.822195053100586 -1.4675090312957764
		endloop
	endfacet
	facet normal 1.6904475362973686e-7 0.866026098245836 -0.49999879715561857
		outer loop
			vertex 3.6818630695343018 10.064128875732422 -1.0484681129455566
			vertex 4.1583030223846436 10.104975700378418 -0.9777189493179321
			vertex 4.2007060050964355 9.855876922607422 -1.4091720581054688
		endloop
	endfacet
	facet normal 0.0000032997381513249184 0.866026231471486 -0.4999985663903526
		outer loop
			vertex 4.1583030223846436 10.104975700378418 -0.9777189493179321
			vertex 4.400000095367432 9.860109329223633 -1.4018399715423584
			vertex 4.2007060050964355 9.855876922607422 -1.4091720581054688
		endloop
	endfacet
	facet normal -0.0000034696795857413956 0.8660242312577564 -0.500002030858249
		outer loop
			vertex 4.400000095367432 9.860109329223633 -1.4018399715423584
			vertex 4.400000095367432 10.11011028289795 -0.9688279628753662
			vertex 4.599293947219849 9.855876922607422 -1.4091720581054688
		endloop
	endfacet
	facet normal 0.000004946149738948494 0.8660258805519836 -0.4999991741890152
		outer loop
			vertex 4.400000095367432 10.11011028289795 -0.9688279628753662
			vertex 4.641696929931641 10.104975700378418 -0.9777189493179321
			vertex 4.599293947219849 9.855876922607422 -1.4091720581054688
		endloop
	endfacet
	facet normal -0.000004806022994423846 0.8660242312529677 -0.5000020308554843
		outer loop
			vertex 4.1583030223846436 10.104975700378418 -0.9777189493179321
			vertex 4.400000095367432 10.11011028289795 -0.9688279628753662
			vertex 4.400000095367432 9.860109329223633 -1.4018399715423584
		endloop
	endfacet
	facet normal 0.0000014075867037838564 0.8660256569942127 -0.49999956142556895
		outer loop
			vertex 4.002847909927368 3.1968839168548584 -2.9428861141204834
			vertex 4.264311075210571 3.55786395072937 -2.3176488876342773
			vertex 4.400000095367432 3.1799819469451904 -2.9721601009368896
		endloop
	endfacet
	facet normal 0 0.8660255306369423 -0.4999997802849547
		outer loop
			vertex 4.264311075210571 3.55786395072937 -2.3176488876342773
			vertex 4.535690069198608 3.55786395072937 -2.3176488876342773
			vertex 4.400000095367432 3.1799819469451904 -2.9721601009368896
		endloop
	endfacet
	facet normal -0.0000014075877154242025 0.8660256569951916 -0.4999995614238734
		outer loop
			vertex 4.535690069198608 3.55786395072937 -2.3176488876342773
			vertex 4.797152042388916 3.1968839168548584 -2.9428861141204834
			vertex 4.400000095367432 3.1799819469451904 -2.9721601009368896
		endloop
	endfacet
	facet normal -0.0000017337257268884905 0.8660256748571898 -0.4999995304849229
		outer loop
			vertex 3.6171209812164307 3.247101068496704 -2.8559060096740723
			vertex 3.9968349933624268 3.580796003341675 -2.2779300212860107
			vertex 4.002847909927368 3.1968839168548584 -2.9428861141204834
		endloop
	endfacet
	facet normal 0.0000012445358940049817 0.8660256865193474 -0.49999951028690454
		outer loop
			vertex 3.9968349933624268 3.580796003341675 -2.2779300212860107
			vertex 4.264311075210571 3.55786395072937 -2.3176488876342773
			vertex 4.002847909927368 3.1968839168548584 -2.9428861141204834
		endloop
	endfacet
	facet normal 0.0000014715360310389546 0.866026178338843 -0.49999865842785374
		outer loop
			vertex 4.535690069198608 3.55786395072937 -2.3176488876342773
			vertex 5.182878017425537 3.247101068496704 -2.8559060096740723
			vertex 4.797152042388916 3.1968839168548584 -2.9428861141204834
		endloop
	endfacet
	facet normal 0.0000011982592241272639 0.866025489925081 -0.49999985079856546
		outer loop
			vertex 3.2539169788360596 3.329190969467163 -2.7137229442596436
			vertex 3.7409579753875732 3.6259989738464355 -2.1996350288391113
			vertex 3.6171209812164307 3.247101068496704 -2.8559060096740723
		endloop
	endfacet
	facet normal -0.0000020031737523013873 0.8660257515084715 -0.4999993977198118
		outer loop
			vertex 3.7409579753875732 3.6259989738464355 -2.1996350288391113
			vertex 3.9968349933624268 3.580796003341675 -2.2779300212860107
			vertex 3.6171209812164307 3.247101068496704 -2.8559060096740723
		endloop
	endfacet
	facet normal -0.000001198256929025753 0.8660254899260225 -0.4999998507969347
		outer loop
			vertex 5.059041976928711 3.6259989738464355 -2.1996350288391113
			vertex 5.546082973480225 3.329190969467163 -2.7137229442596436
			vertex 5.182878017425537 3.247101068496704 -2.8559060096740723
		endloop
	endfacet
	facet normal -9.761708209102126e-7 0.8660249039548886 -0.5000008657282238
		outer loop
			vertex 4.535690069198608 3.55786395072937 -2.3176488876342773
			vertex 4.803164958953857 3.580796003341675 -2.2779300212860107
			vertex 5.182878017425537 3.247101068496704 -2.8559060096740723
		endloop
	endfacet
	facet normal 0.000002003174594391214 0.8660257515072799 -0.49999939772187585
		outer loop
			vertex 4.803164958953857 3.580796003341675 -2.2779300212860107
			vertex 5.059041976928711 3.6259989738464355 -2.1996350288391113
			vertex 5.182878017425537 3.247101068496704 -2.8559060096740723
		endloop
	endfacet
	facet normal -0.0000013170700438033645 0.8660254063050892 -0.49999999563237063
		outer loop
			vertex 2.9236830472946167 3.4407899379730225 -2.5204269886016846
			vertex 3.504040002822876 3.6921749114990234 -2.085016965866089
			vertex 3.2539169788360596 3.329190969467163 -2.7137229442596436
		endloop
	endfacet
	facet normal 0.000003370584937657858 0.8660245987631453 -0.5000013943238281
		outer loop
			vertex 3.504040002822876 3.6921749114990234 -2.085016965866089
			vertex 3.7409579753875732 3.6259989738464355 -2.1996350288391113
			vertex 3.2539169788360596 3.329190969467163 -2.7137229442596436
		endloop
	endfacet
	facet normal -0.000003370594241246748 0.8660245987593287 -0.5000013943304387
		outer loop
			vertex 5.059041976928711 3.6259989738464355 -2.1996350288391113
			vertex 5.295958995819092 3.6921749114990234 -2.085016965866089
			vertex 5.546082973480225 3.329190969467163 -2.7137229442596436
		endloop
	endfacet
	facet normal 0.000001317068709646742 0.8660254063057244 -0.4999999956312703
		outer loop
			vertex 5.295958995819092 3.6921749114990234 -2.085016965866089
			vertex 5.876317024230957 3.4407899379730225 -2.5204269886016846
			vertex 5.546082973480225 3.329190969467163 -2.7137229442596436
		endloop
	endfacet
	facet normal 0.000002732736591653882 0.8660249866311727 -0.5000007225224874
		outer loop
			vertex 2.6359200477600098 3.5786900520324707 -2.28157901763916
			vertex 3.292897939682007 3.777416944503784 -1.937371015548706
			vertex 2.9236830472946167 3.4407899379730225 -2.5204269886016846
		endloop
	endfacet
	facet normal -0.000003597214810921138 0.8660267223080138 -0.4999977162302829
		outer loop
			vertex 3.292897939682007 3.777416944503784 -1.937371015548706
			vertex 3.504040002822876 3.6921749114990234 -2.085016965866089
			vertex 2.9236830472946167 3.4407899379730225 -2.5204269886016846
		endloop
	endfacet
	facet normal -9.875322923521149e-7 0.8660240761745671 -0.500002299479725
		outer loop
			vertex 5.295958995819092 3.6921749114990234 -2.085016965866089
			vertex 6.1640801429748535 3.5786900520324707 -2.28157901763916
			vertex 5.876317024230957 3.4407899379730225 -2.5204269886016846
		endloop
	endfacet
	facet normal -0.0000014961866599753645 0.8660263627141913 -0.4999983390790312
		outer loop
			vertex 2.398906946182251 3.7389209270477295 -2.004049062728882
			vertex 3.11360502243042 3.8792760372161865 -1.7609479427337646
			vertex 2.6359200477600098 3.5786900520324707 -2.28157901763916
		endloop
	endfacet
	facet normal 0.0000034411625880874595 0.8660244011292647 -0.5000017366338413
		outer loop
			vertex 3.11360502243042 3.8792760372161865 -1.7609479427337646
			vertex 3.292897939682007 3.777416944503784 -1.937371015548706
			vertex 2.6359200477600098 3.5786900520324707 -2.28157901763916
		endloop
	endfacet
	facet normal -2.75169849312082e-7 0.8660270177551822 -0.49999720451017493
		outer loop
			vertex 5.507102012634277 3.777416944503784 -1.937371015548706
			vertex 6.401093006134033 3.7389209270477295 -2.004049062728882
			vertex 6.1640801429748535 3.5786900520324707 -2.28157901763916
		endloop
	endfacet
	facet normal 0.000001179108845881062 0.8660282196753256 -0.49999512270080765
		outer loop
			vertex 5.295958995819092 3.6921749114990234 -2.085016965866089
			vertex 5.507102012634277 3.777416944503784 -1.937371015548706
			vertex 6.1640801429748535 3.5786900520324707 -2.28157901763916
		endloop
	endfacet
	facet normal 6.165048259272846e-8 0.8660252085356479 -0.5000003381806695
		outer loop
			vertex 2.219460964202881 3.9168760776519775 -1.69582200050354
			vertex 2.9713189601898193 3.994818925857544 -1.5608210563659668
			vertex 2.398906946182251 3.7389209270477295 -2.004049062728882
		endloop
	endfacet
	facet normal -0.0000010997064764256286 0.866025857987985 -0.4999992132943461
		outer loop
			vertex 2.9713189601898193 3.994818925857544 -1.5608210563659668
			vertex 3.11360502243042 3.8792760372161865 -1.7609479427337646
			vertex 2.398906946182251 3.7389209270477295 -2.004049062728882
		endloop
	endfacet
	facet normal 4.819017369563216e-7 0.866025071508696 -0.5000005755177945
		outer loop
			vertex 5.68639612197876 3.8792760372161865 -1.7609479427337646
			vertex 6.580539226531982 3.9168760776519775 -1.69582200050354
			vertex 6.401093006134033 3.7389209270477295 -2.004049062728882
		endloop
	endfacet
	facet normal -9.171819128200341e-7 0.8660232904399776 -0.5000036604012743
		outer loop
			vertex 5.507102012634277 3.777416944503784 -1.937371015548706
			vertex 5.68639612197876 3.8792760372161865 -1.7609479427337646
			vertex 6.401093006134033 3.7389209270477295 -2.004049062728882
		endloop
	endfacet
	facet normal 3.086448343109767e-7 0.866026101527645 -0.4999987914712733
		outer loop
			vertex 5.828680992126465 3.994818925857544 -1.5608210563659668
			vertex 6.580539226531982 3.9168760776519775 -1.69582200050354
			vertex 5.68639612197876 3.8792760372161865 -1.7609479427337646
		endloop
	endfacet
	facet normal 1.6236316258046838e-7 0.8660253560231267 -0.5000000827249838
		outer loop
			vertex 2.1027450561523438 4.107434034347534 -1.3657660484313965
			vertex 2.8701330423355103 4.1207239627838135 -1.3427469730377197
			vertex 2.219460964202881 3.9168760776519775 -1.69582200050354
		endloop
	endfacet
	facet normal -7.956012722559594e-8 0.8660255490747562 -0.49999974834969757
		outer loop
			vertex 2.8701330423355103 4.1207239627838135 -1.3427469730377197
			vertex 2.9713189601898193 3.994818925857544 -1.5608210563659668
			vertex 2.219460964202881 3.9168760776519775 -1.69582200050354
		endloop
	endfacet
	facet normal -1.015662603236268e-8 0.8660253327166691 -0.5000001230929672
		outer loop
			vertex 5.828680992126465 3.994818925857544 -1.5608210563659668
			vertex 6.6972551345825195 4.107434034347534 -1.3657660484313965
			vertex 6.580539226531982 3.9168760776519775 -1.69582200050354
		endloop
	endfacet
	facet normal -1.4585224249559676e-7 0.8660255943638714 -0.4999996699065733
		outer loop
			vertex 5.929866790771484 4.1207239627838135 -1.3427469730377197
			vertex 6.6972551345825195 4.107434034347534 -1.3657660484313965
			vertex 5.828680992126465 3.994818925857544 -1.5608210563659668
		endloop
	endfacet
	facet normal -3.664286083555115e-7 0.8660248849106144 -0.5000008987146154
		outer loop
			vertex 2.0521169900894165 4.305114030838013 -1.0233750343322754
			vertex 2.80144202709198 4.3889360427856445 -0.8781919479370117
			vertex 2.1027450561523438 4.107434034347534 -1.3657660484313965
		endloop
	endfacet
	facet normal 0.0000013507999879121218 0.8660238193491978 -0.5000027443104722
		outer loop
			vertex 2.80144202709198 4.3889360427856445 -0.8781919479370117
			vertex 2.8129589557647705 4.253367900848389 -1.1130011081695557
			vertex 2.1027450561523438 4.107434034347534 -1.3657660484313965
		endloop
	endfacet
	facet normal 1.692271121773495e-7 0.8660252569392147 -0.5000002543432739
		outer loop
			vertex 2.8129589557647705 4.253367900848389 -1.1130011081695557
			vertex 2.8701330423355103 4.1207239627838135 -1.3427469730377197
			vertex 2.1027450561523438 4.107434034347534 -1.3657660484313965
		endloop
	endfacet
	facet normal -1.9251975061341742e-7 0.8660249206989302 -0.5000008367276748
		outer loop
			vertex 5.929866790771484 4.1207239627838135 -1.3427469730377197
			vertex 6.747882843017578 4.305114030838013 -1.0233750343322754
			vertex 6.6972551345825195 4.107434034347534 -1.3657660484313965
		endloop
	endfacet
	facet normal -5.308206019582286e-7 0.8660252959040627 -0.5000001868539639
		outer loop
			vertex 5.987040996551514 4.253367900848389 -1.1130011081695557
			vertex 6.747882843017578 4.305114030838013 -1.0233750343322754
			vertex 5.929866790771484 4.1207239627838135 -1.3427469730377197
		endloop
	endfacet
	facet normal 0.0000018858440679506015 0.8660237506065586 -0.5000028633735941
		outer loop
			vertex 5.998558044433594 4.3889360427856445 -0.8781919479370117
			vertex 6.730966091156006 4.504228115081787 -0.6784989833831787
			vertex 5.987040996551514 4.253367900848389 -1.1130011081695557
		endloop
	endfacet
	facet normal -6.147748208952526e-7 0.8660256045083956 -0.4999996523353693
		outer loop
			vertex 6.730966091156006 4.504228115081787 -0.6784989833831787
			vertex 6.747882843017578 4.305114030838013 -1.0233750343322754
			vertex 5.987040996551514 4.253367900848389 -1.1130011081695557
		endloop
	endfacet
	facet normal -7.009177369452e-7 0.8660256324538567 -0.4999996039322496
		outer loop
			vertex 2.069033980369568 4.504228115081787 -0.6784989833831787
			vertex 2.80144202709198 4.3889360427856445 -0.8781919479370117
			vertex 2.0521169900894165 4.305114030838013 -1.0233750343322754
		endloop
	endfacet
	facet normal -3.930786609930542e-8 0.8660266831873615 -0.4999977840025851
		outer loop
			vertex 2.069033980369568 4.504228115081787 -0.6784989833831787
			vertex 2.835911989212036 4.523525953292847 -0.6450740098953247
			vertex 2.80144202709198 4.3889360427856445 -0.8781919479370117
		endloop
	endfacet
	facet normal -0.000001085658508107202 0.8660266111581632 -0.4999979087603562
		outer loop
			vertex 5.964087963104248 4.523525953292847 -0.6450740098953247
			vertex 6.646992206573486 4.69904899597168 -0.34105896949768066
			vertex 5.998558044433594 4.3889360427856445 -0.8781919479370117
		endloop
	endfacet
	facet normal 6.588741702752493e-7 0.8660256992253316 -0.49999948828057966
		outer loop
			vertex 6.646992206573486 4.69904899597168 -0.34105896949768066
			vertex 6.730966091156006 4.504228115081787 -0.6784989833831787
			vertex 5.998558044433594 4.3889360427856445 -0.8781919479370117
		endloop
	endfacet
	facet normal 6.761489816628857e-8 0.8660256209407678 -0.4999996238740117
		outer loop
			vertex 2.153007984161377 4.69904899597168 -0.34105896949768066
			vertex 2.835911989212036 4.523525953292847 -0.6450740098953247
			vertex 2.069033980369568 4.504228115081787 -0.6784989833831787
		endloop
	endfacet
	facet normal -9.392747424720214e-7 0.8660246415686108 -0.5000013201933341
		outer loop
			vertex 2.153007984161377 4.69904899597168 -0.34105896949768066
			vertex 2.915377974510193 4.653268098831177 -0.420354962348938
			vertex 2.835911989212036 4.523525953292847 -0.6450740098953247
		endloop
	endfacet
	facet normal 0.0000012482486825324627 0.8660246888769993 -0.5000012382524051
		outer loop
			vertex 5.884623050689697 4.653268098831177 -0.420354962348938
			vertex 6.49837589263916 4.883971929550171 -0.02076399326324463
			vertex 5.964087963104248 4.523525953292847 -0.6450740098953247
		endloop
	endfacet
	facet normal 6.705353116091042e-7 0.8660249029637926 -0.5000008674453518
		outer loop
			vertex 6.49837589263916 4.883971929550171 -0.02076399326324463
			vertex 6.646992206573486 4.69904899597168 -0.34105896949768066
			vertex 5.964087963104248 4.523525953292847 -0.6450740098953247
		endloop
	endfacet
	facet normal -8.67004543690687e-7 0.8660249424373163 -0.500000799075053
		outer loop
			vertex 2.153007984161377 4.69904899597168 -0.34105896949768066
			vertex 2.3016239404678345 4.883971929550171 -0.02076399326324463
			vertex 2.915377974510193 4.653268098831177 -0.420354962348938
		endloop
	endfacet
	facet normal 0.0000022044351826279123 0.8660269852105821 -0.49999726087470814
		outer loop
			vertex 2.3016239404678345 4.883971929550171 -0.02076399326324463
			vertex 3.037553071975708 4.774427890777588 -0.21049797534942627
			vertex 2.915377974510193 4.653268098831177 -0.420354962348938
		endloop
	endfacet
	facet normal -0.00000220442823716803 0.866026985203115 -0.49999726088764135
		outer loop
			vertex 5.76244592666626 4.774427890777588 -0.21049797534942627
			vertex 6.49837589263916 4.883971929550171 -0.02076399326324463
			vertex 5.884623050689697 4.653268098831177 -0.420354962348938
		endloop
	endfacet
	facet normal 7.128838215917425e-7 0.8660244800946056 -0.5000015998738006
		outer loop
			vertex 2.3016239404678345 4.883971929550171 -0.02076399326324463
			vertex 3.1989240646362305 4.883522033691406 -0.021541953086853027
			vertex 3.037553071975708 4.774427890777588 -0.21049797534942627
		endloop
	endfacet
	facet normal -4.395310194749146e-7 0.8660245811816797 -0.5000014247868735
		outer loop
			vertex 5.601076126098633 4.883522033691406 -0.021541953086853027
			vertex 6.289392948150635 5.053677082061768 0.2731735110282898
			vertex 5.76244592666626 4.774427890777588 -0.21049797534942627
		endloop
	endfacet
	facet normal -9.033485416785961e-7 0.8660247999902241 -0.5000010457999827
		outer loop
			vertex 6.289392948150635 5.053677082061768 0.2731735110282898
			vertex 6.49837589263916 4.883971929550171 -0.02076399326324463
			vertex 5.76244592666626 4.774427890777588 -0.21049797534942627
		endloop
	endfacet
	facet normal -5.253539619519189e-7 0.8660249236726287 -0.50000083157685
		outer loop
			vertex 2.7739440202713013 5.203280925750732 0.5322959125041962
			vertex 3.394848108291626 4.9774110317230225 0.14107799530029297
			vertex 3.1989240646362305 4.883522033691406 -0.021541953086853027
		endloop
	endfacet
	facet normal 0.0000014160307123827097 0.8660255687290537 -0.49999971430543244
		outer loop
			vertex 2.5106070041656494 5.053677082061768 0.2731735110282898
			vertex 2.7739440202713013 5.203280925750732 0.5322959125041962
			vertex 3.1989240646362305 4.883522033691406 -0.021541953086853027
		endloop
	endfacet
	facet normal 7.136415826014638e-7 0.8660248583939424 -0.5000009446423507
		outer loop
			vertex 2.3016239404678345 4.883971929550171 -0.02076399326324463
			vertex 2.5106070041656494 5.053677082061768 0.2731735110282898
			vertex 3.1989240646362305 4.883522033691406 -0.021541953086853027
		endloop
	endfacet
	facet normal 5.253537434116076e-7 0.8660249236728482 -0.5000008315764699
		outer loop
			vertex 5.405151844024658 4.9774110317230225 0.14107799530029297
			vertex 6.026055812835693 5.203280925750732 0.5322959125041962
			vertex 5.601076126098633 4.883522033691406 -0.021541953086853027
		endloop
	endfacet
	facet normal -0.0000014160308597938282 0.8660255687287067 -0.49999971430603335
		outer loop
			vertex 6.026055812835693 5.203280925750732 0.5322959125041962
			vertex 6.289392948150635 5.053677082061768 0.2731735110282898
			vertex 5.601076126098633 4.883522033691406 -0.021541953086853027
		endloop
	endfacet
	facet normal -3.3102815824485765e-7 0.8660253811263655 -0.5000000392448223
		outer loop
			vertex 3.084059000015259 5.328481197357178 0.7491495013237
			vertex 3.619688034057617 5.053393840789795 0.27268391847610474
			vertex 3.394848108291626 4.9774110317230225 0.14107799530029297
		endloop
	endfacet
	facet normal 3.641653839734895e-7 0.8660255349834215 -0.4999997727564943
		outer loop
			vertex 2.7739440202713013 5.203280925750732 0.5322959125041962
			vertex 3.084059000015259 5.328481197357178 0.7491495013237
			vertex 3.394848108291626 4.9774110317230225 0.14107799530029297
		endloop
	endfacet
	facet normal 3.310284284334837e-7 0.8660253811263057 -0.5000000392449259
		outer loop
			vertex 5.180312156677246 5.053393840789795 0.27268391847610474
			vertex 5.715940952301025 5.328481197357178 0.7491495013237
			vertex 5.405151844024658 4.9774110317230225 0.14107799530029297
		endloop
	endfacet
	facet normal -3.64165487101874e-7 0.8660255349834445 -0.4999997727564549
		outer loop
			vertex 5.715940952301025 5.328481197357178 0.7491495013237
			vertex 6.026055812835693 5.203280925750732 0.5322959125041962
			vertex 5.405151844024658 4.9774110317230225 0.14107799530029297
		endloop
	endfacet
	facet normal 0.000001218488575753768 0.866026135399562 -0.4999987328018092
		outer loop
			vertex 3.084059000015259 5.328481197357178 0.7491495013237
			vertex 3.866976022720337 5.109283924102783 0.36948931217193604
			vertex 3.619688034057617 5.053393840789795 0.27268391847610474
		endloop
	endfacet
	facet normal -0.000001635726190206664 0.8660256738801502 -0.4999995321775374
		outer loop
			vertex 4.933023929595947 5.109283924102783 0.36948931217193604
			vertex 5.3679680824279785 5.425675868988037 0.917495496571064
			vertex 5.180312156677246 5.053393840789795 0.27268391847610474
		endloop
	endfacet
	facet normal 2.0654230891142916e-7 0.8660254417237366 -0.49999993428715983
		outer loop
			vertex 5.3679680824279785 5.425675868988037 0.917495496571064
			vertex 5.715940952301025 5.328481197357178 0.7491495013237
			vertex 5.180312156677246 5.053393840789795 0.27268391847610474
		endloop
	endfacet
	facet normal -0.0000010037799949066392 0.8660247667469742 -0.500001103378624
		outer loop
			vertex 3.4320321083068848 5.425675868988037 0.917495496571064
			vertex 4.129599094390869 5.14347505569458 0.42870938777923584
			vertex 3.866976022720337 5.109283924102783 0.36948931217193604
		endloop
	endfacet
	facet normal 1.171674442542045e-7 0.8660251519899168 -0.5000004361206376
		outer loop
			vertex 3.084059000015259 5.328481197357178 0.7491495013237
			vertex 3.4320321083068848 5.425675868988037 0.917495496571064
			vertex 3.866976022720337 5.109283924102783 0.36948931217193604
		endloop
	endfacet
	facet normal 0.0000011407761208434402 0.8660250298154584 -0.5000006477314135
		outer loop
			vertex 4.670401096343994 5.14347505569458 0.42870938777923584
			vertex 4.992149114608765 5.492068767547607 1.032491099089384
			vertex 4.933023929595947 5.109283924102783 0.36948931217193604
		endloop
	endfacet
	facet normal 1.2408996422506716e-7 0.8660250690756023 -0.5000005797322468
		outer loop
			vertex 4.992149114608765 5.492068767547607 1.032491099089384
			vertex 5.3679680824279785 5.425675868988037 0.917495496571064
			vertex 4.933023929595947 5.109283924102783 0.36948931217193604
		endloop
	endfacet
	facet normal -0.0000011129793776417285 0.8660250362302766 -0.5000006366207042
		outer loop
			vertex 3.807852029800415 5.492068767547607 1.032491099089384
			vertex 4.2007060050964355 5.525750160217285 1.0908280089497566
			vertex 4.129599094390869 5.14347505569458 0.42870938777923584
		endloop
	endfacet
	facet normal -0.0000022069956323801925 0.8660250871032708 -0.5000005485026009
		outer loop
			vertex 4.2007060050964355 5.525750160217285 1.0908280089497566
			vertex 4.400000095367432 5.154983043670654 0.4486405849456787
			vertex 4.129599094390869 5.14347505569458 0.42870938777923584
		endloop
	endfacet
	facet normal -2.4277238447021394e-7 0.8660252370282363 -0.5000002888300448
		outer loop
			vertex 3.4320321083068848 5.425675868988037 0.917495496571064
			vertex 3.807852029800415 5.492068767547607 1.032491099089384
			vertex 4.129599094390869 5.14347505569458 0.42870938777923584
		endloop
	endfacet
	facet normal 0.0000022069956914259758 0.8660250871036176 -0.5000005485020002
		outer loop
			vertex 4.400000095367432 5.154983043670654 0.4486405849456787
			vertex 4.599293947219849 5.525750160217285 1.0908280089497566
			vertex 4.670401096343994 5.14347505569458 0.42870938777923584
		endloop
	endfacet
	facet normal 0.0000011129760061247523 0.8660250362302934 -0.5000006366206751
		outer loop
			vertex 4.599293947219849 5.525750160217285 1.0908280089497566
			vertex 4.992149114608765 5.492068767547607 1.032491099089384
			vertex 4.670401096343994 5.14347505569458 0.42870938777923584
		endloop
	endfacet
	facet normal 2.870197702385827e-7 0.8660254222502369 -0.4999999680162155
		outer loop
			vertex 4.2007060050964355 5.525750160217285 1.0908280089497566
			vertex 4.400000095367432 5.529983043670654 1.0981596931815147
			vertex 4.400000095367432 5.154983043670654 0.4486405849456787
		endloop
	endfacet
	facet normal -2.8702011360515e-7 0.866025422250237 -0.4999999680162156
		outer loop
			vertex 4.400000095367432 5.529983043670654 1.0981596931815147
			vertex 4.599293947219849 5.525750160217285 1.0908280089497566
			vertex 4.400000095367432 5.154983043670654 0.4486405849456787
		endloop
	endfacet
	facet normal -0.08480689311602047 0.4981986689783699 0.8629054856171611
		outer loop
			vertex 4.797152042388916 7.527010917663574 -5.442885875701904
			vertex 4.400000095367432 7.510108947753906 -5.4721598625183105
			vertex 4.400000095367432 3.1799819469451904 -2.9721601009368896
		endloop
	endfacet
	facet normal -0.08480689311602047 0.4981986689783699 0.8629054856171611
		outer loop
			vertex 4.797152042388916 3.1968839168548584 -2.9428861141204834
			vertex 4.797152042388916 7.527010917663574 -5.442885875701904
			vertex 4.400000095367432 3.1799819469451904 -2.9721601009368896
		endloop
	endfacet
	facet normal 0.08480684257087262 0.4981986711294069 0.8629054893428669
		outer loop
			vertex 4.400000095367432 7.510108947753906 -5.4721598625183105
			vertex 4.002847909927368 3.1968839168548584 -2.9428861141204834
			vertex 4.400000095367432 3.1799819469451904 -2.9721601009368896
		endloop
	endfacet
	facet normal 0.2519782380462974 0.48386641737647484 0.8380812953922421
		outer loop
			vertex 4.002847909927368 7.527010917663574 -5.442885875701904
			vertex 3.6171209812164307 3.247101068496704 -2.8559060096740723
			vertex 4.002847909927368 3.1968839168548584 -2.9428861141204834
		endloop
	endfacet
	facet normal 0.08480684257087262 0.4981986711294069 0.8629054893428669
		outer loop
			vertex 4.400000095367432 7.510108947753906 -5.4721598625183105
			vertex 4.002847909927368 7.527010917663574 -5.442885875701904
			vertex 4.002847909927368 3.1968839168548584 -2.9428861141204834
		endloop
	endfacet
	facet normal -0.2519794567144111 0.4838662587177087 0.8380810205871729
		outer loop
			vertex 5.182878017425537 7.577229022979736 -5.355906009674072
			vertex 4.797152042388916 7.527010917663574 -5.442885875701904
			vertex 4.797152042388916 3.1968839168548584 -2.9428861141204834
		endloop
	endfacet
	facet normal -0.2519788214849726 0.4838662961017073 0.8380811899928667
		outer loop
			vertex 5.182878017425537 3.247101068496704 -2.8559060096740723
			vertex 5.182878017425537 7.577229022979736 -5.355906009674072
			vertex 4.797152042388916 3.1968839168548584 -2.9428861141204834
		endloop
	endfacet
	facet normal 0.41190236588519674 0.4556139187613622 0.7891466264320544
		outer loop
			vertex 3.6171209812164307 7.577229022979736 -5.355906009674072
			vertex 3.2539169788360596 3.329190969467163 -2.7137229442596436
			vertex 3.6171209812164307 3.247101068496704 -2.8559060096740723
		endloop
	endfacet
	facet normal 0.2519788732745266 0.4838662893592103 0.8380811783145169
		outer loop
			vertex 4.002847909927368 7.527010917663574 -5.442885875701904
			vertex 3.6171209812164307 7.577229022979736 -5.355906009674072
			vertex 3.6171209812164307 3.247101068496704 -2.8559060096740723
		endloop
	endfacet
	facet normal -0.41190004436529415 0.4556144434577915 0.7891475352331248
		outer loop
			vertex 5.546082973480225 7.659317970275879 -5.213723182678223
			vertex 5.182878017425537 7.577229022979736 -5.355906009674072
			vertex 5.182878017425537 3.247101068496704 -2.8559060096740723
		endloop
	endfacet
	facet normal -0.4119014678425958 0.4556142295791234 0.7891469157223748
		outer loop
			vertex 5.546082973480225 3.329190969467163 -2.7137229442596436
			vertex 5.546082973480225 7.659317970275879 -5.213723182678223
			vertex 5.182878017425537 3.247101068496704 -2.8559060096740723
		endloop
	endfacet
	facet normal 0.5599739444653291 0.41425513998668595 0.7175108783248877
		outer loop
			vertex 3.2539169788360596 7.659317970275879 -5.213723182678223
			vertex 2.9236830472946167 3.4407899379730225 -2.5204269886016846
			vertex 3.2539169788360596 3.329190969467163 -2.7137229442596436
		endloop
	endfacet
	facet normal 0.41190094240609276 0.45561434833525466 0.7891471214140074
		outer loop
			vertex 3.6171209812164307 7.577229022979736 -5.355906009674072
			vertex 3.2539169788360596 7.659317970275879 -5.213723182678223
			vertex 3.2539169788360596 3.329190969467163 -2.7137229442596436
		endloop
	endfacet
	facet normal -0.5599738057092947 0.4142551868779337 0.7175109595429031
		outer loop
			vertex 5.876317024230957 7.770916938781738 -5.020427227020264
			vertex 5.546082973480225 7.659317970275879 -5.213723182678223
			vertex 5.546082973480225 3.329190969467163 -2.7137229442596436
		endloop
	endfacet
	facet normal -0.5599738057092947 0.4142551868779337 0.7175109595429031
		outer loop
			vertex 5.876317024230957 3.4407899379730225 -2.5204269886016846
			vertex 5.876317024230957 7.770916938781738 -5.020427227020264
			vertex 5.546082973480225 3.329190969467163 -2.7137229442596436
		endloop
	endfacet
	facet normal 0.6919388325742122 0.36097809137382164 0.6252323324364707
		outer loop
			vertex 2.9236830472946167 7.770916938781738 -5.020427227020264
			vertex 2.6359200477600098 3.5786900520324707 -2.28157901763916
			vertex 2.9236830472946167 3.4407899379730225 -2.5204269886016846
		endloop
	endfacet
	facet normal 0.5599739444653291 0.41425513998668595 0.7175108783248877
		outer loop
			vertex 3.2539169788360596 7.659317970275879 -5.213723182678223
			vertex 2.9236830472946167 7.770916938781738 -5.020427227020264
			vertex 2.9236830472946167 3.4407899379730225 -2.5204269886016846
		endloop
	endfacet
	facet normal -0.6919387972860269 0.3609781082843135 0.6252323617262987
		outer loop
			vertex 6.1640801429748535 7.908816814422607 -4.78157901763916
			vertex 5.876317024230957 7.770916938781738 -5.020427227020264
			vertex 5.876317024230957 3.4407899379730225 -2.5204269886016846
		endloop
	endfacet
	facet normal -0.6919386831694352 0.360978152057782 0.6252324627454152
		outer loop
			vertex 6.1640801429748535 3.5786900520324707 -2.28157901763916
			vertex 6.1640801429748535 7.908816814422607 -4.78157901763916
			vertex 5.876317024230957 3.4407899379730225 -2.5204269886016846
		endloop
	endfacet
	facet normal 0.8039976271703367 0.29731626550113316 0.5149668472561392
		outer loop
			vertex 2.6359200477600098 7.908816814422607 -4.78157901763916
			vertex 2.398906946182251 3.7389209270477295 -2.004049062728882
			vertex 2.6359200477600098 3.5786900520324707 -2.28157901763916
		endloop
	endfacet
	facet normal 0.6919389466907447 0.3609780257754366 0.6252322440179898
		outer loop
			vertex 2.9236830472946167 7.770916938781738 -5.020427227020264
			vertex 2.6359200477600098 7.908816814422607 -4.78157901763916
			vertex 2.6359200477600098 3.5786900520324707 -2.28157901763916
		endloop
	endfacet
	facet normal -0.8039982020559178 0.29731587685173444 0.5149661740956741
		outer loop
			vertex 6.401093006134033 8.069047927856445 -4.504048824310303
			vertex 6.1640801429748535 7.908816814422607 -4.78157901763916
			vertex 6.1640801429748535 3.5786900520324707 -2.28157901763916
		endloop
	endfacet
	facet normal -0.8039979131399567 0.29731603862900235 0.5149665317674077
		outer loop
			vertex 6.401093006134033 3.7389209270477295 -2.004049062728882
			vertex 6.401093006134033 8.069047927856445 -4.504048824310303
			vertex 6.1640801429748535 3.5786900520324707 -2.28157901763916
		endloop
	endfacet
	facet normal 0.8929259439589305 0.22510177191814557 0.3898877413876515
		outer loop
			vertex 2.398906946182251 8.069047927856445 -4.504048824310303
			vertex 2.219460964202881 3.9168760776519775 -1.69582200050354
			vertex 2.398906946182251 3.7389209270477295 -2.004049062728882
		endloop
	endfacet
	facet normal 0.8039979160866775 0.2973160366368821 0.5149665283169538
		outer loop
			vertex 2.6359200477600098 7.908816814422607 -4.78157901763916
			vertex 2.398906946182251 8.069047927856445 -4.504048824310303
			vertex 2.398906946182251 3.7389209270477295 -2.004049062728882
		endloop
	endfacet
	facet normal -0.8929250735337994 0.22510263510904793 0.3898892364782873
		outer loop
			vertex 6.580539226531982 8.247003078460693 -4.1958231925964355
			vertex 6.401093006134033 8.069047927856445 -4.504048824310303
			vertex 6.401093006134033 3.7389209270477295 -2.004049062728882
		endloop
	endfacet
	facet normal -0.8929257035006362 0.22510210698166702 0.38988809863896645
		outer loop
			vertex 6.580539226531982 3.9168760776519775 -1.69582200050354
			vertex 6.580539226531982 8.247003078460693 -4.1958231925964355
			vertex 6.401093006134033 3.7389209270477295 -2.004049062728882
		endloop
	endfacet
	facet normal 0.9561663829643281 0.1464120127902361 0.25359292300777225
		outer loop
			vertex 2.219460964202881 8.247003078460693 -4.1958231925964355
			vertex 2.1027450561523438 4.107434034347534 -1.3657660484313965
			vertex 2.219460964202881 3.9168760776519775 -1.69582200050354
		endloop
	endfacet
	facet normal 0.8929253139933793 0.22510249325183868 0.38988876767820735
		outer loop
			vertex 2.398906946182251 8.069047927856445 -4.504048824310303
			vertex 2.219460964202881 8.247003078460693 -4.1958231925964355
			vertex 2.219460964202881 3.9168760776519775 -1.69582200050354
		endloop
	endfacet
	facet normal -0.9561666050541535 0.14641165019146096 0.253592294968573
		outer loop
			vertex 6.6972551345825195 8.43756103515625 -3.8657660484313965
			vertex 6.580539226531982 8.247003078460693 -4.1958231925964355
			vertex 6.580539226531982 3.9168760776519775 -1.69582200050354
		endloop
	endfacet
	facet normal -0.9561663829643273 0.14641196042924934 0.25359295323841197
		outer loop
			vertex 6.6972551345825195 4.107434034347534 -1.3657660484313965
			vertex 6.6972551345825195 8.43756103515625 -3.8657660484313965
			vertex 6.580539226531982 3.9168760776519775 -1.69582200050354
		endloop
	endfacet
	facet normal 0.9919003324487309 0.0635093115010142 0.11000135381332524
		outer loop
			vertex 2.1027450561523438 8.43756103515625 -3.8657660484313965
			vertex 2.0521169900894165 4.305114030838013 -1.0233750343322754
			vertex 2.1027450561523438 4.107434034347534 -1.3657660484313965
		endloop
	endfacet
	facet normal 0.9561666050541794 0.14641159783056065 0.253592325199063
		outer loop
			vertex 2.219460964202881 8.247003078460693 -4.1958231925964355
			vertex 2.1027450561523438 8.43756103515625 -3.8657660484313965
			vertex 2.1027450561523438 4.107434034347534 -1.3657660484313965
		endloop
	endfacet
	facet normal -0.9919004454911364 0.06350887012008276 0.1100005893191297
		outer loop
			vertex 6.747882843017578 8.635241031646729 -3.5233750343322754
			vertex 6.6972551345825195 8.43756103515625 -3.8657660484313965
			vertex 6.6972551345825195 4.107434034347534 -1.3657660484313965
		endloop
	endfacet
	facet normal -0.9919004454911364 0.06350887012008276 0.1100005893191297
		outer loop
			vertex 6.747882843017578 4.305114030838013 -1.0233750343322754
			vertex 6.747882843017578 8.635241031646729 -3.5233750343322754
			vertex 6.6972551345825195 4.107434034347534 -1.3657660484313965
		endloop
	endfacet
	facet normal 0.9990989180365132 -0.021221168615156327 -0.036756142083681165
		outer loop
			vertex 2.0521169900894165 8.635241031646729 -3.5233750343322754
			vertex 2.069033980369568 4.504228115081787 -0.6784989833831787
			vertex 2.0521169900894165 4.305114030838013 -1.0233750343322754
		endloop
	endfacet
	facet normal 0.9919003324487309 0.0635093115010142 0.11000135381332524
		outer loop
			vertex 2.1027450561523438 8.43756103515625 -3.8657660484313965
			vertex 2.0521169900894165 8.635241031646729 -3.5233750343322754
			vertex 2.0521169900894165 4.305114030838013 -1.0233750343322754
		endloop
	endfacet
	facet normal -0.9990989475275134 -0.02122082150104999 -0.03675554086441549
		outer loop
			vertex 6.730966091156006 8.834354877471924 -3.178497791290283
			vertex 6.747882843017578 8.635241031646729 -3.5233750343322754
			vertex 6.747882843017578 4.305114030838013 -1.0233750343322754
		endloop
	endfacet
	facet normal -0.9990989434007047 -0.021220863361781025 -0.036755628871998555
		outer loop
			vertex 6.730966091156006 4.504228115081787 -0.6784989833831787
			vertex 6.730966091156006 8.834354877471924 -3.178497791290283
			vertex 6.747882843017578 4.305114030838013 -1.0233750343322754
		endloop
	endfacet
	facet normal 0.9775553861066741 -0.10533926059546654 -0.18245302757431053
		outer loop
			vertex 2.069033980369568 8.834354877471924 -3.178497791290283
			vertex 2.153007984161377 4.69904899597168 -0.34105896949768066
			vertex 2.069033980369568 4.504228115081787 -0.6784989833831787
		endloop
	endfacet
	facet normal 0.9990989221634389 -0.02122111332794782 -0.03675606182628042
		outer loop
			vertex 2.0521169900894165 8.635241031646729 -3.5233750343322754
			vertex 2.069033980369568 8.834354877471924 -3.178497791290283
			vertex 2.069033980369568 4.504228115081787 -0.6784989833831787
		endloop
	endfacet
	facet normal -0.9775553327390397 -0.10533938440911687 -0.18245324202593313
		outer loop
			vertex 6.646992206573486 9.029175758361816 -2.8410589694976807
			vertex 6.730966091156006 8.834354877471924 -3.178497791290283
			vertex 6.730966091156006 4.504228115081787 -0.6784989833831787
		endloop
	endfacet
	facet normal -0.9775554477019089 -0.10533915536570249 -0.18245275831064034
		outer loop
			vertex 6.646992206573486 4.69904899597168 -0.34105896949768066
			vertex 6.646992206573486 9.029175758361816 -2.8410589694976807
			vertex 6.730966091156006 4.504228115081787 -0.6784989833831787
		endloop
	endfacet
	facet normal 0.9278890353559264 -0.18642823714534051 -0.3229031595713016
		outer loop
			vertex 2.153007984161377 9.029175758361816 -2.8410589694976807
			vertex 2.3016239404678345 4.883971929550171 -0.02076399326324463
			vertex 2.153007984161377 4.69904899597168 -0.34105896949768066
		endloop
	endfacet
	facet normal 0.9775552711435073 -0.10533956498378574 -0.1824534677899302
		outer loop
			vertex 2.069033980369568 8.834354877471924 -3.178497791290283
			vertex 2.153007984161377 9.029175758361816 -2.8410589694976807
			vertex 2.153007984161377 4.69904899597168 -0.34105896949768066
		endloop
	endfacet
	facet normal -0.9278889242764293 -0.18642837536127502 -0.3229033989683084
		outer loop
			vertex 6.49837589263916 9.21409797668457 -2.5207629203796387
			vertex 6.646992206573486 9.029175758361816 -2.8410589694976807
			vertex 6.646992206573486 4.69904899597168 -0.34105896949768066
		endloop
	endfacet
	facet normal -0.9278887249388338 -0.18642858648724953 -0.32290384988685367
		outer loop
			vertex 6.49837589263916 4.883971929550171 -0.02076399326324463
			vertex 6.49837589263916 9.21409797668457 -2.5207629203796387
			vertex 6.646992206573486 4.69904899597168 -0.34105896949768066
		endloop
	endfacet
	facet normal 0.8515290407030851 -0.2621536803193521 -0.4540635866641397
		outer loop
			vertex 2.3016239404678345 9.21409797668457 -2.5207629203796387
			vertex 2.5106070041656494 5.053677082061768 0.2731735110282898
			vertex 2.3016239404678345 4.883971929550171 -0.02076399326324463
		endloop
	endfacet
	facet normal 0.9278892346927703 -0.1864279522018531 -0.32290275127209567
		outer loop
			vertex 2.153007984161377 9.029175758361816 -2.8410589694976807
			vertex 2.3016239404678345 9.21409797668457 -2.5207629203796387
			vertex 2.3016239404678345 4.883971929550171 -0.02076399326324463
		endloop
	endfacet
	facet normal -0.8515289360408327 -0.2621537653104345 -0.4540637338730428
		outer loop
			vertex 6.289392948150635 9.383803367614746 -2.2268259525299072
			vertex 6.49837589263916 9.21409797668457 -2.5207629203796387
			vertex 6.49837589263916 4.883971929550171 -0.02076399326324463
		endloop
	endfacet
	facet normal -0.8515291742305273 -0.2621536032515524 -0.454063380748221
		outer loop
			vertex 6.289392948150635 5.053677082061768 0.2731735110282898
			vertex 6.289392948150635 9.383803367614746 -2.2268259525299072
			vertex 6.49837589263916 4.883971929550171 -0.02076399326324463
		endloop
	endfacet
	facet normal 0.7506717927711398 -0.3303376416393991 -0.572161604840698
		outer loop
			vertex 2.5106070041656494 9.383803367614746 -2.2268259525299072
			vertex 2.7739440202713013 5.203280925750732 0.5322959125041962
			vertex 2.5106070041656494 5.053677082061768 0.2731735110282898
		endloop
	endfacet
	facet normal 0.8515288025132762 -0.2621539051049385 -0.4540639035736458
		outer loop
			vertex 2.3016239404678345 9.21409797668457 -2.5207629203796387
			vertex 2.5106070041656494 9.383803367614746 -2.2268259525299072
			vertex 2.5106070041656494 5.053677082061768 0.2731735110282898
		endloop
	endfacet
	facet normal -0.7506716861379349 -0.33033770221872044 -0.5721617097671652
		outer loop
			vertex 6.026055812835693 9.533408164978027 -1.9677040576934814
			vertex 6.289392948150635 9.383803367614746 -2.2268259525299072
			vertex 6.289392948150635 5.053677082061768 0.2731735110282898
		endloop
	endfacet
	facet normal -0.750671644442712 -0.33033772154920965 -0.5721617533105052
		outer loop
			vertex 6.026055812835693 5.203280925750732 0.5322959125041962
			vertex 6.026055812835693 9.533408164978027 -1.9677040576934814
			vertex 6.289392948150635 5.053677082061768 0.2731735110282898
		endloop
	endfacet
	facet normal 0.6282207478644859 -0.3890175558157071 -0.6737982140223877
		outer loop
			vertex 2.7739440202713013 9.533408164978027 -1.9677040576934814
			vertex 3.084059000015259 5.328481197357178 0.7491495013237
			vertex 2.7739440202713013 5.203280925750732 0.5322959125041962
		endloop
	endfacet
	facet normal 0.7506718344663486 -0.33033761359500535 -0.5721615663283268
		outer loop
			vertex 2.5106070041656494 9.383803367614746 -2.2268259525299072
			vertex 2.7739440202713013 9.533408164978027 -1.9677040576934814
			vertex 2.7739440202713013 5.203280925750732 0.5322959125041962
		endloop
	endfacet
	facet normal -0.6282215604005055 -0.38901722777621656 -0.6737976458412877
		outer loop
			vertex 5.715940952301025 9.658608436584473 -1.750849962234497
			vertex 6.026055812835693 9.533408164978027 -1.9677040576934814
			vertex 6.026055812835693 5.203280925750732 0.5322959125041962
		endloop
	endfacet
	facet normal -0.6282208940479321 -0.38901743767064345 -0.6737981459382207
		outer loop
			vertex 5.715940952301025 5.328481197357178 0.7491495013237
			vertex 5.715940952301025 9.658608436584473 -1.750849962234497
			vertex 6.026055812835693 5.203280925750732 0.5322959125041962
		endloop
	endfacet
	facet normal 0.48769456762554636 -0.4365070747517432 -0.7560526320304741
		outer loop
			vertex 3.084059000015259 9.658608436584473 -1.750849962234497
			vertex 3.4320321083068848 5.425675868988037 0.917495496571064
			vertex 3.084059000015259 5.328481197357178 0.7491495013237
		endloop
	endfacet
	facet normal 0.628221414217183 -0.3890172276663779 -0.6737977822000665
		outer loop
			vertex 2.7739440202713013 9.533408164978027 -1.9677040576934814
			vertex 3.084059000015259 9.658608436584473 -1.750849962234497
			vertex 3.084059000015259 5.328481197357178 0.7491495013237
		endloop
	endfacet
	facet normal -0.4876931320125075 -0.4365074757412632 -0.7560533265648804
		outer loop
			vertex 5.3679680824279785 9.755803108215332 -1.5825049877166748
			vertex 5.715940952301025 9.658608436584473 -1.750849962234497
			vertex 5.715940952301025 5.328481197357178 0.7491495013237
		endloop
	endfacet
	facet normal -0.48769482229994915 -0.4365071372836805 -0.7560524316489083
		outer loop
			vertex 5.3679680824279785 5.425675868988037 0.917495496571064
			vertex 5.3679680824279785 9.755803108215332 -1.5825049877166748
			vertex 5.715940952301025 5.328481197357178 0.7491495013237
		endloop
	endfacet
	facet normal 0.3331396536340389 -0.4714387981633075 -0.8165558344430152
		outer loop
			vertex 3.4320321083068848 9.755803108215332 -1.5825049877166748
			vertex 3.807852029800415 5.492068767547607 1.032491099089384
			vertex 3.4320321083068848 5.425675868988037 0.917495496571064
		endloop
	endfacet
	facet normal 0.4876928773386511 -0.43650768054242434 -0.7560533726005199
		outer loop
			vertex 3.084059000015259 9.658608436584473 -1.750849962234497
			vertex 3.4320321083068848 9.755803108215332 -1.5825049877166748
			vertex 3.4320321083068848 5.425675868988037 0.917495496571064
		endloop
	endfacet
	facet normal -0.3331400252352991 -0.47143873251575175 -0.8165557207381294
		outer loop
			vertex 4.992149114608765 9.822195053100586 -1.4675090312957764
			vertex 5.3679680824279785 9.755803108215332 -1.5825049877166748
			vertex 5.3679680824279785 5.425675868988037 0.917495496571064
		endloop
	endfacet
	facet normal -0.3331404051843923 -0.47143869321319504 -0.8165555884169884
		outer loop
			vertex 4.992149114608765 5.492068767547607 1.032491099089384
			vertex 4.992149114608765 9.822195053100586 -1.4675090312957764
			vertex 5.3679680824279785 5.425675868988037 0.917495496571064
		endloop
	endfacet
	facet normal 0.1690017054359584 -0.4928079611641494 -0.8535682380296092
		outer loop
			vertex 3.807852029800415 9.822195053100586 -1.4675090312957764
			vertex 4.2007060050964355 5.525750160217285 1.0908280089497566
			vertex 3.807852029800415 5.492068767547607 1.032491099089384
		endloop
	endfacet
	facet normal 0.3331392736855317 -0.47143889310524856 -0.8165559346401045
		outer loop
			vertex 3.4320321083068848 9.755803108215332 -1.5825049877166748
			vertex 3.807852029800415 9.822195053100586 -1.4675090312957764
			vertex 3.807852029800415 5.492068767547607 1.032491099089384
		endloop
	endfacet
	facet normal -0.1690019220002817 -0.49280794259719285 -0.8535682058707043
		outer loop
			vertex 4.599293947219849 9.855876922607422 -1.4091720581054688
			vertex 4.992149114608765 9.822195053100586 -1.4675090312957764
			vertex 4.992149114608765 5.492068767547607 1.032491099089384
		endloop
	endfacet
	facet normal -0.1690012072584563 -0.4928079538107123 -0.8535683409113082
		outer loop
			vertex 4.599293947219849 5.525750160217285 1.0908280089497566
			vertex 4.599293947219849 9.855876922607422 -1.4091720581054688
			vertex 4.992149114608765 5.492068767547607 1.032491099089384
		endloop
	endfacet
	facet normal 0.042440990383094325 -0.4995495198679555 -0.8652450748400695
		outer loop
			vertex 4.2007060050964355 9.855876922607422 -1.4091720581054688
			vertex 4.400000095367432 5.529983043670654 1.0981596931815147
			vertex 4.2007060050964355 5.525750160217285 1.0908280089497566
		endloop
	endfacet
	facet normal 0.16900242017957443 -0.4928078498219702 -0.8535681607975388
		outer loop
			vertex 3.807852029800415 9.822195053100586 -1.4675090312957764
			vertex 4.2007060050964355 9.855876922607422 -1.4091720581054688
			vertex 4.2007060050964355 5.525750160217285 1.0908280089497566
		endloop
	endfacet
	facet normal -0.042441591575552565 -0.49954950709875706 -0.865245052723171
		outer loop
			vertex 4.400000095367432 9.860109329223633 -1.4018399715423584
			vertex 4.599293947219849 9.855876922607422 -1.4091720581054688
			vertex 4.599293947219849 5.525750160217285 1.0908280089497566
		endloop
	endfacet
	facet normal -0.04244104106451547 -0.49954949975427615 -0.8652450839667412
		outer loop
			vertex 4.400000095367432 5.529983043670654 1.0981596931815147
			vertex 4.400000095367432 9.860109329223633 -1.4018399715423584
			vertex 4.599293947219849 5.525750160217285 1.0908280089497566
		endloop
	endfacet
	facet normal 0.04244154089355673 -0.4995494891380153 -0.8652450655788386
		outer loop
			vertex 4.2007060050964355 9.855876922607422 -1.4091720581054688
			vertex 4.400000095367432 9.860109329223633 -1.4018399715423584
			vertex 4.400000095367432 5.529983043670654 1.0981596931815147
		endloop
	endfacet
	facet normal -0.04237183501180948 0.4995512686230981 0.8652474545555076
		outer loop
			vertex 4.535690069198608 2.143419027328491 -1.5010180473327637
			vertex 4.535690069198608 3.55786395072937 -2.3176488876342773
			vertex 4.399776935577393 2.1369760036468506 -1.5039539337158203
		endloop
	endfacet
	facet normal 0 0.49694855365853785 0.867780003812422
		outer loop
			vertex 4.535690069198608 3.55786395072937 -2.3176488876342773
			vertex 4.264311075210571 3.55786395072937 -2.3176488876342773
			vertex 4.399776935577393 2.1369760036468506 -1.5039539337158203
		endloop
	endfacet
	facet normal 0.042511483441125465 0.4995483024930668 0.8652423170718885
		outer loop
			vertex 4.264311075210571 3.55786395072937 -2.3176488876342773
			vertex 4.264311075210571 2.143419027328491 -1.5010180473327637
			vertex 4.399776935577393 2.1369760036468506 -1.5039539337158203
		endloop
	endfacet
	facet normal 0.12704310025267085 0.4959489099231221 0.8590079914786921
		outer loop
			vertex 4.264311075210571 3.55786395072937 -2.3176488876342773
			vertex 4.129504919052124 2.162605047225952 -1.4921579360961914
			vertex 4.264311075210571 2.143419027328491 -1.5010180473327637
		endloop
	endfacet
	facet normal -0.12710738007029931 0.49594479235311845 0.859000859644207
		outer loop
			vertex 4.670691967010498 2.162642002105713 -1.4921400547027588
			vertex 4.535690069198608 3.55786395072937 -2.3176488876342773
			vertex 4.535690069198608 2.143419027328491 -1.5010180473327637
		endloop
	endfacet
	facet normal 0.1690004401253396 0.48972543554081266 0.855340779468513
		outer loop
			vertex 4.264311075210571 3.55786395072937 -2.3176488876342773
			vertex 3.9968349933624268 3.580796003341675 -2.2779300212860107
			vertex 4.129504919052124 2.162605047225952 -1.4921579360961914
		endloop
	endfacet
	facet normal 0.21070604393842451 0.48877445631271316 0.8465828334569694
		outer loop
			vertex 3.9968349933624268 3.580796003341675 -2.2779300212860107
			vertex 3.9968349933624268 2.1940059661865234 -1.4772670269012451
			vertex 4.129504919052124 2.162605047225952 -1.4921579360961914
		endloop
	endfacet
	facet normal -0.21076587532521163 0.4887680071757977 0.8465716632157001
		outer loop
			vertex 4.803164958953857 2.1940059661865234 -1.4772670269012451
			vertex 4.803164958953857 3.580796003341675 -2.2779300212860107
			vertex 4.670691967010498 2.162642002105713 -1.4921400547027588
		endloop
	endfacet
	facet normal -0.1690011718988124 0.48972548578858033 0.8553406061131247
		outer loop
			vertex 4.803164958953857 3.580796003341675 -2.2779300212860107
			vertex 4.535690069198608 3.55786395072937 -2.3176488876342773
			vertex 4.670691967010498 2.162642002105713 -1.4921400547027588
		endloop
	endfacet
	facet normal 0.29320857969758296 0.4780239768010808 0.8279624426234597
		outer loop
			vertex 3.9968349933624268 3.580796003341675 -2.2779300212860107
			vertex 3.8657660484313965 2.2373759746551514 -1.4558908939361572
			vertex 3.9968349933624268 2.1940059661865234 -1.4772670269012451
		endloop
	endfacet
	facet normal -0.2931272829763732 0.4780364412667325 0.8279840317276216
		outer loop
			vertex 4.933976888656616 2.2372790575027466 -1.4559400081634521
			vertex 4.803164958953857 3.580796003341675 -2.2779300212860107
			vertex 4.803164958953857 2.1940059661865234 -1.4772670269012451
		endloop
	endfacet
	facet normal -0.3731479078837888 0.4638858011340062 0.8034740831839026
		outer loop
			vertex 5.059041976928711 2.29033100605011 -1.4284870624542236
			vertex 5.059041976928711 3.6259989738464355 -2.1996350288391113
			vertex 4.933976888656616 2.2372790575027466 -1.4559400081634521
		endloop
	endfacet
	facet normal -0.3331370322220512 0.46826545304613065 0.818380830204243
		outer loop
			vertex 5.059041976928711 3.6259989738464355 -2.1996350288391113
			vertex 4.803164958953857 3.580796003341675 -2.2779300212860107
			vertex 4.933976888656616 2.2372790575027466 -1.4559400081634521
		endloop
	endfacet
	facet normal 0.33313703218787677 0.46826542868920096 0.8183808441548304
		outer loop
			vertex 3.9968349933624268 3.580796003341675 -2.2779300212860107
			vertex 3.7409579753875732 3.6259989738464355 -2.1996350288391113
			vertex 3.8657660484313965 2.2373759746551514 -1.4558908939361572
		endloop
	endfacet
	facet normal 0.3732271065584944 0.4638698724041111 0.8034464938038925
		outer loop
			vertex 3.7409579753875732 3.6259989738464355 -2.1996350288391113
			vertex 3.7409579753875732 2.29033100605011 -1.4284870624542236
			vertex 3.8657660484313965 2.2373759746551514 -1.4558908939361572
		endloop
	endfacet
	facet normal 0.4876943905643102 0.4365070861414069 0.7560527396686322
		outer loop
			vertex 3.7409579753875732 3.6259989738464355 -2.1996350288391113
			vertex 3.504040002822876 3.6921749114990234 -2.085016965866089
			vertex 3.7409579753875732 2.29033100605011 -1.4284870624542236
		endloop
	endfacet
	facet normal 0.48769598305910145 0.436506919299475 0.756051808748381
		outer loop
			vertex 3.504040002822876 3.6921749114990234 -2.085016965866089
			vertex 3.504040002822876 2.423799991607666 -1.352720022201538
			vertex 3.7409579753875732 2.29033100605011 -1.4284870624542236
		endloop
	endfacet
	facet normal -0.4876973990422054 0.43650624582120484 0.756051284190792
		outer loop
			vertex 5.295958995819092 2.423799991607666 -1.352720022201538
			vertex 5.059041976928711 3.6259989738464355 -2.1996350288391113
			vertex 5.059041976928711 2.29033100605011 -1.4284870624542236
		endloop
	endfacet
	facet normal 0.6096636993006135 0.3963302329520599 0.6864637792362079
		outer loop
			vertex 3.504040002822876 3.6921749114990234 -2.085016965866089
			vertex 3.348706007003784 2.537207007408142 -1.2802400588989258
			vertex 3.504040002822876 2.423799991607666 -1.352720022201538
		endloop
	endfacet
	facet normal -0.6096613475199151 0.396331137369516 0.6864653457324611
		outer loop
			vertex 5.4512939453125 2.537207007408142 -1.2802400588989258
			vertex 5.295958995819092 3.6921749114990234 -2.085016965866089
			vertex 5.295958995819092 2.423799991607666 -1.352720022201538
		endloop
	endfacet
	facet normal -0.48769588677965076 0.4365069461920202 0.7560518553276138
		outer loop
			vertex 5.295958995819092 3.6921749114990234 -2.085016965866089
			vertex 5.059041976928711 3.6259989738464355 -2.1996350288391113
			vertex 5.295958995819092 2.423799991607666 -1.352720022201538
		endloop
	endfacet
	facet normal 0.6282184840220376 0.3861563389747248 0.6754441636454419
		outer loop
			vertex 3.504040002822876 3.6921749114990234 -2.085016965866089
			vertex 3.292897939682007 3.777416944503784 -1.937371015548706
			vertex 3.348706007003784 2.537207007408142 -1.2802400588989258
		endloop
	endfacet
	facet normal 0.6746839170109804 0.36905330323738955 0.6392192671503981
		outer loop
			vertex 3.292897939682007 3.777416944503784 -1.937371015548706
			vertex 3.292897939682007 2.5837149620056152 -1.2481870651245117
			vertex 3.348706007003784 2.537207007408142 -1.2802400588989258
		endloop
	endfacet
	facet normal -0.6746839170109804 0.36905330323738955 0.6392192671503981
		outer loop
			vertex 5.507102012634277 2.5837149620056152 -1.2481870651245117
			vertex 5.507102012634277 3.777416944503784 -1.937371015548706
			vertex 5.4512939453125 2.537207007408142 -1.2802400588989258
		endloop
	endfacet
	facet normal -0.6282167661342074 0.38615692940493324 0.6754454238651943
		outer loop
			vertex 5.507102012634277 3.777416944503784 -1.937371015548706
			vertex 5.295958995819092 3.6921749114990234 -2.085016965866089
			vertex 5.4512939453125 2.537207007408142 -1.2802400588989258
		endloop
	endfacet
	facet normal 0.7506724386827205 0.3303372102187827 0.57216100648944
		outer loop
			vertex 3.292897939682007 3.777416944503784 -1.937371015548706
			vertex 3.11360502243042 3.8792760372161865 -1.7609479427337646
			vertex 3.292897939682007 2.5837149620056152 -1.2481870651245117
		endloop
	endfacet
	facet normal 0.7506729154266036 0.33033706241313293 0.5721604663389328
		outer loop
			vertex 3.11360502243042 3.8792760372161865 -1.7609479427337646
			vertex 3.11360502243042 2.7587920427322388 -1.1140360832214355
			vertex 3.292897939682007 2.5837149620056152 -1.2481870651245117
		endloop
	endfacet
	facet normal -0.750670707613132 0.3303381936549213 0.5721627098513182
		outer loop
			vertex 5.68639612197876 2.7587920427322388 -1.1140360832214355
			vertex 5.507102012634277 3.777416944503784 -1.937371015548706
			vertex 5.507102012634277 2.5837149620056152 -1.2481870651245117
		endloop
	endfacet
	facet normal 0.8425898974536439 0.2692778991501985 0.46640291351825147
		outer loop
			vertex 3.11360502243042 3.8792760372161865 -1.7609479427337646
			vertex 2.9963560104370117 2.90283203125 -0.9853789806365967
			vertex 3.11360502243042 2.7587920427322388 -1.1140360832214355
		endloop
	endfacet
	facet normal -0.8422614017654277 0.2695346983362121 0.46684770267073605
		outer loop
			vertex 5.802704811096191 2.9015419483184814 -0.9866149425506592
			vertex 5.68639612197876 3.8792760372161865 -1.7609479427337646
			vertex 5.68639612197876 2.7587920427322388 -1.1140360832214355
		endloop
	endfacet
	facet normal -0.7506702601097912 0.33033857092302693 0.5721630791542134
		outer loop
			vertex 5.68639612197876 3.8792760372161865 -1.7609479427337646
			vertex 5.507102012634277 3.777416944503784 -1.937371015548706
			vertex 5.68639612197876 2.7587920427322388 -1.1140360832214355
		endloop
	endfacet
	facet normal -0.8849439847280788 0.23284872801982825 0.40330585633379806
		outer loop
			vertex 5.828680992126465 2.9382539987564087 -0.9508130550384521
			vertex 5.828680992126465 3.994818925857544 -1.5608210563659668
			vertex 5.802704811096191 2.9015419483184814 -0.9866149425506592
		endloop
	endfacet
	facet normal -0.8515262974665957 0.25951188653619245 0.4555837414452552
		outer loop
			vertex 5.828680992126465 3.994818925857544 -1.5608210563659668
			vertex 5.68639612197876 3.8792760372161865 -1.7609479427337646
			vertex 5.802704811096191 2.9015419483184814 -0.9866149425506592
		endloop
	endfacet
	facet normal 0.8834390978199664 0.22175503964245086 0.41274697192858834
		outer loop
			vertex 3.11360502243042 3.8792760372161865 -1.7609479427337646
			vertex 2.971410036087036 2.938122034072876 -0.9509450197219849
			vertex 2.9963560104370117 2.90283203125 -0.9853789806365967
		endloop
	endfacet
	facet normal 0.8515282894984648 0.26214227650521443 0.4540715792168487
		outer loop
			vertex 3.11360502243042 3.8792760372161865 -1.7609479427337646
			vertex 2.9713189601898193 3.994818925857544 -1.5608210563659668
			vertex 2.971410036087036 2.938122034072876 -0.9509450197219849
		endloop
	endfacet
	facet normal 0.9110783314230371 0.2061227776953496 0.3570009447138315
		outer loop
			vertex 2.9713189601898193 3.994818925857544 -1.5608210563659668
			vertex 2.915734052658081 3.02595591545105 -0.8595709800720215
			vertex 2.971410036087036 2.938122034072876 -0.9509450197219849
		endloop
	endfacet
	facet normal -0.9110768605432614 0.2061182524063796 0.3570073111402267
		outer loop
			vertex 5.884181976318359 3.0258119106292725 -0.8597270250320435
			vertex 5.828680992126465 3.994818925857544 -1.5608210563659668
			vertex 5.828680992126465 2.9382539987564087 -0.9508130550384521
		endloop
	endfacet
	facet normal -0.9427541971520975 0.16674422873092984 0.28880942840743884
		outer loop
			vertex 5.929866790771484 3.1124939918518066 -0.7606450319290161
			vertex 5.929866790771484 4.1207239627838135 -1.3427469730377197
			vertex 5.884181976318359 3.0258119106292725 -0.8597270250320435
		endloop
	endfacet
	facet normal -0.9278779718542444 0.18223098323087078 0.32532189919887694
		outer loop
			vertex 5.929866790771484 4.1207239627838135 -1.3427469730377197
			vertex 5.828680992126465 3.994818925857544 -1.5608210563659668
			vertex 5.884181976318359 3.0258119106292725 -0.8597270250320435
		endloop
	endfacet
	facet normal 0.9421502957583834 0.1593754606519842 0.29487672465686143
		outer loop
			vertex 2.9713189601898193 3.994818925857544 -1.5608210563659668
			vertex 2.8701330423355103 3.1124939918518066 -0.7606450319290161
			vertex 2.915734052658081 3.02595591545105 -0.8595709800720215
		endloop
	endfacet
	facet normal 0.9698236908934253 0.12190367435443307 0.21114332279459422
		outer loop
			vertex 2.8701330423355103 4.1207239627838135 -1.3427469730377197
			vertex 2.8304500579833984 3.2109920978546143 -0.6352410316467285
			vertex 2.8701330423355103 3.1124939918518066 -0.7606450319290161
		endloop
	endfacet
	facet normal 0.9278887068488546 0.1864286606779388 0.32290385903576707
		outer loop
			vertex 2.9713189601898193 3.994818925857544 -1.5608210563659668
			vertex 2.8701330423355103 4.1207239627838135 -1.3427469730377197
			vertex 2.8701330423355103 3.1124939918518066 -0.7606450319290161
		endloop
	endfacet
	facet normal -0.9698231713583161 0.12190470766067664 0.21114511253321272
		outer loop
			vertex 5.969550132751465 3.2109920978546143 -0.6352410316467285
			vertex 5.929866790771484 4.1207239627838135 -1.3427469730377197
			vertex 5.929866790771484 3.1124939918518066 -0.7606450319290161
		endloop
	endfacet
	facet normal 0.9867564925102397 0.07055097959582071 0.14606225989953542
		outer loop
			vertex 2.8701330423355103 4.1207239627838135 -1.3427469730377197
			vertex 2.8129589557647705 3.2734429836273193 -0.5472409725189209
			vertex 2.8304500579833984 3.2109920978546143 -0.6352410316467285
		endloop
	endfacet
	facet normal -0.9870053377531891 0.08034375888884543 0.13915941813015767
		outer loop
			vertex 5.987040996551514 3.2734429836273193 -0.5472409725189209
			vertex 5.987040996551514 4.253367900848389 -1.1130011081695557
			vertex 5.969550132751465 3.2109920978546143 -0.6352410316467285
		endloop
	endfacet
	facet normal -0.9775434949721358 0.10113917599299044 0.1848772092961194
		outer loop
			vertex 5.987040996551514 4.253367900848389 -1.1130011081695557
			vertex 5.929866790771484 4.1207239627838135 -1.3427469730377197
			vertex 5.969550132751465 3.2109920978546143 -0.6352410316467285
		endloop
	endfacet
	facet normal 0.9775550807788076 0.10534003279868058 0.18245421763695094
		outer loop
			vertex 2.8701330423355103 4.1207239627838135 -1.3427469730377197
			vertex 2.8129589557647705 4.253367900848389 -1.1130011081695557
			vertex 2.8129589557647705 3.2734429836273193 -0.5472409725189209
		endloop
	endfacet
	facet normal 0.9963963488105362 0.04240966956569919 0.0734556737383907
		outer loop
			vertex 2.8129589557647705 4.253367900848389 -1.1130011081695557
			vertex 2.8014429807662964 3.3468689918518066 -0.4334239959716797
			vertex 2.8129589557647705 3.2734429836273193 -0.5472409725189209
		endloop
	endfacet
	facet normal -0.9963757620914396 0.0425304154529001 0.07366481166816734
		outer loop
			vertex 5.998524188995361 3.3464670181274414 -0.43408203125
			vertex 5.987040996551514 4.253367900848389 -1.1130011081695557
			vertex 5.987040996551514 3.2734429836273193 -0.5472409725189209
		endloop
	endfacet
	facet normal -0.9999999710172044 0.00012112008639453543 0.00020807574342942962
		outer loop
			vertex 5.998557090759277 3.4148130416870117 -0.31574201583862305
			vertex 5.998558044433594 4.3889360427856445 -0.8781919479370117
			vertex 5.998524188995361 3.3464670181274414 -0.43408203125
		endloop
	endfacet
	facet normal -0.9990859434861235 0.016781299494559483 0.03931495282607519
		outer loop
			vertex 5.998558044433594 4.3889360427856445 -0.8781919479370117
			vertex 5.987040996551514 4.253367900848389 -1.1130011081695557
			vertex 5.998524188995361 3.3464670181274414 -0.43408203125
		endloop
	endfacet
	facet normal 0.9999476058067087 -0.00886147146973912 0.005124447757765651
		outer loop
			vertex 2.8129589557647705 4.253367900848389 -1.1130011081695557
			vertex 2.80144202709198 3.414797067642212 -0.31577301025390625
			vertex 2.8014429807662964 3.3468689918518066 -0.4334239959716797
		endloop
	endfacet
	facet normal 0.9975568399650174 -0.034929733135196324 -0.060500122166095884
		outer loop
			vertex 2.80144202709198 4.3889360427856445 -0.8781919479370117
			vertex 2.8075820207595825 3.4555459022521973 -0.23805999755859375
			vertex 2.80144202709198 3.414797067642212 -0.31577301025390625
		endloop
	endfacet
	facet normal 0.9990990810362598 0.021219236874048662 0.036752826544148604
		outer loop
			vertex 2.8129589557647705 4.253367900848389 -1.1130011081695557
			vertex 2.80144202709198 4.3889360427856445 -0.8781919479370117
			vertex 2.80144202709198 3.414797067642212 -0.31577301025390625
		endloop
	endfacet
	facet normal -0.9974226325783433 -0.04708961488824593 -0.0541355723176921
		outer loop
			vertex 5.992417812347412 3.4555459022521973 -0.23805999755859375
			vertex 5.964087963104248 4.523525953292847 -0.6450740098953247
			vertex 5.998557090759277 3.4148130416870117 -0.31574201583862305
		endloop
	endfacet
	facet normal -0.9919003868321578 -0.06351173754437807 -0.1099994627091873
		outer loop
			vertex 5.964087963104248 4.523525953292847 -0.6450740098953247
			vertex 5.998558044433594 4.3889360427856445 -0.8781919479370117
			vertex 5.998557090759277 3.4148130416870117 -0.31574201583862305
		endloop
	endfacet
	facet normal 0.9918905230793423 -0.06738096525950685 -0.10776361049113839
		outer loop
			vertex 2.80144202709198 4.3889360427856445 -0.8781919479370117
			vertex 2.835911989212036 4.523525953292847 -0.6450740098953247
			vertex 2.8075820207595825 3.4555459022521973 -0.23805999755859375
		endloop
	endfacet
	facet normal 0.988037174729809 -0.07710796252217503 -0.13355487062483248
		outer loop
			vertex 2.835911989212036 4.523525953292847 -0.6450740098953247
			vertex 2.835911989212036 3.532154083251953 -0.07270503044128418
			vertex 2.8075820207595825 3.4555459022521973 -0.23805999755859375
		endloop
	endfacet
	facet normal -0.9880372736066781 -0.07710764577709925 -0.13355432200642484
		outer loop
			vertex 5.964087963104248 3.532154083251953 -0.07270503044128418
			vertex 5.964087963104248 4.523525953292847 -0.6450740098953247
			vertex 5.992417812347412 3.4555459022521973 -0.23805999755859375
		endloop
	endfacet
	facet normal 0.9676928532949671 -0.12606602328462435 -0.21835269509453253
		outer loop
			vertex 2.835911989212036 4.523525953292847 -0.6450740098953247
			vertex 2.8702850341796875 3.581183910369873 0.05132162570953369
			vertex 2.835911989212036 3.532154083251953 -0.07270503044128418
		endloop
	endfacet
	facet normal -0.9561677758853585 -0.14640971712942744 -0.25358899638692517
		outer loop
			vertex 5.884623050689697 4.653268098831177 -0.420354962348938
			vertex 5.964087963104248 4.523525953292847 -0.6450740098953247
			vertex 5.964087963104248 3.532154083251953 -0.07270503044128418
		endloop
	endfacet
	facet normal -0.9673194769685505 -0.1351009664024217 -0.21457110326048517
		outer loop
			vertex 5.929804801940918 3.581080913543701 0.051042795181274414
			vertex 5.884623050689697 4.653268098831177 -0.420354962348938
			vertex 5.964087963104248 3.532154083251953 -0.07270503044128418
		endloop
	endfacet
	facet normal -0.9428467718183912 -0.1666103688232424 -0.28858438951582543
		outer loop
			vertex 5.884592056274414 3.623163938522339 0.17446327209472656
			vertex 5.884623050689697 4.653268098831177 -0.420354962348938
			vertex 5.929804801940918 3.581080913543701 0.051042795181274414
		endloop
	endfacet
	facet normal 0.9561549527438463 -0.15069733124304346 -0.2511135613614641
		outer loop
			vertex 2.835911989212036 4.523525953292847 -0.6450740098953247
			vertex 2.915377974510193 4.653268098831177 -0.420354962348938
			vertex 2.8702850341796875 3.581183910369873 0.05132162570953369
		endloop
	endfacet
	facet normal 0.9428222676322903 -0.16664796462469614 -0.28864273339745106
		outer loop
			vertex 2.915377974510193 4.653268098831177 -0.420354962348938
			vertex 2.915377974510193 3.623141050338745 0.17438918352127075
			vertex 2.8702850341796875 3.581183910369873 0.05132162570953369
		endloop
	endfacet
	facet normal 0.9252518758473133 -0.1896766804697308 -0.3285296381257128
		outer loop
			vertex 2.915377974510193 4.653268098831177 -0.420354962348938
			vertex 2.9238979816436768 3.629457950592041 0.19473737478256226
			vertex 2.915377974510193 3.623141050338745 0.17438918352127075
		endloop
	endfacet
	facet normal -0.8929239975381176 -0.2251083550324066 -0.38988839828231847
		outer loop
			vertex 5.76244592666626 4.774427890777588 -0.21049797534942627
			vertex 5.884623050689697 4.653268098831177 -0.420354962348938
			vertex 5.884592056274414 3.623163938522339 0.17446327209472656
		endloop
	endfacet
	facet normal -0.9237509368102599 -0.20597605705680966 -0.3228901835942017
		outer loop
			vertex 5.876101970672607 3.629457950592041 0.19473737478256226
			vertex 5.76244592666626 4.774427890777588 -0.21049797534942627
			vertex 5.884592056274414 3.623163938522339 0.17446327209472656
		endloop
	endfacet
	facet normal 0.8897447561130505 -0.22822907820475957 -0.3953046380086301
		outer loop
			vertex 3.037553071975708 4.774427890777588 -0.21049797534942627
			vertex 3.037553071975708 3.6875 0.417039692401886
			vertex 2.9238979816436768 3.629457950592041 0.19473737478256226
		endloop
	endfacet
	facet normal 0.8929260408027226 -0.22636791057709005 -0.3891537674458996
		outer loop
			vertex 2.915377974510193 4.653268098831177 -0.420354962348938
			vertex 3.037553071975708 4.774427890777588 -0.21049797534942627
			vertex 2.9238979816436768 3.629457950592041 0.19473737478256226
		endloop
	endfacet
	facet normal -0.8897432005782967 -0.2282305942491112 -0.3953072638763256
		outer loop
			vertex 5.76244592666626 3.6875 0.417039692401886
			vertex 5.76244592666626 4.774427890777588 -0.21049797534942627
			vertex 5.876101970672607 3.629457950592041 0.19473737478256226
		endloop
	endfacet
	facet normal 0.8039972034955476 -0.29731648607159133 -0.5149673813761224
		outer loop
			vertex 3.1989240646362305 4.883522033691406 -0.021541953086853027
			vertex 3.1989240646362305 3.72713303565979 0.6460993885993958
			vertex 3.037553071975708 3.6875 0.417039692401886
		endloop
	endfacet
	facet normal 0.8039968712671839 -0.29731660605033905 -0.514967830800417
		outer loop
			vertex 3.037553071975708 4.774427890777588 -0.21049797534942627
			vertex 3.1989240646362305 4.883522033691406 -0.021541953086853027
			vertex 3.037553071975708 3.6875 0.417039692401886
		endloop
	endfacet
	facet normal -0.8029357247778797 -0.29803265173974747 -0.5162080591896991
		outer loop
			vertex 5.597293853759766 3.7277259826660156 0.6507009863853455
			vertex 5.76244592666626 4.774427890777588 -0.21049797534942627
			vertex 5.76244592666626 3.6875 0.417039692401886
		endloop
	endfacet
	facet normal 0.6919383152568539 -0.3609783383314019 -0.6252327623653503
		outer loop
			vertex 3.394848108291626 4.9774110317230225 0.14107799530029297
			vertex 3.394848108291626 3.746016025543213 0.8520243018865585
			vertex 3.1989240646362305 3.72713303565979 0.6460993885993958
		endloop
	endfacet
	facet normal 0.6919379464229385 -0.36097842516096584 -0.6252331204185491
		outer loop
			vertex 3.1989240646362305 4.883522033691406 -0.021541953086853027
			vertex 3.394848108291626 4.9774110317230225 0.14107799530029297
			vertex 3.1989240646362305 3.72713303565979 0.6460993885993958
		endloop
	endfacet
	facet normal -0.6905649763389478 -0.36194909705006645 -0.6261891603969445
		outer loop
			vertex 5.405151844024658 3.746016025543213 0.8520243018865585
			vertex 5.601076126098633 4.883522033691406 -0.021541953086853027
			vertex 5.597293853759766 3.7277259826660156 0.6507009863853455
		endloop
	endfacet
	facet normal -0.8039989160111736 -0.2969946653716065 -0.5151503778448243
		outer loop
			vertex 5.601076126098633 4.883522033691406 -0.021541953086853027
			vertex 5.76244592666626 4.774427890777588 -0.21049797534942627
			vertex 5.597293853759766 3.7277259826660156 0.6507009863853455
		endloop
	endfacet
	facet normal -0.042686277532766465 -0.49954417265469125 -0.8652360956855277
		outer loop
			vertex 4.400000095367432 5.154983043670654 0.4486405849456787
			vertex 4.536473035812378 3.7376630306243896 1.2601976096630096
			vertex 4.400000095367432 3.736975908279419 1.2673271894454956
		endloop
	endfacet
	facet normal 0.04268975697133696 -0.4995440983217797 -0.8652359669371175
		outer loop
			vertex 4.263515949249268 3.7376630306243896 1.2601965069770813
			vertex 4.400000095367432 5.154983043670654 0.4486405849456787
			vertex 4.400000095367432 3.736975908279419 1.2673271894454956
		endloop
	endfacet
	facet normal 0.08480686810254344 -0.5012519254536086 -0.8611354727054786
		outer loop
			vertex 4.129599094390869 5.14347505569458 0.42870938777923584
			vertex 4.400000095367432 5.154983043670654 0.4486405849456787
			vertex 4.263515949249268 3.7376630306243896 1.2601965069770813
		endloop
	endfacet
	facet normal 0.12726482943747447 -0.4959345623164993 -0.8589834533261934
		outer loop
			vertex 4.129599094390869 3.7395730018615723 1.2392529994249344
			vertex 4.129599094390869 5.14347505569458 0.42870938777923584
			vertex 4.263515949249268 3.7376630306243896 1.2601965069770813
		endloop
	endfacet
	facet normal -0.12726131155606601 -0.4959347879998047 -0.8589838442209602
		outer loop
			vertex 4.670401096343994 5.14347505569458 0.42870938777923584
			vertex 4.670401096343994 3.7395730018615723 1.2392529994249344
			vertex 4.536473035812378 3.7376630306243896 1.2601976096630096
		endloop
	endfacet
	facet normal -0.08480686810268094 -0.5012519250535084 -0.8611354729383563
		outer loop
			vertex 4.400000095367432 5.154983043670654 0.4486405849456787
			vertex 4.670401096343994 5.14347505569458 0.42870938777923584
			vertex 4.536473035812378 3.7376630306243896 1.2601976096630096
		endloop
	endfacet
	facet normal 0.210671520453699 -0.4887786277310154 -0.8465890169043728
		outer loop
			vertex 3.9968650341033936 3.742377996444702 1.2046030014753342
			vertex 4.129599094390869 5.14347505569458 0.42870938777923584
			vertex 4.129599094390869 3.7395730018615723 1.2392529994249344
		endloop
	endfacet
	facet normal -0.2106849764530708 -0.4887771777430086 -0.8465865054526612
		outer loop
			vertex 4.670401096343994 5.14347505569458 0.42870938777923584
			vertex 4.803175926208496 3.7423789501190186 1.2045900970697403
			vertex 4.670401096343994 3.7395730018615723 1.2392529994249344
		endloop
	endfacet
	facet normal 0.25197617923130017 -0.48698065712146255 -0.8362761772820891
		outer loop
			vertex 3.866976022720337 5.109283924102783 0.36948931217193604
			vertex 4.129599094390869 5.14347505569458 0.42870938777923584
			vertex 3.9968650341033936 3.742377996444702 1.2046030014753342
		endloop
	endfacet
	facet normal 0.29293871709317315 -0.4780559992954995 -0.8280394734343209
		outer loop
			vertex 3.8665850162506104 3.7455320358276367 1.1566924005746841
			vertex 3.866976022720337 5.109283924102783 0.36948931217193604
			vertex 3.9968650341033936 3.742377996444702 1.2046030014753342
		endloop
	endfacet
	facet normal -0.2519763934739592 -0.4869806161571232 -0.8362761365835363
		outer loop
			vertex 4.670401096343994 5.14347505569458 0.42870938777923584
			vertex 4.933023929595947 5.109283924102783 0.36948931217193604
			vertex 4.803175926208496 3.7423789501190186 1.2045900970697403
		endloop
	endfacet
	facet normal -0.2928241536752041 -0.47808330980506947 -0.8280642269233894
		outer loop
			vertex 4.933023929595947 5.109283924102783 0.36948931217193604
			vertex 4.933023929595947 3.745522975921631 1.1568574011325836
			vertex 4.803175926208496 3.7423789501190186 1.2045900970697403
		endloop
	endfacet
	facet normal -0.3605884835192263 -0.4663626556765928 -0.8077634672003807
		outer loop
			vertex 4.933023929595947 5.109283924102783 0.36948931217193604
			vertex 5.020366191864014 3.7475221157073975 1.1167133003473282
			vertex 4.933023929595947 3.745522975921631 1.1568574011325836
		endloop
	endfacet
	facet normal 0.36070710681916734 -0.46634631531582577 -0.8077199374049762
		outer loop
			vertex 3.7796339988708496 3.7475221157073975 1.1167133003473282
			vertex 3.866976022720337 5.109283924102783 0.36948931217193604
			vertex 3.8665850162506104 3.7455320358276367 1.1566924005746841
		endloop
	endfacet
	facet normal 0.5599753202303859 -0.4142546739732039 -0.7175100736743921
		outer loop
			vertex 3.394848108291626 4.9774110317230225 0.14107799530029297
			vertex 3.619688034057617 5.053393840789795 0.27268391847610474
			vertex 3.394848108291626 3.746016025543213 0.8520243018865585
		endloop
	endfacet
	facet normal 0.5599747985425726 -0.41425474619644714 -0.7175104391233083
		outer loop
			vertex 3.619688034057617 5.053393840789795 0.27268391847610474
			vertex 3.619688034057617 3.7498838901519775 1.0252655595541
			vertex 3.394848108291626 3.746016025543213 0.8520243018865585
		endloop
	endfacet
	facet normal -0.5599751755872752 -0.4142547228541059 -0.7175101583385898
		outer loop
			vertex 5.180312156677246 3.7498838901519775 1.0252655595541
			vertex 5.405151844024658 4.9774110317230225 0.14107799530029297
			vertex 5.405151844024658 3.746016025543213 0.8520243018865585
		endloop
	endfacet
	facet normal -0.6919375075468525 -0.36097872539406817 -0.6252334327774896
		outer loop
			vertex 5.405151844024658 4.9774110317230225 0.14107799530029297
			vertex 5.601076126098633 4.883522033691406 -0.021541953086853027
			vertex 5.405151844024658 3.746016025543213 0.8520243018865585
		endloop
	endfacet
	facet normal 0.4118981714581646 -0.4585160318024318 -0.7874661547835388
		outer loop
			vertex 3.619688034057617 5.053393840789795 0.27268391847610474
			vertex 3.866976022720337 5.109283924102783 0.36948931217193604
			vertex 3.7796339988708496 3.7475221157073975 1.1167133003473282
		endloop
	endfacet
	facet normal 0.4383907793999911 -0.4493921547549465 -0.7783702305341428
		outer loop
			vertex 3.619688034057617 3.7498838901519775 1.0252655595541
			vertex 3.619688034057617 5.053393840789795 0.27268391847610474
			vertex 3.7796339988708496 3.7475221157073975 1.1167133003473282
		endloop
	endfacet
	facet normal -0.41189784165332927 -0.45851614216359804 -0.7874662630340048
		outer loop
			vertex 4.933023929595947 5.109283924102783 0.36948931217193604
			vertex 5.180312156677246 5.053393840789795 0.27268391847610474
			vertex 5.020366191864014 3.7475221157073975 1.1167133003473282
		endloop
	endfacet
	facet normal -0.4383907793999911 -0.4493921547549465 -0.7783702305341428
		outer loop
			vertex 5.180312156677246 5.053393840789795 0.27268391847610474
			vertex 5.180312156677246 3.7498838901519775 1.0252655595541
			vertex 5.020366191864014 3.7475221157073975 1.1167133003473282
		endloop
	endfacet
	facet normal -0.5599757278269575 -0.414254432152804 -0.7175098951836325
		outer loop
			vertex 5.180312156677246 5.053393840789795 0.27268391847610474
			vertex 5.405151844024658 4.9774110317230225 0.14107799530029297
			vertex 5.180312156677246 3.7498838901519775 1.0252655595541
		endloop
	endfacet
	facet normal 0 0.991900473570137 -0.12701752056837787
		outer loop
			vertex -0.5 -1.688277006149292 1.579367995262146
			vertex 9.300000190734863 -1.688277006149292 1.579367995262146
			vertex -0.5 -1.7475221157073975 1.1167133003473282
		endloop
	endfacet
	facet normal 0 0.991900473570137 -0.12701752056837787
		outer loop
			vertex 9.300000190734863 -1.688277006149292 1.579367995262146
			vertex 9.300000190734863 -1.7475221157073975 1.1167133003473282
			vertex -0.5 -1.7475221157073975 1.1167133003473282
		endloop
	endfacet
	facet normal 0 0.9990989504861115 0.042441573221907475
		outer loop
			vertex 9.300000190734863 -1.7475221157073975 1.1167133003473282
			vertex -0.5 -1.7277259826660156 0.6507009863853455
			vertex -0.5 -1.7475221157073975 1.1167133003473282
		endloop
	endfacet
	facet normal 0 0.9990989504861115 0.042441573221907475
		outer loop
			vertex 9.300000190734863 -1.7277259826660156 0.6507009863853455
			vertex -0.5 -1.7277259826660156 0.6507009863853455
			vertex 9.300000190734863 -1.7475221157073975 1.1167133003473282
		endloop
	endfacet
	facet normal 0 0.9775550814287525 0.21068000088481434
		outer loop
			vertex 9.300000190734863 -1.7277259826660156 0.6507009863853455
			vertex -0.5 -1.629457950592041 0.19473737478256226
			vertex -0.5 -1.7277259826660156 0.6507009863853455
		endloop
	endfacet
	facet normal 0 0.9775550814287525 0.21068000088481434
		outer loop
			vertex 9.300000190734863 -1.629457950592041 0.19473737478256226
			vertex -0.5 -1.629457950592041 0.19473737478256226
			vertex 9.300000190734863 -1.7277259826660156 0.6507009863853455
		endloop
	endfacet
	facet normal 0 0.9561667837437335 -0.29282261126006703
		outer loop
			vertex -0.5 -1.5516951084136963 2.0253549814224243
			vertex 9.300000190734863 -1.5516951084136963 2.0253549814224243
			vertex -0.5 -1.688277006149292 1.579367995262146
		endloop
	endfacet
	facet normal 0 0.9561667837437335 -0.29282261126006703
		outer loop
			vertex 9.300000190734863 -1.5516951084136963 2.0253549814224243
			vertex 9.300000190734863 -1.688277006149292 1.579367995262146
			vertex -0.5 -1.688277006149292 1.579367995262146
		endloop
	endfacet
	facet normal 0 0.9278892051380335 0.37285603520435145
		outer loop
			vertex 9.300000190734863 -1.629457950592041 0.19473737478256226
			vertex -0.5 -1.4555459022521973 -0.23805999755859375
			vertex -0.5 -1.629457950592041 0.19473737478256226
		endloop
	endfacet
	facet normal 0 0.9278892051380335 0.37285603520435145
		outer loop
			vertex 9.300000190734863 -1.4555459022521973 -0.23805999755859375
			vertex -0.5 -1.4555459022521973 -0.23805999755859375
			vertex 9.300000190734863 -1.629457950592041 0.19473737478256226
		endloop
	endfacet
	facet normal 0 0.8929257325700836 -0.4502039938896367
		outer loop
			vertex -0.5 -1.341705083847046 2.4418450593948364
			vertex 9.300000190734863 -1.341705083847046 2.4418450593948364
			vertex -0.5 -1.5516951084136963 2.0253549814224243
		endloop
	endfacet
	facet normal 0 0.8929257325700836 -0.4502039938896367
		outer loop
			vertex 9.300000190734863 -1.341705083847046 2.4418450593948364
			vertex 9.300000190734863 -1.5516951084136963 2.0253549814224243
			vertex -0.5 -1.5516951084136963 2.0253549814224243
		endloop
	endfacet
	facet normal 0 0.8515293837662613 0.52430688397412
		outer loop
			vertex 9.300000190734863 -1.4555459022521973 -0.23805999755859375
			vertex -0.5 -1.2109920978546143 -0.6352410316467285
			vertex -0.5 -1.4555459022521973 -0.23805999755859375
		endloop
	endfacet
	facet normal 0 0.8515293837662613 0.52430688397412
		outer loop
			vertex 9.300000190734863 -1.2109920978546143 -0.6352410316467285
			vertex -0.5 -1.2109920978546143 -0.6352410316467285
			vertex 9.300000190734863 -1.4555459022521973 -0.23805999755859375
		endloop
	endfacet
	facet normal 0 0.8039976603406483 -0.5946324597318611
		outer loop
			vertex -0.5 -1.0643489360809326 2.816856026649475
			vertex 9.300000190734863 -1.0643489360809326 2.816856026649475
			vertex -0.5 -1.341705083847046 2.4418450593948364
		endloop
	endfacet
	facet normal 0 0.8039976603406483 -0.5946324597318611
		outer loop
			vertex 9.300000190734863 -1.0643489360809326 2.816856026649475
			vertex 9.300000190734863 -1.341705083847046 2.4418450593948364
			vertex -0.5 -1.341705083847046 2.4418450593948364
		endloop
	endfacet
	facet normal 0 0.7506723973389495 0.6606746187597905
		outer loop
			vertex 9.300000190734863 -1.2109920978546143 -0.6352410316467285
			vertex -0.5 -0.90283203125 -0.9853789806365967
			vertex -0.5 -1.2109920978546143 -0.6352410316467285
		endloop
	endfacet
	facet normal 0 0.7506723973389495 0.6606746187597905
		outer loop
			vertex 9.300000190734863 -0.90283203125 -0.9853789806365967
			vertex -0.5 -0.90283203125 -0.9853789806365967
			vertex 9.300000190734863 -1.2109920978546143 -0.6352410316467285
		endloop
	endfacet
	facet normal 0 0.6919376748770859 -0.7219572384052205
		outer loop
			vertex -0.5 -0.7276049852371216 3.1395978927612305
			vertex 9.300000190734863 -0.7276049852371216 3.1395978927612305
			vertex -0.5 -1.0643489360809326 2.816856026649475
		endloop
	endfacet
	facet normal 0 0.6919376748770859 -0.7219572384052205
		outer loop
			vertex 9.300000190734863 -0.7276049852371216 3.1395978927612305
			vertex 9.300000190734863 -1.0643489360809326 2.816856026649475
			vertex -0.5 -1.0643489360809326 2.816856026649475
		endloop
	endfacet
	facet normal 0 0.6282213452570268 0.7780346659137056
		outer loop
			vertex 9.300000190734863 -0.90283203125 -0.9853789806365967
			vertex -0.5 -0.539931058883667 -1.2784020900726318
			vertex -0.5 -0.90283203125 -0.9853789806365967
		endloop
	endfacet
	facet normal 0 0.6282213452570268 0.7780346659137056
		outer loop
			vertex 9.300000190734863 -0.539931058883667 -1.2784020900726318
			vertex -0.5 -0.539931058883667 -1.2784020900726318
			vertex 9.300000190734863 -0.90283203125 -0.9853789806365967
		endloop
	endfacet
	facet normal 0 0.5599756571060482 -0.8285090605712465
		outer loop
			vertex -0.5 -0.34116101264953613 3.4007890224456787
			vertex 9.300000190734863 -0.34116101264953613 3.4007890224456787
			vertex -0.5 -0.7276049852371216 3.1395978927612305
		endloop
	endfacet
	facet normal 0 0.5599756571060482 -0.8285090605712465
		outer loop
			vertex 9.300000190734863 -0.34116101264953613 3.4007890224456787
			vertex 9.300000190734863 -0.7276049852371216 3.1395978927612305
			vertex -0.5 -0.7276049852371216 3.1395978927612305
		endloop
	endfacet
	facet normal 0 0.4876926465887236 0.8730153964640524
		outer loop
			vertex 9.300000190734863 -0.539931058883667 -1.2784020900726318
			vertex -0.5 -0.1327279806137085 -1.50587797164917
			vertex -0.5 -0.539931058883667 -1.2784020900726318
		endloop
	endfacet
	facet normal 0 0.4876926465887236 0.8730153964640524
		outer loop
			vertex 9.300000190734863 -0.1327279806137085 -1.50587797164917
			vertex -0.5 -0.1327279806137085 -1.50587797164917
			vertex 9.300000190734863 -0.539931058883667 -1.2784020900726318
		endloop
	endfacet
	facet normal 0 0.4119008603968088 -0.9112286657060175
		outer loop
			vertex -0.5 0.08386552333831787 3.5929129123687744
			vertex 9.300000190734863 0.08386552333831787 3.5929129123687744
			vertex -0.5 -0.34116101264953613 3.4007890224456787
		endloop
	endfacet
	facet normal 0 0.4119008603968088 -0.9112286657060175
		outer loop
			vertex 9.300000190734863 0.08386552333831787 3.5929129123687744
			vertex 9.300000190734863 -0.34116101264953613 3.4007890224456787
			vertex -0.5 -0.34116101264953613 3.4007890224456787
		endloop
	endfacet
	facet normal 0 0.3331417610011958 0.9428767507352286
		outer loop
			vertex 9.300000190734863 -0.1327279806137085 -1.50587797164917
			vertex -0.5 0.3070603013038635 -1.6612660884857178
			vertex -0.5 -0.1327279806137085 -1.50587797164917
		endloop
	endfacet
	facet normal 0 0.3331417610011958 0.9428767507352286
		outer loop
			vertex 9.300000190734863 0.3070603013038635 -1.6612660884857178
			vertex -0.5 0.3070603013038635 -1.6612660884857178
			vertex 9.300000190734863 -0.1327279806137085 -1.50587797164917
		endloop
	endfacet
	facet normal 0 0.2519786236588146 -0.9677328005286426
		outer loop
			vertex -0.5 0.5352477133274078 3.7104439735412598
			vertex 9.300000190734863 0.5352477133274078 3.7104439735412598
			vertex -0.5 0.08386552333831787 3.5929129123687744
		endloop
	endfacet
	facet normal 0 0.2519786236588146 -0.9677328005286426
		outer loop
			vertex 9.300000190734863 0.5352477133274078 3.7104439735412598
			vertex 9.300000190734863 0.08386552333831787 3.5929129123687744
			vertex -0.5 0.08386552333831787 3.5929129123687744
		endloop
	endfacet
	facet normal 0 0.168999593966681 0.9856161206266348
		outer loop
			vertex 9.300000190734863 0.3070603013038635 -1.6612660884857178
			vertex -0.5 0.7667836993932724 -1.7400929927825928
			vertex -0.5 0.3070603013038635 -1.6612660884857178
		endloop
	endfacet
	facet normal 0 0.168999593966681 0.9856161206266348
		outer loop
			vertex 9.300000190734863 0.7667836993932724 -1.7400929927825928
			vertex -0.5 0.7667836993932724 -1.7400929927825928
			vertex 9.300000190734863 0.3070603013038635 -1.6612660884857178
		endloop
	endfacet
	facet normal 0 0.08480545044397081 -0.9963975288884428
		outer loop
			vertex -0.5 1 3.75
			vertex 9.300000190734863 1 3.75
			vertex -0.5 0.5352477133274078 3.7104439735412598
		endloop
	endfacet
	facet normal 0 0.08480545044397081 -0.9963975288884428
		outer loop
			vertex 9.300000190734863 1 3.75
			vertex 9.300000190734863 0.5352477133274078 3.7104439735412598
			vertex -0.5 0.5352477133274078 3.7104439735412598
		endloop
	endfacet
	facet normal 0.001010918567584087 0 0.9999994890216944
		outer loop
			vertex 9.300000190734863 1.0000000000000009 -1.75
			vertex -0.5 1.2332163006067276 -1.7400929927825928
			vertex -0.5 0.7667836993932724 -1.7400929927825928
		endloop
	endfacet
	facet normal 0 0.04244163235046256 0.9990989479743376
		outer loop
			vertex 9.300000190734863 0.7667836993932724 -1.7400929927825928
			vertex 9.300000190734863 1.0000000000000009 -1.75
			vertex -0.5 0.7667836993932724 -1.7400929927825928
		endloop
	endfacet
	facet normal 0 -0.08480545044397081 -0.9963975288884428
		outer loop
			vertex -0.5 1.4647522866725922 3.7104439735412598
			vertex 9.300000190734863 1.4647522866725922 3.7104439735412598
			vertex -0.5 1 3.75
		endloop
	endfacet
	facet normal 0 -0.08480545044397081 -0.9963975288884428
		outer loop
			vertex 9.300000190734863 1.4647522866725922 3.7104439735412598
			vertex 9.300000190734863 1 3.75
			vertex -0.5 1 3.75
		endloop
	endfacet
	facet normal 0 -0.04244163235046289 0.9990989479743376
		outer loop
			vertex 9.300000190734863 1.2332163006067276 -1.7400929927825928
			vertex -0.5 1.2332163006067276 -1.7400929927825928
			vertex 9.300000190734863 1.0000000000000009 -1.75
		endloop
	endfacet
	facet normal 0 -0.168999593966681 0.9856161206266348
		outer loop
			vertex 9.300000190734863 1.2332163006067276 -1.7400929927825928
			vertex -0.5 1.6929396986961365 -1.6612660884857178
			vertex -0.5 1.2332163006067276 -1.7400929927825928
		endloop
	endfacet
	facet normal 0 -0.168999593966681 0.9856161206266348
		outer loop
			vertex 9.300000190734863 1.6929396986961365 -1.6612660884857178
			vertex -0.5 1.6929396986961365 -1.6612660884857178
			vertex 9.300000190734863 1.2332163006067276 -1.7400929927825928
		endloop
	endfacet
	facet normal 0 -0.2519786236588146 -0.9677328005286426
		outer loop
			vertex -0.5 1.9161344766616821 3.5929129123687744
			vertex 9.300000190734863 1.9161344766616821 3.5929129123687744
			vertex -0.5 1.4647522866725922 3.7104439735412598
		endloop
	endfacet
	facet normal 0 -0.2519786236588146 -0.9677328005286426
		outer loop
			vertex 9.300000190734863 1.9161344766616821 3.5929129123687744
			vertex 9.300000190734863 1.4647522866725922 3.7104439735412598
			vertex -0.5 1.4647522866725922 3.7104439735412598
		endloop
	endfacet
	facet normal 0 -0.3331417610011958 0.9428767507352286
		outer loop
			vertex 9.300000190734863 1.6929396986961365 -1.6612660884857178
			vertex -0.5 2.1327279806137085 -1.50587797164917
			vertex -0.5 1.6929396986961365 -1.6612660884857178
		endloop
	endfacet
	facet normal 0 -0.3331417610011958 0.9428767507352286
		outer loop
			vertex 9.300000190734863 2.1327279806137085 -1.50587797164917
			vertex -0.5 2.1327279806137085 -1.50587797164917
			vertex 9.300000190734863 1.6929396986961365 -1.6612660884857178
		endloop
	endfacet
	facet normal 0 -0.4119008603968088 -0.9112286657060175
		outer loop
			vertex -0.5 2.341161012649536 3.4007890224456787
			vertex 9.300000190734863 2.341161012649536 3.4007890224456787
			vertex -0.5 1.9161344766616821 3.5929129123687744
		endloop
	endfacet
	facet normal 0 -0.4119008603968088 -0.9112286657060175
		outer loop
			vertex 9.300000190734863 2.341161012649536 3.4007890224456787
			vertex 9.300000190734863 1.9161344766616821 3.5929129123687744
			vertex -0.5 1.9161344766616821 3.5929129123687744
		endloop
	endfacet
	facet normal 0.0000021257735194264834 -0.41461311641339627 0.9099977822464476
		outer loop
			vertex 4.399776935577393 2.1369760036468506 -1.5039539337158203
			vertex 4.264311075210571 2.143419027328491 -1.5010180473327637
			vertex -0.5 2.1327279806137085 -1.50587797164917
		endloop
	endfacet
	facet normal 0.000014484165521236707 -0.41917031279989525 0.90790762121344
		outer loop
			vertex 4.264311075210571 2.143419027328491 -1.5010180473327637
			vertex 4.129504919052124 2.162605047225952 -1.4921579360961914
			vertex -0.5 2.1327279806137085 -1.50587797164917
		endloop
	endfacet
	facet normal 0.00008517391335026415 -0.42818706887009744 0.9036901165763844
		outer loop
			vertex 4.129504919052124 2.162605047225952 -1.4921579360961914
			vertex 3.9968349933624268 2.1940059661865234 -1.4772670269012451
			vertex -0.5 2.1327279806137085 -1.50587797164917
		endloop
	endfacet
	facet normal 0.0003050457237669979 -0.44135402353959624 0.8973330111238057
		outer loop
			vertex 3.9968349933624268 2.1940059661865234 -1.4772670269012451
			vertex 3.8657660484313965 2.2373759746551514 -1.4558908939361572
			vertex -0.5 2.1327279806137085 -1.50587797164917
		endloop
	endfacet
	facet normal 0.0008031506707035895 -0.45810498645400227 0.8888977310888911
		outer loop
			vertex 3.8657660484313965 2.2373759746551514 -1.4558908939361572
			vertex 3.7409579753875732 2.29033100605011 -1.4284870624542236
			vertex -0.5 2.1327279806137085 -1.50587797164917
		endloop
	endfacet
	facet normal 0.0023278485237566756 -0.4905467736333662 0.8714117534203596
		outer loop
			vertex 3.7409579753875732 2.29033100605011 -1.4284870624542236
			vertex 3.504040002822876 2.423799991607666 -1.352720022201538
			vertex -0.5 2.1327279806137085 -1.50587797164917
		endloop
	endfacet
	facet normal 0.002059023873040291 -0.4876916127818009 0.873013545853085
		outer loop
			vertex 3.504040002822876 2.423799991607666 -1.352720022201538
			vertex -0.5 2.539931058883667 -1.2784020900726318
			vertex -0.5 2.1327279806137085 -1.50587797164917
		endloop
	endfacet
	facet normal 0 -0.41257959537095734 0.9109215539680338
		outer loop
			vertex 9.300000190734863 2.1327279806137085 -1.50587797164917
			vertex 4.399776935577393 2.1369760036468506 -1.5039539337158203
			vertex -0.5 2.1327279806137085 -1.50587797164917
		endloop
	endfacet
	facet normal -0.00007173195139302057 -0.4876926453340189 0.8730153942180138
		outer loop
			vertex 9.300000190734863 2.539931058883667 -1.2784020900726318
			vertex 5.4512939453125 2.537207007408142 -1.2802400588989258
			vertex 9.300000190734863 2.1327279806137085 -1.50587797164917
		endloop
	endfacet
	facet normal -0.0063198412533909815 -0.5323526854465562 0.8464990714137683
		outer loop
			vertex 5.4512939453125 2.537207007408142 -1.2802400588989258
			vertex 5.295958995819092 2.423799991607666 -1.352720022201538
			vertex 9.300000190734863 2.1327279806137085 -1.50587797164917
		endloop
	endfacet
	facet normal -0.002327848962789976 -0.4905467856473148 0.871411746656134
		outer loop
			vertex 5.295958995819092 2.423799991607666 -1.352720022201538
			vertex 5.059041976928711 2.29033100605011 -1.4284870624542236
			vertex 9.300000190734863 2.1327279806137085 -1.50587797164917
		endloop
	endfacet
	facet normal -0.00001456914415766746 -0.4192016118574749 0.9078931701493493
		outer loop
			vertex 4.670691967010498 2.162642002105713 -1.4921400547027588
			vertex 4.535690069198608 2.143419027328491 -1.5010180473327637
			vertex 9.300000190734863 2.1327279806137085 -1.50587797164917
		endloop
	endfacet
	facet normal -0.000802546655755536 -0.45809201662777776 0.8889044156830144
		outer loop
			vertex 5.059041976928711 2.29033100605011 -1.4284870624542236
			vertex 4.933976888656616 2.2372790575027466 -1.4559400081634521
			vertex 9.300000190734863 2.1327279806137085 -1.50587797164917
		endloop
	endfacet
	facet normal -0.0003046807719262915 -0.44133224444475394 0.897343722986339
		outer loop
			vertex 4.933976888656616 2.2372790575027466 -1.4559400081634521
			vertex 4.803164958953857 2.1940059661865234 -1.4772670269012451
			vertex 9.300000190734863 2.1327279806137085 -1.50587797164917
		endloop
	endfacet
	facet normal -0.00008504326029012037 -0.4281792181292317 0.9036938363903362
		outer loop
			vertex 4.803164958953857 2.1940059661865234 -1.4772670269012451
			vertex 4.670691967010498 2.162642002105713 -1.4921400547027588
			vertex 9.300000190734863 2.1327279806137085 -1.50587797164917
		endloop
	endfacet
	facet normal -0.0000021254578699191233 -0.41461299972672044 0.909997835411213
		outer loop
			vertex 4.535690069198608 2.143419027328491 -1.5010180473327637
			vertex 4.399776935577393 2.1369760036468506 -1.5039539337158203
			vertex 9.300000190734863 2.1327279806137085 -1.50587797164917
		endloop
	endfacet
	facet normal 0 -0.5599756571060482 -0.8285090605712465
		outer loop
			vertex -0.5 2.7276049852371216 3.1395978927612305
			vertex 9.300000190734863 2.7276049852371216 3.1395978927612305
			vertex -0.5 2.341161012649536 3.4007890224456787
		endloop
	endfacet
	facet normal 0 -0.5599756571060482 -0.8285090605712465
		outer loop
			vertex 9.300000190734863 2.7276049852371216 3.1395978927612305
			vertex 9.300000190734863 2.341161012649536 3.4007890224456787
			vertex -0.5 2.341161012649536 3.4007890224456787
		endloop
	endfacet
	facet normal 0.000021255411311521872 -0.5385030447043284 0.842623563872015
		outer loop
			vertex 3.348706007003784 2.537207007408142 -1.2802400588989258
			vertex -0.5 2.539931058883667 -1.2784020900726318
			vertex 3.504040002822876 2.423799991607666 -1.352720022201538
		endloop
	endfacet
	facet normal -0.000008442875054520006 -0.567482351143789 0.8233855603962432
		outer loop
			vertex 3.292897939682007 2.5837149620056152 -1.2481870651245117
			vertex -0.5 2.539931058883667 -1.2784020900726318
			vertex 3.348706007003784 2.537207007408142 -1.2802400588989258
		endloop
	endfacet
	facet normal 0.000008442874531061564 -0.5674823511433631 0.8233855603965367
		outer loop
			vertex 9.300000190734863 2.539931058883667 -1.2784020900726318
			vertex 5.507102012634277 2.5837149620056152 -1.2481870651245117
			vertex 5.4512939453125 2.537207007408142 -1.2802400588989258
		endloop
	endfacet
	facet normal 0.0026595758031143562 -0.6282191234404283 0.778031914255635
		outer loop
			vertex 3.11360502243042 2.7587920427322388 -1.1140360832214355
			vertex -0.5 2.90283203125 -0.9853789806365967
			vertex -0.5 2.539931058883667 -1.2784020900726318
		endloop
	endfacet
	facet normal 0.0006898629800493926 -0.607772621003279 0.7941108016189389
		outer loop
			vertex 3.292897939682007 2.5837149620056152 -1.2481870651245117
			vertex 3.11360502243042 2.7587920427322388 -1.1140360832214355
			vertex -0.5 2.539931058883667 -1.2784020900726318
		endloop
	endfacet
	facet normal -0.000043222994802452146 -0.6282213446701966 0.7780346651869329
		outer loop
			vertex 9.300000190734863 2.90283203125 -0.9853789806365967
			vertex 5.802704811096191 2.9015419483184814 -0.9866149425506592
			vertex 9.300000190734863 2.539931058883667 -1.2784020900726318
		endloop
	endfacet
	facet normal -0.006117719155343533 -0.6631252670816136 0.748483435802206
		outer loop
			vertex 5.802704811096191 2.9015419483184814 -0.9866149425506592
			vertex 5.68639612197876 2.7587920427322388 -1.1140360832214355
			vertex 9.300000190734863 2.539931058883667 -1.2784020900726318
		endloop
	endfacet
	facet normal -0.0006898628855299966 -0.6077726181034613 0.794110803838396
		outer loop
			vertex 5.68639612197876 2.7587920427322388 -1.1140360832214355
			vertex 5.507102012634277 2.5837149620056152 -1.2481870651245117
			vertex 9.300000190734863 2.539931058883667 -1.2784020900726318
		endloop
	endfacet
	facet normal 0 -0.6919376748770859 -0.7219572384052205
		outer loop
			vertex -0.5 3.0643489360809326 2.816856026649475
			vertex 9.300000190734863 3.0643489360809326 2.816856026649475
			vertex -0.5 2.7276049852371216 3.1395978927612305
		endloop
	endfacet
	facet normal 0 -0.6919376748770859 -0.7219572384052205
		outer loop
			vertex 9.300000190734863 3.0643489360809326 2.816856026649475
			vertex 9.300000190734863 2.7276049852371216 3.1395978927612305
			vertex -0.5 2.7276049852371216 3.1395978927612305
		endloop
	endfacet
	facet normal 0 -0.6661597225428418 0.7458091069849202
		outer loop
			vertex 2.9963560104370117 2.90283203125 -0.9853789806365967
			vertex -0.5 2.90283203125 -0.9853789806365967
			vertex 3.11360502243042 2.7587920427322388 -1.1140360832214355
		endloop
	endfacet
	facet normal 0.000004532876075805336 -0.6981781392731925 0.7159240782516507
		outer loop
			vertex 9.300000190734863 2.90283203125 -0.9853789806365967
			vertex 5.828680992126465 2.9382539987564087 -0.9508130550384521
			vertex 5.802704811096191 2.9015419483184814 -0.9866149425506592
		endloop
	endfacet
	facet normal 0 -0.6983725833609509 0.715734402421563
		outer loop
			vertex 2.9963560104370117 2.90283203125 -0.9853789806365967
			vertex 2.971410036087036 2.938122034072876 -0.9509450197219849
			vertex -0.5 2.90283203125 -0.9853789806365967
		endloop
	endfacet
	facet normal 0.00045202385562797805 -0.7207969552515755 0.6931461209402332
		outer loop
			vertex 2.971410036087036 2.938122034072876 -0.9509450197219849
			vertex 2.915734052658081 3.02595591545105 -0.8595709800720215
			vertex -0.5 2.90283203125 -0.9853789806365967
		endloop
	endfacet
	facet normal 0.0028294669710462045 -0.7520104035088286 0.6591451639291215
		outer loop
			vertex 2.915734052658081 3.02595591545105 -0.8595709800720215
			vertex 2.8701330423355103 3.1124939918518066 -0.7606450319290161
			vertex -0.5 2.90283203125 -0.9853789806365967
		endloop
	endfacet
	facet normal 0.0026442278227246144 -0.750669773005889 0.660672309056849
		outer loop
			vertex 2.8701330423355103 3.1124939918518066 -0.7606450319290161
			vertex -0.5 3.2109920978546143 -0.6352410316467285
			vertex -0.5 2.90283203125 -0.9853789806365967
		endloop
	endfacet
	facet normal -0.00045300898492126973 -0.7207931675086394 0.6931500591183138
		outer loop
			vertex 5.884181976318359 3.0258119106292725 -0.8597270250320435
			vertex 5.828680992126465 2.9382539987564087 -0.9508130550384521
			vertex 9.300000190734863 2.90283203125 -0.9853789806365967
		endloop
	endfacet
	facet normal 0 -0.7506723973389494 0.6606746187597905
		outer loop
			vertex 9.300000190734863 3.2109920978546143 -0.6352410316467285
			vertex 5.969550132751465 3.2109920978546143 -0.6352410316467285
			vertex 9.300000190734863 2.90283203125 -0.9853789806365967
		endloop
	endfacet
	facet normal -0.007563240173816684 -0.7852342290894052 0.6191526490813397
		outer loop
			vertex 5.969550132751465 3.2109920978546143 -0.6352410316467285
			vertex 5.929866790771484 3.1124939918518066 -0.7606450319290161
			vertex 9.300000190734863 2.90283203125 -0.9853789806365967
		endloop
	endfacet
	facet normal -0.0028256584587386465 -0.7519828730165736 0.6591765881340255
		outer loop
			vertex 5.929866790771484 3.1124939918518066 -0.7606450319290161
			vertex 5.884181976318359 3.0258119106292725 -0.8597270250320435
			vertex 9.300000190734863 2.90283203125 -0.9853789806365967
		endloop
	endfacet
	facet normal 0 -0.8039976603406483 -0.5946324597318611
		outer loop
			vertex -0.5 3.341705083847046 2.4418450593948364
			vertex 9.300000190734863 3.341705083847046 2.4418450593948364
			vertex -0.5 3.0643489360809326 2.816856026649475
		endloop
	endfacet
	facet normal 0 -0.8039976603406483 -0.5946324597318611
		outer loop
			vertex 9.300000190734863 3.341705083847046 2.4418450593948364
			vertex 9.300000190734863 3.0643489360809326 2.816856026649475
			vertex -0.5 3.0643489360809326 2.816856026649475
		endloop
	endfacet
	facet normal 0 -0.7864207172371805 0.6176912299038725
		outer loop
			vertex 2.8304500579833984 3.2109920978546143 -0.6352410316467285
			vertex -0.5 3.2109920978546143 -0.6352410316467285
			vertex 2.8701330423355103 3.1124939918518066 -0.7606450319290161
		endloop
	endfacet
	facet normal 0.001436714255922071 -0.8402440143195429 0.542206540215375
		outer loop
			vertex 2.8129589557647705 3.2734429836273193 -0.5472409725189209
			vertex 2.8014429807662964 3.3468689918518066 -0.4334239959716797
			vertex -0.5 3.2109920978546143 -0.6352410316467285
		endloop
	endfacet
	facet normal 0.0029953757794513387 -0.8515255636793404 0.5243045318557924
		outer loop
			vertex 2.8014429807662964 3.3468689918518066 -0.4334239959716797
			vertex -0.5 3.4555459022521973 -0.23805999755859375
			vertex -0.5 3.2109920978546143 -0.6352410316467285
		endloop
	endfacet
	facet normal 0 -0.8155105086094364 0.5787422659073542
		outer loop
			vertex 2.8304500579833984 3.2109920978546143 -0.6352410316467285
			vertex 2.8129589557647705 3.2734429836273193 -0.5472409725189209
			vertex -0.5 3.2109920978546143 -0.6352410316467285
		endloop
	endfacet
	facet normal 0 -0.8155105086094364 0.5787422659073542
		outer loop
			vertex 9.300000190734863 3.2109920978546143 -0.6352410316467285
			vertex 5.987040996551514 3.2734429836273193 -0.5472409725189209
			vertex 5.969550132751465 3.2109920978546143 -0.6352410316467285
		endloop
	endfacet
	facet normal -0.005061491674876987 -0.8659427684561536 0.5001174892567924
		outer loop
			vertex 5.998557090759277 3.4148130416870117 -0.31574201583862305
			vertex 5.998524188995361 3.3464670181274414 -0.43408203125
			vertex 9.300000190734863 3.2109920978546143 -0.6352410316467285
		endloop
	endfacet
	facet normal -0.0018307082623827088 -0.851527956817791 0.5243060053680257
		outer loop
			vertex 9.300000190734863 3.4555459022521973 -0.23805999755859375
			vertex 5.998557090759277 3.4148130416870117 -0.31574201583862305
			vertex 9.300000190734863 3.2109920978546143 -0.6352410316467285
		endloop
	endfacet
	facet normal -0.0014321390516386868 -0.8401677771240408 0.5423246769788231
		outer loop
			vertex 5.998524188995361 3.3464670181274414 -0.43408203125
			vertex 5.987040996551514 3.2734429836273193 -0.5472409725189209
			vertex 9.300000190734863 3.2109920978546143 -0.6352410316467285
		endloop
	endfacet
	facet normal 0 -0.8929257325700836 -0.4502039938896367
		outer loop
			vertex -0.5 3.5516951084136963 2.0253549814224243
			vertex 9.300000190734863 3.5516951084136963 2.0253549814224243
			vertex -0.5 3.341705083847046 2.4418450593948364
		endloop
	endfacet
	facet normal 0 -0.8929257325700836 -0.4502039938896367
		outer loop
			vertex 9.300000190734863 3.5516951084136963 2.0253549814224243
			vertex 9.300000190734863 3.341705083847046 2.4418450593948364
			vertex -0.5 3.341705083847046 2.4418450593948364
		endloop
	endfacet
	facet normal 0.0010808110855971289 -0.8660177304226667 0.5000121222940209
		outer loop
			vertex 2.80144202709198 3.414797067642212 -0.31577301025390625
			vertex -0.5 3.4555459022521973 -0.23805999755859375
			vertex 2.8014429807662964 3.3468689918518066 -0.4334239959716797
		endloop
	endfacet
	facet normal 0 -0.885634632337697 0.4643827064007363
		outer loop
			vertex 2.8075820207595825 3.4555459022521973 -0.23805999755859375
			vertex -0.5 3.4555459022521973 -0.23805999755859375
			vertex 2.80144202709198 3.414797067642212 -0.31577301025390625
		endloop
	endfacet
	facet normal 0 -0.8856333293874257 0.4643851912778269
		outer loop
			vertex 9.300000190734863 3.4555459022521973 -0.23805999755859375
			vertex 5.992417812347412 3.4555459022521973 -0.23805999755859375
			vertex 5.998557090759277 3.4148130416870117 -0.31574201583862305
		endloop
	endfacet
	facet normal 0 -0.9278892051380334 0.37285603520435145
		outer loop
			vertex 2.8075820207595825 3.4555459022521973 -0.23805999755859375
			vertex -0.5 3.629457950592041 0.19473737478256226
			vertex -0.5 3.4555459022521973 -0.23805999755859375
		endloop
	endfacet
	facet normal 0.007140778193843153 -0.9077948544003489 0.41935368319717425
		outer loop
			vertex 2.835911989212036 3.532154083251953 -0.07270503044128418
			vertex -0.5 3.629457950592041 0.19473737478256226
			vertex 2.8075820207595825 3.4555459022521973 -0.23805999755859375
		endloop
	endfacet
	facet normal 0 -0.9073519050355068 0.4203718834894131
		outer loop
			vertex 9.300000190734863 3.4555459022521973 -0.23805999755859375
			vertex 5.964087963104248 3.532154083251953 -0.07270503044128418
			vertex 5.992417812347412 3.4555459022521973 -0.23805999755859375
		endloop
	endfacet
	facet normal -0.002826893638180459 -0.9278854975972997 0.3728545453940048
		outer loop
			vertex 9.300000190734863 3.629457950592041 0.19473737478256226
			vertex 5.964087963104248 3.532154083251953 -0.07270503044128418
			vertex 9.300000190734863 3.4555459022521973 -0.23805999755859375
		endloop
	endfacet
	facet normal 0.002296971086859078 -0.9301859160337996 0.36708157885705395
		outer loop
			vertex 2.8702850341796875 3.581183910369873 0.05132162570953369
			vertex -0.5 3.629457950592041 0.19473737478256226
			vertex 2.835911989212036 3.532154083251953 -0.07270503044128418
		endloop
	endfacet
	facet normal -0.0023012062236993287 -0.930167675368388 0.36712777087777676
		outer loop
			vertex 9.300000190734863 3.629457950592041 0.19473737478256226
			vertex 5.929804801940918 3.581080913543701 0.051042795181274414
			vertex 5.964087963104248 3.532154083251953 -0.07270503044128418
		endloop
	endfacet
	facet normal 0 -0.9561667837437335 -0.29282261126006703
		outer loop
			vertex -0.5 3.688277006149292 1.579367995262146
			vertex 9.300000190734863 3.688277006149292 1.579367995262146
			vertex -0.5 3.5516951084136963 2.0253549814224243
		endloop
	endfacet
	facet normal 0 -0.9561667837437335 -0.29282261126006703
		outer loop
			vertex 9.300000190734863 3.688277006149292 1.579367995262146
			vertex 9.300000190734863 3.5516951084136963 2.0253549814224243
			vertex -0.5 3.5516951084136963 2.0253549814224243
		endloop
	endfacet
	facet normal -0.0001711448767565567 -0.946510907007474 0.32267177382801865
		outer loop
			vertex 9.300000190734863 3.629457950592041 0.19473737478256226
			vertex 5.884592056274414 3.623163938522339 0.17446327209472656
			vertex 5.929804801940918 3.581080913543701 0.051042795181274414
		endloop
	endfacet
	facet normal 0.00017155008175303148 -0.9465239900833109 0.3226333937572767
		outer loop
			vertex 2.915377974510193 3.623141050338745 0.17438918352127075
			vertex -0.5 3.629457950592041 0.19473737478256226
			vertex 2.8702850341796875 3.581183910369873 0.05132162570953369
		endloop
	endfacet
	facet normal 0 -0.9550383000075593 0.2964824539811273
		outer loop
			vertex 2.9238979816436768 3.629457950592041 0.19473737478256226
			vertex -0.5 3.629457950592041 0.19473737478256226
			vertex 2.915377974510193 3.623141050338745 0.17438918352127075
		endloop
	endfacet
	facet normal 0 -0.9550368074287037 0.29648726187880214
		outer loop
			vertex 9.300000190734863 3.629457950592041 0.19473737478256226
			vertex 5.876101970672607 3.629457950592041 0.19473737478256226
			vertex 5.884592056274414 3.623163938522339 0.17446327209472656
		endloop
	endfacet
	facet normal 0 -0.9775550814287525 0.21068000088481434
		outer loop
			vertex 2.9238979816436768 3.629457950592041 0.19473737478256226
			vertex -0.5 3.7277259826660156 0.6507009863853455
			vertex -0.5 3.629457950592041 0.19473737478256226
		endloop
	endfacet
	facet normal 0.005502210613662323 -0.9682333239480871 0.24998791185735653
		outer loop
			vertex 3.037553071975708 3.6875 0.417039692401886
			vertex -0.5 3.7277259826660156 0.6507009863853455
			vertex 2.9238979816436768 3.629457950592041 0.19473737478256226
		endloop
	endfacet
	facet normal 0 -0.9675639474522872 0.2526262211064947
		outer loop
			vertex 9.300000190734863 3.629457950592041 0.19473737478256226
			vertex 5.76244592666626 3.6875 0.417039692401886
			vertex 5.876101970672607 3.629457950592041 0.19473737478256226
		endloop
	endfacet
	facet normal -0.0027998465327065936 -0.9775512498253761 0.21067917510812095
		outer loop
			vertex 9.300000190734863 3.7277259826660156 0.6507009863853455
			vertex 5.76244592666626 3.6875 0.417039692401886
			vertex 9.300000190734863 3.629457950592041 0.19473737478256226
		endloop
	endfacet
	facet normal 0.000054095283358638084 -0.9853655155104418 0.1704546799490751
		outer loop
			vertex 3.1989240646362305 3.72713303565979 0.6460993885993958
			vertex -0.5 3.7277259826660156 0.6507009863853455
			vertex 3.037553071975708 3.6875 0.417039692401886
		endloop
	endfacet
	facet normal 0 -0.98550277190606 0.16965932501773176
		outer loop
			vertex 9.300000190734863 3.7277259826660156 0.6507009863853455
			vertex 5.597293853759766 3.7277259826660156 0.6507009863853455
			vertex 5.76244592666626 3.6875 0.417039692401886
		endloop
	endfacet
	facet normal 0.0029622954653727557 -0.9939726654230756 -0.10958816175720072
		outer loop
			vertex 4.129599094390869 3.7395730018615723 1.2392529994249344
			vertex 4.263515949249268 3.7376630306243896 1.2601965069770813
			vertex -0.5 3.688277006149292 1.579367995262146
		endloop
	endfacet
	facet normal 0.003987088276948456 -0.9953875903948906 -0.09585221966613877
		outer loop
			vertex 3.9968650341033936 3.742377996444702 1.2046030014753342
			vertex 4.129599094390869 3.7395730018615723 1.2392529994249344
			vertex -0.5 3.688277006149292 1.579367995262146
		endloop
	endfacet
	facet normal 0 -0.991900473570137 -0.12701752056837787
		outer loop
			vertex -0.5 3.7475221157073975 1.1167133003473282
			vertex 3.7796339988708496 3.7475221157073975 1.1167133003473282
			vertex -0.5 3.688277006149292 1.579367995262146
		endloop
	endfacet
	facet normal 0.00683685799301579 -0.9978915313830331 -0.06454261357280514
		outer loop
			vertex 3.7796339988708496 3.7475221157073975 1.1167133003473282
			vertex 3.8665850162506104 3.7455320358276367 1.1566924005746841
			vertex -0.5 3.688277006149292 1.579367995262146
		endloop
	endfacet
	facet normal 0.005318155593893788 -0.996774196417216 -0.08008070040835504
		outer loop
			vertex 3.8665850162506104 3.7455320358276367 1.1566924005746841
			vertex 3.9968650341033936 3.742377996444702 1.2046030014753342
			vertex -0.5 3.688277006149292 1.579367995262146
		endloop
	endfacet
	facet normal 0.0016993856539443775 -0.9917605324148067 -0.12809433411630086
		outer loop
			vertex 4.263515949249268 3.7376630306243896 1.2601965069770813
			vertex 4.400000095367432 3.736975908279419 1.2673271894454956
			vertex -0.5 3.688277006149292 1.579367995262146
		endloop
	endfacet
	facet normal 0 -0.9880397750845648 -0.1541992310319447
		outer loop
			vertex 4.400000095367432 3.736975908279419 1.2673271894454956
			vertex 9.300000190734863 3.688277006149292 1.579367995262146
			vertex -0.5 3.688277006149292 1.579367995262146
		endloop
	endfacet
	facet normal -0.0016988920634328911 -0.991759551901888 -0.12810193198044714
		outer loop
			vertex 4.400000095367432 3.736975908279419 1.2673271894454956
			vertex 4.536473035812378 3.7376630306243896 1.2601976096630096
			vertex 9.300000190734863 3.688277006149292 1.579367995262146
		endloop
	endfacet
	facet normal -0.0029625055572018054 -0.993972974940351 -0.1095853486970405
		outer loop
			vertex 4.536473035812378 3.7376630306243896 1.2601976096630096
			vertex 4.670401096343994 3.7395730018615723 1.2392529994249344
			vertex 9.300000190734863 3.688277006149292 1.579367995262146
		endloop
	endfacet
	facet normal -0.0007135499410448124 -0.9919002210552967 -0.127017488232665
		outer loop
			vertex 4.933023929595947 3.745522975921631 1.1568574011325836
			vertex 9.300000190734863 3.7475221157073975 1.1167133003473282
			vertex 9.300000190734863 3.688277006149292 1.579367995262146
		endloop
	endfacet
	facet normal -0.0053153645712901145 -0.9967715225606574 -0.08011416049353082
		outer loop
			vertex 4.803175926208496 3.7423789501190186 1.2045900970697403
			vertex 4.933023929595947 3.745522975921631 1.1568574011325836
			vertex 9.300000190734863 3.688277006149292 1.579367995262146
		endloop
	endfacet
	facet normal -0.003987296243983835 -0.9953878582651338 -0.0958494292471939
		outer loop
			vertex 4.670401096343994 3.7395730018615723 1.2392529994249344
			vertex 4.803175926208496 3.7423789501190186 1.2045900970697403
			vertex 9.300000190734863 3.688277006149292 1.579367995262146
		endloop
	endfacet
	facet normal -0.00010735924096192538 -0.9990989447283011 0.04244157297731656
		outer loop
			vertex -0.5 3.7475221157073975 1.1167133003473282
			vertex -0.5 3.7277259826660156 0.6507009863853455
			vertex 3.1989240646362305 3.72713303565979 0.6460993885993958
		endloop
	endfacet
	facet normal 0.005469550790579138 -0.9962669741648235 0.08615219209408685
		outer loop
			vertex 3.394848108291626 3.746016025543213 0.8520243018865585
			vertex -0.5 3.7475221157073975 1.1167133003473282
			vertex 3.1989240646362305 3.72713303565979 0.6460993885993958
		endloop
	endfacet
	facet normal 0 -0.995898591155633 0.09047649492672458
		outer loop
			vertex 9.300000190734863 3.7277259826660156 0.6507009863853455
			vertex 5.405151844024658 3.746016025543213 0.8520243018865585
			vertex 5.597293853759766 3.7277259826660156 0.6507009863853455
		endloop
	endfacet
	facet normal -0.0024979288505465195 -0.9990958334680942 0.04244144081145068
		outer loop
			vertex 9.300000190734863 3.7475221157073975 1.1167133003473282
			vertex 5.405151844024658 3.746016025543213 0.8520243018865585
			vertex 9.300000190734863 3.7277259826660156 0.6507009863853455
		endloop
	endfacet
	facet normal 0 -0.9987623267465944 -0.049737457431287053
		outer loop
			vertex 5.020366191864014 3.7475221157073975 1.1167133003473282
			vertex 9.300000190734863 3.7475221157073975 1.1167133003473282
			vertex 4.933023929595947 3.745522975921631 1.1568574011325836
		endloop
	endfacet
	facet normal 0.0010387260087118932 -0.9997794936782253 0.020973437219264812
		outer loop
			vertex 3.619688034057617 3.7498838901519775 1.0252655595541
			vertex -0.5 3.7475221157073975 1.1167133003473282
			vertex 3.394848108291626 3.746016025543213 0.8520243018865585
		endloop
	endfacet
	facet normal -0.001038726039525086 -0.9997794936490573 0.020973438608141437
		outer loop
			vertex 9.300000190734863 3.7475221157073975 1.1167133003473282
			vertex 5.180312156677246 3.7498838901519775 1.0252655595541
			vertex 5.405151844024658 3.746016025543213 0.8520243018865585
		endloop
	endfacet
	facet normal 0 -0.9996666628722191 -0.025817884148813114
		outer loop
			vertex 3.619688034057617 3.7498838901519775 1.0252655595541
			vertex 3.7796339988708496 3.7475221157073975 1.1167133003473282
			vertex -0.5 3.7475221157073975 1.1167133003473282
		endloop
	endfacet
	facet normal 0 -0.9996666628722191 -0.025817884148813114
		outer loop
			vertex 5.180312156677246 3.7498838901519775 1.0252655595541
			vertex 9.300000190734863 3.7475221157073975 1.1167133003473282
			vertex 5.020366191864014 3.7475221157073975 1.1167133003473282
		endloop
	endfacet
	facet normal 1 0 0
		outer loop
			vertex 9.300000190734863 -15.781499862670898 -3.9629950523376465
			vertex 9.300000190734863 -15.470800399780273 -2.386507987976074
			vertex 9.300000190734863 -16.014699935913086 -3.0926690101623535
		endloop
	endfacet
	facet normal 1 0 0
		outer loop
			vertex 9.300000190734863 -14.957389831542969 6.30259895324707
			vertex 9.300000190734863 -15.781499862670898 5.9629950523376465
			vertex 9.300000190734863 -16.014699935913086 5.0926690101623535
		endloop
	endfacet
	facet normal 1 0 0
		outer loop
			vertex 9.300000190734863 -15.470800399780273 4.386507987976074
			vertex 9.300000190734863 -14.957389831542969 6.30259895324707
			vertex 9.300000190734863 -16.014699935913086 5.0926690101623535
		endloop
	endfacet
	facet normal 1 0 0
		outer loop
			vertex 9.300000190734863 -10.477849960327148 -4.016726016998291
			vertex 9.300000190734863 -1.629457950592041 0.19473737478256226
			vertex 9.300000190734863 -15.781499862670898 -3.9629950523376465
		endloop
	endfacet
	facet normal 1 0 0
		outer loop
			vertex 9.300000190734863 -10.605239868164062 -4.0621209144592285
			vertex 9.300000190734863 -10.477849960327148 -4.016726016998291
			vertex 9.300000190734863 -15.781499862670898 -3.9629950523376465
		endloop
	endfacet
	facet normal 1 0 0
		outer loop
			vertex 9.300000190734863 -1.629457950592041 0.19473737478256226
			vertex 9.300000190734863 -15.470800399780273 -2.386507987976074
			vertex 9.300000190734863 -15.781499862670898 -3.9629950523376465
		endloop
	endfacet
	facet normal 1 0 0
		outer loop
			vertex 9.300000190734863 -14.092060089111328 -4.5163679122924805
			vertex 9.300000190734863 -13.204609870910645 -4.599583148956299
			vertex 9.300000190734863 -15.781499862670898 -3.9629950523376465
		endloop
	endfacet
	facet normal 1 0 0
		outer loop
			vertex 9.300000190734863 -14.957389831542969 -4.30259895324707
			vertex 9.300000190734863 -14.092060089111328 -4.5163679122924805
			vertex 9.300000190734863 -15.781499862670898 -3.9629950523376465
		endloop
	endfacet
	facet normal 1 0 0
		outer loop
			vertex 9.300000190734863 -13.204609870910645 -4.599583148956299
			vertex 9.300000190734863 -12.314629554748535 -4.550405979156494
			vertex 9.300000190734863 -15.781499862670898 -3.9629950523376465
		endloop
	endfacet
	facet normal 1 0 0
		outer loop
			vertex 9.300000190734863 -12.314629554748535 -4.550405979156494
			vertex 9.300000190734863 -11.441749572753906 -4.369925022125244
			vertex 9.300000190734863 -15.781499862670898 -3.9629950523376465
		endloop
	endfacet
	facet normal 1 0 0
		outer loop
			vertex 9.300000190734863 -11.441749572753906 -4.369925022125244
			vertex 9.300000190734863 -10.605239868164062 -4.0621209144592285
			vertex 9.300000190734863 -15.781499862670898 -3.9629950523376465
		endloop
	endfacet
	facet normal 1 0 0
		outer loop
			vertex 9.300000190734863 -1.629457950592041 0.19473737478256226
			vertex 9.300000190734863 -14.828289985656738 -1.7687149047851562
			vertex 9.300000190734863 -15.470800399780273 -2.386507987976074
		endloop
	endfacet
	facet normal 1 0 0
		outer loop
			vertex 9.300000190734863 -1.688277006149292 1.579367995262146
			vertex 9.300000190734863 -13.204609870910645 6.599583148956299
			vertex 9.300000190734863 -15.470800399780273 4.386507987976074
		endloop
	endfacet
	facet normal 1 0 0
		outer loop
			vertex 9.300000190734863 -11.581489562988281 2.4186960458755493
			vertex 9.300000190734863 -11.448470115661621 2.394312024116516
			vertex 9.300000190734863 -15.470800399780273 4.386507987976074
		endloop
	endfacet
	facet normal 1 0 0
		outer loop
			vertex 9.300000190734863 -14.092060089111328 6.5163679122924805
			vertex 9.300000190734863 -14.957389831542969 6.30259895324707
			vertex 9.300000190734863 -15.470800399780273 4.386507987976074
		endloop
	endfacet
	facet normal 1 0 0
		outer loop
			vertex 9.300000190734863 -13.204609870910645 6.599583148956299
			vertex 9.300000190734863 -14.092060089111328 6.5163679122924805
			vertex 9.300000190734863 -15.470800399780273 4.386507987976074
		endloop
	endfacet
	facet normal 1 0 0
		outer loop
			vertex 9.300000190734863 -11.448470115661621 2.394312024116516
			vertex 9.300000190734863 -1.688277006149292 1.579367995262146
			vertex 9.300000190734863 -15.470800399780273 4.386507987976074
		endloop
	endfacet
	facet normal 1 0 0
		outer loop
			vertex 9.300000190734863 -14.828289985656738 3.7687149047851562
			vertex 9.300000190734863 -14.101349830627441 3.252924919128418
			vertex 9.300000190734863 -15.470800399780273 4.386507987976074
		endloop
	endfacet
	facet normal 1 0 0
		outer loop
			vertex 9.300000190734863 -14.101349830627441 3.252924919128418
			vertex 9.300000190734863 -13.306010246276855 2.850520968437195
			vertex 9.300000190734863 -15.470800399780273 4.386507987976074
		endloop
	endfacet
	facet normal 1 0 0
		outer loop
			vertex 9.300000190734863 -13.306010246276855 2.850520968437195
			vertex 9.300000190734863 -12.459830284118652 2.5703840255737305
			vertex 9.300000190734863 -15.470800399780273 4.386507987976074
		endloop
	endfacet
	facet normal 1 0 0
		outer loop
			vertex 9.300000190734863 -12.459830284118652 2.5703840255737305
			vertex 9.300000190734863 -11.581489562988281 2.4186960458755493
			vertex 9.300000190734863 -15.470800399780273 4.386507987976074
		endloop
	endfacet
	facet normal 1 0 0
		outer loop
			vertex 9.300000190734863 -1.629457950592041 0.19473737478256226
			vertex 9.300000190734863 -14.101349830627441 -1.252924919128418
			vertex 9.300000190734863 -14.828289985656738 -1.7687149047851562
		endloop
	endfacet
	facet normal 1 0 0
		outer loop
			vertex 9.300000190734863 -1.629457950592041 0.19473737478256226
			vertex 9.300000190734863 -13.306010246276855 -0.8505209684371948
			vertex 9.300000190734863 -14.101349830627441 -1.252924919128418
		endloop
	endfacet
	facet normal 1 0 0
		outer loop
			vertex 9.300000190734863 -1.629457950592041 0.19473737478256226
			vertex 9.300000190734863 -1.7277259826660156 0.6507009863853455
			vertex 9.300000190734863 -13.306010246276855 -0.8505209684371948
		endloop
	endfacet
	facet normal 1 0 0
		outer loop
			vertex 9.300000190734863 -1.7277259826660156 0.6507009863853455
			vertex 9.300000190734863 -11.448470115661621 -0.3943120241165161
			vertex 9.300000190734863 -13.306010246276855 -0.8505209684371948
		endloop
	endfacet
	facet normal 1 0 0
		outer loop
			vertex 9.300000190734863 -11.448470115661621 -0.3943120241165161
			vertex 9.300000190734863 -11.581489562988281 -0.4186960458755493
			vertex 9.300000190734863 -13.306010246276855 -0.8505209684371948
		endloop
	endfacet
	facet normal 1 0 0
		outer loop
			vertex 9.300000190734863 -11.581489562988281 -0.4186960458755493
			vertex 9.300000190734863 -12.459830284118652 -0.5703840255737305
			vertex 9.300000190734863 -13.306010246276855 -0.8505209684371948
		endloop
	endfacet
	facet normal 1 0 0
		outer loop
			vertex 9.300000190734863 -1.688277006149292 1.579367995262146
			vertex 9.300000190734863 -1.5516951084136963 2.0253549814224243
			vertex 9.300000190734863 -13.204609870910645 6.599583148956299
		endloop
	endfacet
	facet normal 1 0 0
		outer loop
			vertex 9.300000190734863 -11.441749572753906 6.369925022125244
			vertex 9.300000190734863 -12.314629554748535 6.550405979156494
			vertex 9.300000190734863 -13.204609870910645 6.599583148956299
		endloop
	endfacet
	facet normal 1 0 0
		outer loop
			vertex 9.300000190734863 -1.5516951084136963 2.0253549814224243
			vertex 9.300000190734863 -10.477849960327148 6.016726016998291
			vertex 9.300000190734863 -13.204609870910645 6.599583148956299
		endloop
	endfacet
	facet normal 1 0 0
		outer loop
			vertex 9.300000190734863 -10.477849960327148 6.016726016998291
			vertex 9.300000190734863 -10.605239868164062 6.0621209144592285
			vertex 9.300000190734863 -13.204609870910645 6.599583148956299
		endloop
	endfacet
	facet normal 1 0 0
		outer loop
			vertex 9.300000190734863 -10.605239868164062 6.0621209144592285
			vertex 9.300000190734863 -11.441749572753906 6.369925022125244
			vertex 9.300000190734863 -13.204609870910645 6.599583148956299
		endloop
	endfacet
	facet normal 1 0 0
		outer loop
			vertex 9.300000190734863 -11.05171012878418 -11.688830375671387
			vertex 9.300000190734863 -11.570879936218262 -10.16819953918457
			vertex 9.300000190734863 -11.688830375671387 -11.05171012878418
		endloop
	endfacet
	facet normal 1 0 0
		outer loop
			vertex 9.300000190734863 -10.16819953918457 13.570879936218262
			vertex 9.300000190734863 -11.05171012878418 13.688830375671387
			vertex 9.300000190734863 -11.688830375671387 13.05171012878418
		endloop
	endfacet
	facet normal 1 0 0
		outer loop
			vertex 9.300000190734863 -11.570879936218262 12.16819953918457
			vertex 9.300000190734863 -10.16819953918457 13.570879936218262
			vertex 9.300000190734863 -11.688830375671387 13.05171012878418
		endloop
	endfacet
	facet normal 1 0 0
		outer loop
			vertex 9.300000190734863 -11.05171012878418 -11.688830375671387
			vertex 9.300000190734863 -11.323349952697754 -9.311920166015625
			vertex 9.300000190734863 -11.570879936218262 -10.16819953918457
		endloop
	endfacet
	facet normal 1 0 0
		outer loop
			vertex 9.300000190734863 -9.871370315551758 9.089909553527832
			vertex 9.300000190734863 -9.18655014038086 8.519373893737793
			vertex 9.300000190734863 -11.570879936218262 12.16819953918457
		endloop
	endfacet
	facet normal 1 0 0
		outer loop
			vertex 9.300000190734863 -9.311920166015625 13.323349952697754
			vertex 9.300000190734863 -10.16819953918457 13.570879936218262
			vertex 9.300000190734863 -11.570879936218262 12.16819953918457
		endloop
	endfacet
	facet normal 1 0 0
		outer loop
			vertex 9.300000190734863 -8.501763343811035 12.951689720153809
			vertex 9.300000190734863 -9.311920166015625 13.323349952697754
			vertex 9.300000190734863 -11.570879936218262 12.16819953918457
		endloop
	endfacet
	facet normal 1 0 0
		outer loop
			vertex 9.300000190734863 -11.323349952697754 11.311920166015625
			vertex 9.300000190734863 -9.871370315551758 9.089909553527832
			vertex 9.300000190734863 -11.570879936218262 12.16819953918457
		endloop
	endfacet
	facet normal 1 0 0
		outer loop
			vertex 9.300000190734863 -9.18655014038086 8.519373893737793
			vertex 9.300000190734863 -9.083539962768555 8.431746006011963
			vertex 9.300000190734863 -11.570879936218262 12.16819953918457
		endloop
	endfacet
	facet normal 1 0 0
		outer loop
			vertex 9.300000190734863 -9.083539962768555 8.431746006011963
			vertex 9.300000190734863 -1.0643489360809326 2.816856026649475
			vertex 9.300000190734863 -11.570879936218262 12.16819953918457
		endloop
	endfacet
	facet normal 1 0 0
		outer loop
			vertex 9.300000190734863 -1.0643489360809326 2.816856026649475
			vertex 9.300000190734863 -8.501763343811035 12.951689720153809
			vertex 9.300000190734863 -11.570879936218262 12.16819953918457
		endloop
	endfacet
	facet normal 1 0 0
		outer loop
			vertex 9.300000190734863 -1.7277259826660156 0.6507009863853455
			vertex 9.300000190734863 -11.321459770202637 -0.34786999225616455
			vertex 9.300000190734863 -11.448470115661621 -0.3943120241165161
		endloop
	endfacet
	facet normal 1 0 0
		outer loop
			vertex 9.300000190734863 -11.321459770202637 2.3478699922561646
			vertex 9.300000190734863 -1.688277006149292 1.579367995262146
			vertex 9.300000190734863 -11.448470115661621 2.394312024116516
		endloop
	endfacet
	facet normal 1 0 0
		outer loop
			vertex 9.300000190734863 -11.05171012878418 -11.688830375671387
			vertex 9.300000190734863 -10.951689720153809 -8.501763343811035
			vertex 9.300000190734863 -11.323349952697754 -9.311920166015625
		endloop
	endfacet
	facet normal 1 0 0
		outer loop
			vertex 9.300000190734863 -10.951689720153809 10.501763343811035
			vertex 9.300000190734863 -9.871370315551758 9.089909553527832
			vertex 9.300000190734863 -11.323349952697754 11.311920166015625
		endloop
	endfacet
	facet normal 1 0 0
		outer loop
			vertex 9.300000190734863 -1.7277259826660156 0.6507009863853455
			vertex 9.300000190734863 -11.204079627990723 -0.2806969881057739
			vertex 9.300000190734863 -11.321459770202637 -0.34786999225616455
		endloop
	endfacet
	facet normal 1 0 0
		outer loop
			vertex 9.300000190734863 -11.204079627990723 2.280696988105774
			vertex 9.300000190734863 -1.688277006149292 1.579367995262146
			vertex 9.300000190734863 -11.321459770202637 2.3478699922561646
		endloop
	endfacet
	facet normal 1 0 0
		outer loop
			vertex 9.300000190734863 -1.7277259826660156 0.6507009863853455
			vertex 9.300000190734863 -11.099690437316895 -0.19471096992492676
			vertex 9.300000190734863 -11.204079627990723 -0.2806969881057739
		endloop
	endfacet
	facet normal 1 0 0
		outer loop
			vertex 9.300000190734863 -11.099690437316895 2.1947109699249268
			vertex 9.300000190734863 -1.688277006149292 1.579367995262146
			vertex 9.300000190734863 -11.204079627990723 2.280696988105774
		endloop
	endfacet
	facet normal 1 0 0
		outer loop
			vertex 9.300000190734863 -1.7277259826660156 0.6507009863853455
			vertex 9.300000190734863 -11.011280059814453 -0.09237194061279297
			vertex 9.300000190734863 -11.099690437316895 -0.19471096992492676
		endloop
	endfacet
	facet normal 1 0 0
		outer loop
			vertex 9.300000190734863 -11.011280059814453 2.092371940612793
			vertex 9.300000190734863 -1.688277006149292 1.579367995262146
			vertex 9.300000190734863 -11.099690437316895 2.1947109699249268
		endloop
	endfacet
	facet normal 1 0 0
		outer loop
			vertex 9.300000190734863 -0.90283203125 -0.9853789806365967
			vertex 9.300000190734863 -1.2109920978546143 -0.6352410316467285
			vertex 9.300000190734863 -11.05171012878418 -11.688830375671387
		endloop
	endfacet
	facet normal 1 0 0
		outer loop
			vertex 9.300000190734863 -6.431746006011963 -9.083539962768555
			vertex 9.300000190734863 -0.90283203125 -0.9853789806365967
			vertex 9.300000190734863 -11.05171012878418 -11.688830375671387
		endloop
	endfacet
	facet normal 1 0 0
		outer loop
			vertex 9.300000190734863 -6.519373893737793 -9.18655014038086
			vertex 9.300000190734863 -6.431746006011963 -9.083539962768555
			vertex 9.300000190734863 -11.05171012878418 -11.688830375671387
		endloop
	endfacet
	facet normal 1 0 0
		outer loop
			vertex 9.300000190734863 -10.464110374450684 -7.755602836608887
			vertex 9.300000190734863 -10.951689720153809 -8.501763343811035
			vertex 9.300000190734863 -11.05171012878418 -11.688830375671387
		endloop
	endfacet
	facet normal 1 0 0
		outer loop
			vertex 9.300000190734863 -9.311920166015625 -11.323349952697754
			vertex 9.300000190734863 -8.501763343811035 -10.951689720153809
			vertex 9.300000190734863 -11.05171012878418 -11.688830375671387
		endloop
	endfacet
	facet normal 1 0 0
		outer loop
			vertex 9.300000190734863 -10.16819953918457 -11.570879936218262
			vertex 9.300000190734863 -9.311920166015625 -11.323349952697754
			vertex 9.300000190734863 -11.05171012878418 -11.688830375671387
		endloop
	endfacet
	facet normal 1 0 0
		outer loop
			vertex 9.300000190734863 -1.2109920978546143 -0.6352410316467285
			vertex 9.300000190734863 -9.18655014038086 -6.519373893737793
			vertex 9.300000190734863 -11.05171012878418 -11.688830375671387
		endloop
	endfacet
	facet normal 1 0 0
		outer loop
			vertex 9.300000190734863 -9.18655014038086 -6.519373893737793
			vertex 9.300000190734863 -9.871370315551758 -7.089909553527832
			vertex 9.300000190734863 -11.05171012878418 -11.688830375671387
		endloop
	endfacet
	facet normal 1 0 0
		outer loop
			vertex 9.300000190734863 -9.871370315551758 -7.089909553527832
			vertex 9.300000190734863 -10.464110374450684 -7.755602836608887
			vertex 9.300000190734863 -11.05171012878418 -11.688830375671387
		endloop
	endfacet
	facet normal 1 0 0
		outer loop
			vertex 9.300000190734863 -8.501763343811035 -10.951689720153809
			vertex 9.300000190734863 -7.755602836608887 -10.464110374450684
			vertex 9.300000190734863 -11.05171012878418 -11.688830375671387
		endloop
	endfacet
	facet normal 1 0 0
		outer loop
			vertex 9.300000190734863 -7.755602836608887 -10.464110374450684
			vertex 9.300000190734863 -7.089909553527832 -9.871370315551758
			vertex 9.300000190734863 -11.05171012878418 -11.688830375671387
		endloop
	endfacet
	facet normal 1 0 0
		outer loop
			vertex 9.300000190734863 -7.089909553527832 -9.871370315551758
			vertex 9.300000190734863 -6.519373893737793 -9.18655014038086
			vertex 9.300000190734863 -11.05171012878418 -11.688830375671387
		endloop
	endfacet
	facet normal 1 0 0
		outer loop
			vertex 9.300000190734863 -1.7277259826660156 0.6507009863853455
			vertex 9.300000190734863 -10.94137954711914 0.023397982120513916
			vertex 9.300000190734863 -11.011280059814453 -0.09237194061279297
		endloop
	endfacet
	facet normal 1 0 0
		outer loop
			vertex 9.300000190734863 -10.94137954711914 1.976602017879486
			vertex 9.300000190734863 -1.688277006149292 1.579367995262146
			vertex 9.300000190734863 -11.011280059814453 2.092371940612793
		endloop
	endfacet
	facet normal 1 0 0
		outer loop
			vertex 9.300000190734863 -10.464110374450684 9.755602836608887
			vertex 9.300000190734863 -9.871370315551758 9.089909553527832
			vertex 9.300000190734863 -10.951689720153809 10.501763343811035
		endloop
	endfacet
	facet normal 1 0 0
		outer loop
			vertex 9.300000190734863 -1.7277259826660156 0.6507009863853455
			vertex 9.300000190734863 -10.891969680786133 0.14928901195526123
			vertex 9.300000190734863 -10.94137954711914 0.023397982120513916
		endloop
	endfacet
	facet normal 1 0 0
		outer loop
			vertex 9.300000190734863 -10.891969680786133 1.8507109880447388
			vertex 9.300000190734863 -1.688277006149292 1.579367995262146
			vertex 9.300000190734863 -10.94137954711914 1.976602017879486
		endloop
	endfacet
	facet normal 1 0 0
		outer loop
			vertex 9.300000190734863 -1.7277259826660156 0.6507009863853455
			vertex 9.300000190734863 -10.864469528198242 0.2817037105560303
			vertex 9.300000190734863 -10.891969680786133 0.14928901195526123
		endloop
	endfacet
	facet normal 1 0 0
		outer loop
			vertex 9.300000190734863 -10.864469528198242 1.7182962894439697
			vertex 9.300000190734863 -1.688277006149292 1.579367995262146
			vertex 9.300000190734863 -10.891969680786133 1.8507109880447388
		endloop
	endfacet
	facet normal 1 0 0
		outer loop
			vertex 9.300000190734863 -1.7277259826660156 0.6507009863853455
			vertex 9.300000190734863 -10.85966968536377 0.4168580174446106
			vertex 9.300000190734863 -10.864469528198242 0.2817037105560303
		endloop
	endfacet
	facet normal 1 0 0
		outer loop
			vertex 9.300000190734863 -1.7475221157073975 1.1167133003473282
			vertex 9.300000190734863 -1.688277006149292 1.579367995262146
			vertex 9.300000190734863 -10.864469528198242 1.7182962894439697
		endloop
	endfacet
	facet normal 1 0 0
		outer loop
			vertex 9.300000190734863 -10.85966968536377 1.5831419825553894
			vertex 9.300000190734863 -1.7475221157073975 1.1167133003473282
			vertex 9.300000190734863 -10.864469528198242 1.7182962894439697
		endloop
	endfacet
	facet normal 1 0 0
		outer loop
			vertex 9.300000190734863 -1.7277259826660156 0.6507009863853455
			vertex 9.300000190734863 -10.85966968536377 1.5831419825553894
			vertex 9.300000190734863 -10.85966968536377 0.4168580174446106
		endloop
	endfacet
	facet normal 1 0 0
		outer loop
			vertex 9.300000190734863 -1.7277259826660156 0.6507009863853455
			vertex 9.300000190734863 -1.7475221157073975 1.1167133003473282
			vertex 9.300000190734863 -10.85966968536377 1.5831419825553894
		endloop
	endfacet
	facet normal 1 0 0
		outer loop
			vertex 9.300000190734863 -10.344630241394043 -3.993439197540283
			vertex 9.300000190734863 -1.629457950592041 0.19473737478256226
			vertex 9.300000190734863 -10.477849960327148 -4.016726016998291
		endloop
	endfacet
	facet normal 1 0 0
		outer loop
			vertex 9.300000190734863 -1.5516951084136963 2.0253549814224243
			vertex 9.300000190734863 -10.344630241394043 5.993439197540283
			vertex 9.300000190734863 -10.477849960327148 6.016726016998291
		endloop
	endfacet
	facet normal 1 0 0
		outer loop
			vertex 9.300000190734863 -10.209389686584473 -3.992924213409424
			vertex 9.300000190734863 -1.629457950592041 0.19473737478256226
			vertex 9.300000190734863 -10.344630241394043 -3.993439197540283
		endloop
	endfacet
	facet normal 1 0 0
		outer loop
			vertex 9.300000190734863 -1.5516951084136963 2.0253549814224243
			vertex 9.300000190734863 -10.209389686584473 5.992924213409424
			vertex 9.300000190734863 -10.344630241394043 5.993439197540283
		endloop
	endfacet
	facet normal 1 0 0
		outer loop
			vertex 9.300000190734863 -10.076000213623047 -4.015196800231934
			vertex 9.300000190734863 -1.629457950592041 0.19473737478256226
			vertex 9.300000190734863 -10.209389686584473 -3.992924213409424
		endloop
	endfacet
	facet normal 1 0 0
		outer loop
			vertex 9.300000190734863 -1.5516951084136963 2.0253549814224243
			vertex 9.300000190734863 -10.076000213623047 6.015196800231934
			vertex 9.300000190734863 -10.209389686584473 5.992924213409424
		endloop
	endfacet
	facet normal 1 0 0
		outer loop
			vertex 9.300000190734863 -9.948260307312012 -4.0596208572387695
			vertex 9.300000190734863 -1.629457950592041 0.19473737478256226
			vertex 9.300000190734863 -10.076000213623047 -4.015196800231934
		endloop
	endfacet
	facet normal 1 0 0
		outer loop
			vertex 9.300000190734863 -1.5516951084136963 2.0253549814224243
			vertex 9.300000190734863 -9.948260307312012 6.0596208572387695
			vertex 9.300000190734863 -10.076000213623047 6.015196800231934
		endloop
	endfacet
	facet normal 1 0 0
		outer loop
			vertex 9.300000190734863 -9.829839706420898 -4.1249260902404785
			vertex 9.300000190734863 -1.629457950592041 0.19473737478256226
			vertex 9.300000190734863 -9.948260307312012 -4.0596208572387695
		endloop
	endfacet
	facet normal 1 0 0
		outer loop
			vertex 9.300000190734863 -1.5516951084136963 2.0253549814224243
			vertex 9.300000190734863 -9.829839706420898 6.1249260902404785
			vertex 9.300000190734863 -9.948260307312012 6.0596208572387695
		endloop
	endfacet
	facet normal 1 0 0
		outer loop
			vertex 9.300000190734863 -9.724100112915039 -4.20924711227417
			vertex 9.300000190734863 -1.629457950592041 0.19473737478256226
			vertex 9.300000190734863 -9.829839706420898 -4.1249260902404785
		endloop
	endfacet
	facet normal 1 0 0
		outer loop
			vertex 9.300000190734863 -1.5516951084136963 2.0253549814224243
			vertex 9.300000190734863 -9.724100112915039 6.20924711227417
			vertex 9.300000190734863 -9.829839706420898 6.1249260902404785
		endloop
	endfacet
	facet normal 1 0 0
		outer loop
			vertex 9.300000190734863 -1.4555459022521973 -0.23805999755859375
			vertex 9.300000190734863 -1.629457950592041 0.19473737478256226
			vertex 9.300000190734863 -9.724100112915039 -4.20924711227417
		endloop
	endfacet
	facet normal 1 0 0
		outer loop
			vertex 9.300000190734863 -9.634079933166504 -4.310173034667969
			vertex 9.300000190734863 -1.4555459022521973 -0.23805999755859375
			vertex 9.300000190734863 -9.724100112915039 -4.20924711227417
		endloop
	endfacet
	facet normal 1 0 0
		outer loop
			vertex 9.300000190734863 -1.5516951084136963 2.0253549814224243
			vertex 9.300000190734863 -9.634079933166504 6.310173034667969
			vertex 9.300000190734863 -9.724100112915039 6.20924711227417
		endloop
	endfacet
	facet normal 1 0 0
		outer loop
			vertex 9.300000190734863 -9.562350273132324 -4.4248199462890625
			vertex 9.300000190734863 -1.4555459022521973 -0.23805999755859375
			vertex 9.300000190734863 -9.634079933166504 -4.310173034667969
		endloop
	endfacet
	facet normal 1 0 0
		outer loop
			vertex 9.300000190734863 -1.5516951084136963 2.0253549814224243
			vertex 9.300000190734863 -9.562350273132324 6.4248199462890625
			vertex 9.300000190734863 -9.634079933166504 6.310173034667969
		endloop
	endfacet
	facet normal 1 0 0
		outer loop
			vertex 9.300000190734863 -1.2109920978546143 -0.6352410316467285
			vertex 9.300000190734863 -1.4555459022521973 -0.23805999755859375
			vertex 9.300000190734863 -9.562350273132324 -4.4248199462890625
		endloop
	endfacet
	facet normal 1 0 0
		outer loop
			vertex 9.300000190734863 -8.979206085205078 -5.434852123260498
			vertex 9.300000190734863 -1.2109920978546143 -0.6352410316467285
			vertex 9.300000190734863 -9.562350273132324 -4.4248199462890625
		endloop
	endfacet
	facet normal 1 0 0
		outer loop
			vertex 9.300000190734863 -1.5516951084136963 2.0253549814224243
			vertex 9.300000190734863 -8.979206085205078 7.434852123260498
			vertex 9.300000190734863 -9.562350273132324 6.4248199462890625
		endloop
	endfacet
	facet normal 1 0 0
		outer loop
			vertex 9.300000190734863 -1.2109920978546143 -0.6352410316467285
			vertex 9.300000190734863 -9.083539962768555 -6.431746006011963
			vertex 9.300000190734863 -9.18655014038086 -6.519373893737793
		endloop
	endfacet
	facet normal 1 0 0
		outer loop
			vertex 9.300000190734863 -1.2109920978546143 -0.6352410316467285
			vertex 9.300000190734863 -8.996759414672852 -6.3280181884765625
			vertex 9.300000190734863 -9.083539962768555 -6.431746006011963
		endloop
	endfacet
	facet normal 1 0 0
		outer loop
			vertex 9.300000190734863 -8.996759414672852 8.328018188476562
			vertex 9.300000190734863 -1.0643489360809326 2.816856026649475
			vertex 9.300000190734863 -9.083539962768555 8.431746006011963
		endloop
	endfacet
	facet normal 1 0 0
		outer loop
			vertex 9.300000190734863 -1.2109920978546143 -0.6352410316467285
			vertex 9.300000190734863 -8.928694725036621 -6.211154937744141
			vertex 9.300000190734863 -8.996759414672852 -6.3280181884765625
		endloop
	endfacet
	facet normal 1 0 0
		outer loop
			vertex 9.300000190734863 -8.928694725036621 8.21115493774414
			vertex 9.300000190734863 -1.0643489360809326 2.816856026649475
			vertex 9.300000190734863 -8.996759414672852 8.328018188476562
		endloop
	endfacet
	facet normal 1 0 0
		outer loop
			vertex 9.300000190734863 -8.915785789489746 -5.554297924041748
			vertex 9.300000190734863 -1.2109920978546143 -0.6352410316467285
			vertex 9.300000190734863 -8.979206085205078 -5.434852123260498
		endloop
	endfacet
	facet normal 1 0 0
		outer loop
			vertex 9.300000190734863 -1.341705083847046 2.4418450593948364
			vertex 9.300000190734863 -8.915785789489746 7.554297924041748
			vertex 9.300000190734863 -8.979206085205078 7.434852123260498
		endloop
	endfacet
	facet normal 1 0 0
		outer loop
			vertex 9.300000190734863 -1.5516951084136963 2.0253549814224243
			vertex 9.300000190734863 -1.341705083847046 2.4418450593948364
			vertex 9.300000190734863 -8.979206085205078 7.434852123260498
		endloop
	endfacet
	facet normal 1 0 0
		outer loop
			vertex 9.300000190734863 -1.2109920978546143 -0.6352410316467285
			vertex 9.300000190734863 -8.88128662109375 -6.084496974945068
			vertex 9.300000190734863 -8.928694725036621 -6.211154937744141
		endloop
	endfacet
	facet normal 1 0 0
		outer loop
			vertex 9.300000190734863 -8.88128662109375 8.084496974945068
			vertex 9.300000190734863 -1.0643489360809326 2.816856026649475
			vertex 9.300000190734863 -8.928694725036621 8.21115493774414
		endloop
	endfacet
	facet normal 1 0 0
		outer loop
			vertex 9.300000190734863 -8.873391151428223 -5.682722091674805
			vertex 9.300000190734863 -1.2109920978546143 -0.6352410316467285
			vertex 9.300000190734863 -8.915785789489746 -5.554297924041748
		endloop
	endfacet
	facet normal 1 0 0
		outer loop
			vertex 9.300000190734863 -1.0643489360809326 2.816856026649475
			vertex 9.300000190734863 -8.873391151428223 7.682722091674805
			vertex 9.300000190734863 -8.915785789489746 7.554297924041748
		endloop
	endfacet
	facet normal 1 0 0
		outer loop
			vertex 9.300000190734863 -1.341705083847046 2.4418450593948364
			vertex 9.300000190734863 -1.0643489360809326 2.816856026649475
			vertex 9.300000190734863 -8.915785789489746 7.554297924041748
		endloop
	endfacet
	facet normal 1 0 0
		outer loop
			vertex 9.300000190734863 -1.2109920978546143 -0.6352410316467285
			vertex 9.300000190734863 -8.855891227722168 -5.951663017272949
			vertex 9.300000190734863 -8.88128662109375 -6.084496974945068
		endloop
	endfacet
	facet normal 1 0 0
		outer loop
			vertex 9.300000190734863 -8.855891227722168 7.951663017272949
			vertex 9.300000190734863 -1.0643489360809326 2.816856026649475
			vertex 9.300000190734863 -8.88128662109375 8.084496974945068
		endloop
	endfacet
	facet normal 1 0 0
		outer loop
			vertex 9.300000190734863 -8.85323429107666 -5.816451072692871
			vertex 9.300000190734863 -1.2109920978546143 -0.6352410316467285
			vertex 9.300000190734863 -8.873391151428223 -5.682722091674805
		endloop
	endfacet
	facet normal 1 0 0
		outer loop
			vertex 9.300000190734863 -1.0643489360809326 2.816856026649475
			vertex 9.300000190734863 -8.85323429107666 7.816451072692871
			vertex 9.300000190734863 -8.873391151428223 7.682722091674805
		endloop
	endfacet
	facet normal 1 0 0
		outer loop
			vertex 9.300000190734863 -1.2109920978546143 -0.6352410316467285
			vertex 9.300000190734863 -8.85323429107666 -5.816451072692871
			vertex 9.300000190734863 -8.855891227722168 -5.951663017272949
		endloop
	endfacet
	facet normal 1 0 0
		outer loop
			vertex 9.300000190734863 -8.85323429107666 7.816451072692871
			vertex 9.300000190734863 -1.0643489360809326 2.816856026649475
			vertex 9.300000190734863 -8.855891227722168 7.951663017272949
		endloop
	endfacet
	facet normal 1 0 0
		outer loop
			vertex 9.300000190734863 -6.431746006011963 11.083539962768555
			vertex 9.300000190734863 -7.755602836608887 12.464110374450684
			vertex 9.300000190734863 -8.501763343811035 12.951689720153809
		endloop
	endfacet
	facet normal 1 0 0
		outer loop
			vertex 9.300000190734863 -1.0643489360809326 2.816856026649475
			vertex 9.300000190734863 -0.7276049852371216 3.1395978927612305
			vertex 9.300000190734863 -8.501763343811035 12.951689720153809
		endloop
	endfacet
	facet normal 1 0 0
		outer loop
			vertex 9.300000190734863 -0.7276049852371216 3.1395978927612305
			vertex 9.300000190734863 -6.431746006011963 11.083539962768555
			vertex 9.300000190734863 -8.501763343811035 12.951689720153809
		endloop
	endfacet
	facet normal 1 0 0
		outer loop
			vertex 9.300000190734863 -6.431746006011963 11.083539962768555
			vertex 9.300000190734863 -6.519373893737793 11.18655014038086
			vertex 9.300000190734863 -7.755602836608887 12.464110374450684
		endloop
	endfacet
	facet normal 1 0 0
		outer loop
			vertex 9.300000190734863 -6.519373893737793 11.18655014038086
			vertex 9.300000190734863 -7.089909553527832 11.871370315551758
			vertex 9.300000190734863 -7.755602836608887 12.464110374450684
		endloop
	endfacet
	facet normal 1 0 0
		outer loop
			vertex 9.300000190734863 -6.3280181884765625 -8.996759414672852
			vertex 9.300000190734863 -0.90283203125 -0.9853789806365967
			vertex 9.300000190734863 -6.431746006011963 -9.083539962768555
		endloop
	endfacet
	facet normal 1 0 0
		outer loop
			vertex 9.300000190734863 -0.7276049852371216 3.1395978927612305
			vertex 9.300000190734863 -6.3280181884765625 10.996759414672852
			vertex 9.300000190734863 -6.431746006011963 11.083539962768555
		endloop
	endfacet
	facet normal 1 0 0
		outer loop
			vertex 9.300000190734863 -6.211154937744141 -8.928694725036621
			vertex 9.300000190734863 -0.90283203125 -0.9853789806365967
			vertex 9.300000190734863 -6.3280181884765625 -8.996759414672852
		endloop
	endfacet
	facet normal 1 0 0
		outer loop
			vertex 9.300000190734863 -0.7276049852371216 3.1395978927612305
			vertex 9.300000190734863 -6.211154937744141 10.928694725036621
			vertex 9.300000190734863 -6.3280181884765625 10.996759414672852
		endloop
	endfacet
	facet normal 1 0 0
		outer loop
			vertex 9.300000190734863 -6.084496974945068 -8.88128662109375
			vertex 9.300000190734863 -0.90283203125 -0.9853789806365967
			vertex 9.300000190734863 -6.211154937744141 -8.928694725036621
		endloop
	endfacet
	facet normal 1 0 0
		outer loop
			vertex 9.300000190734863 -0.7276049852371216 3.1395978927612305
			vertex 9.300000190734863 -6.084496974945068 10.88128662109375
			vertex 9.300000190734863 -6.211154937744141 10.928694725036621
		endloop
	endfacet
	facet normal 1 0 0
		outer loop
			vertex 9.300000190734863 -5.951663017272949 -8.855891227722168
			vertex 9.300000190734863 -0.90283203125 -0.9853789806365967
			vertex 9.300000190734863 -6.084496974945068 -8.88128662109375
		endloop
	endfacet
	facet normal 1 0 0
		outer loop
			vertex 9.300000190734863 -0.7276049852371216 3.1395978927612305
			vertex 9.300000190734863 -5.951663017272949 10.855891227722168
			vertex 9.300000190734863 -6.084496974945068 10.88128662109375
		endloop
	endfacet
	facet normal 1 0 0
		outer loop
			vertex 9.300000190734863 -5.816451072692871 -8.85323429107666
			vertex 9.300000190734863 -0.90283203125 -0.9853789806365967
			vertex 9.300000190734863 -5.951663017272949 -8.855891227722168
		endloop
	endfacet
	facet normal 1 0 0
		outer loop
			vertex 9.300000190734863 -0.7276049852371216 3.1395978927612305
			vertex 9.300000190734863 -5.816451072692871 10.85323429107666
			vertex 9.300000190734863 -5.951663017272949 10.855891227722168
		endloop
	endfacet
	facet normal 1 0 0
		outer loop
			vertex 9.300000190734863 -5.682722091674805 -8.873391151428223
			vertex 9.300000190734863 -0.539931058883667 -1.2784020900726318
			vertex 9.300000190734863 -5.816451072692871 -8.85323429107666
		endloop
	endfacet
	facet normal 1 0 0
		outer loop
			vertex 9.300000190734863 -0.539931058883667 -1.2784020900726318
			vertex 9.300000190734863 -0.90283203125 -0.9853789806365967
			vertex 9.300000190734863 -5.816451072692871 -8.85323429107666
		endloop
	endfacet
	facet normal 1 0 0
		outer loop
			vertex 9.300000190734863 -0.7276049852371216 3.1395978927612305
			vertex 9.300000190734863 -5.682722091674805 10.873391151428223
			vertex 9.300000190734863 -5.816451072692871 10.85323429107666
		endloop
	endfacet
	facet normal 1 0 0
		outer loop
			vertex 9.300000190734863 -5.554297924041748 -8.915785789489746
			vertex 9.300000190734863 -0.539931058883667 -1.2784020900726318
			vertex 9.300000190734863 -5.682722091674805 -8.873391151428223
		endloop
	endfacet
	facet normal 1 0 0
		outer loop
			vertex 9.300000190734863 -0.7276049852371216 3.1395978927612305
			vertex 9.300000190734863 -5.554297924041748 10.915785789489746
			vertex 9.300000190734863 -5.682722091674805 10.873391151428223
		endloop
	endfacet
	facet normal 1 0 0
		outer loop
			vertex 9.300000190734863 -5.434852123260498 -8.979206085205078
			vertex 9.300000190734863 -0.539931058883667 -1.2784020900726318
			vertex 9.300000190734863 -5.554297924041748 -8.915785789489746
		endloop
	endfacet
	facet normal 1 0 0
		outer loop
			vertex 9.300000190734863 -0.7276049852371216 3.1395978927612305
			vertex 9.300000190734863 -5.434852123260498 10.979206085205078
			vertex 9.300000190734863 -5.554297924041748 10.915785789489746
		endloop
	endfacet
	facet normal 1 0 0
		outer loop
			vertex 9.300000190734863 -0.1327279806137085 -1.50587797164917
			vertex 9.300000190734863 -0.539931058883667 -1.2784020900726318
			vertex 9.300000190734863 -5.434852123260498 -8.979206085205078
		endloop
	endfacet
	facet normal 1 0 0
		outer loop
			vertex 9.300000190734863 -4.4248199462890625 -9.562350273132324
			vertex 9.300000190734863 -0.1327279806137085 -1.50587797164917
			vertex 9.300000190734863 -5.434852123260498 -8.979206085205078
		endloop
	endfacet
	facet normal 1 0 0
		outer loop
			vertex 9.300000190734863 -0.7276049852371216 3.1395978927612305
			vertex 9.300000190734863 -4.4248199462890625 11.562350273132324
			vertex 9.300000190734863 -5.434852123260498 10.979206085205078
		endloop
	endfacet
	facet normal 1 0 0
		outer loop
			vertex 9.300000190734863 -3.0926690101623535 -16.014699935913086
			vertex 9.300000190734863 -4.550405979156494 -12.314629554748535
			vertex 9.300000190734863 -4.599583148956299 -13.204609870910645
		endloop
	endfacet
	facet normal 1 0 0
		outer loop
			vertex 9.300000190734863 -4.5163679122924805 -14.092060089111328
			vertex 9.300000190734863 -3.0926690101623535 -16.014699935913086
			vertex 9.300000190734863 -4.599583148956299 -13.204609870910645
		endloop
	endfacet
	facet normal 1 0 0
		outer loop
			vertex 9.300000190734863 -4.550405979156494 14.314629554748535
			vertex 9.300000190734863 -4.369925022125244 13.441749572753906
			vertex 9.300000190734863 -4.599583148956299 15.204609870910645
		endloop
	endfacet
	facet normal 1 0 0
		outer loop
			vertex 9.300000190734863 -4.369925022125244 13.441749572753906
			vertex 9.300000190734863 -4.5163679122924805 16.092060089111328
			vertex 9.300000190734863 -4.599583148956299 15.204609870910645
		endloop
	endfacet
	facet normal 1 0 0
		outer loop
			vertex 9.300000190734863 -3.0926690101623535 -16.014699935913086
			vertex 9.300000190734863 -4.369925022125244 -11.441749572753906
			vertex 9.300000190734863 -4.550405979156494 -12.314629554748535
		endloop
	endfacet
	facet normal 1 0 0
		outer loop
			vertex 9.300000190734863 -4.30259895324707 -14.957389831542969
			vertex 9.300000190734863 -3.0926690101623535 -16.014699935913086
			vertex 9.300000190734863 -4.5163679122924805 -14.092060089111328
		endloop
	endfacet
	facet normal 1 0 0
		outer loop
			vertex 9.300000190734863 0.08386552333831787 3.5929129123687744
			vertex 9.300000190734863 0.5352477133274078 3.7104439735412598
			vertex 9.300000190734863 -4.5163679122924805 16.092060089111328
		endloop
	endfacet
	facet normal 1 0 0
		outer loop
			vertex 9.300000190734863 0.5352477133274078 3.7104439735412598
			vertex 9.300000190734863 -1.7687149047851562 16.82828998565674
			vertex 9.300000190734863 -4.5163679122924805 16.092060089111328
		endloop
	endfacet
	facet normal 1 0 0
		outer loop
			vertex 9.300000190734863 -1.7687149047851562 16.82828998565674
			vertex 9.300000190734863 -4.30259895324707 16.95738983154297
			vertex 9.300000190734863 -4.5163679122924805 16.092060089111328
		endloop
	endfacet
	facet normal 1 0 0
		outer loop
			vertex 9.300000190734863 -4.369925022125244 13.441749572753906
			vertex 9.300000190734863 -4.0621209144592285 12.605239868164062
			vertex 9.300000190734863 -4.5163679122924805 16.092060089111328
		endloop
	endfacet
	facet normal 1 0 0
		outer loop
			vertex 9.300000190734863 -4.0621209144592285 12.605239868164062
			vertex 9.300000190734863 -4.016726016998291 12.477849960327148
			vertex 9.300000190734863 -4.5163679122924805 16.092060089111328
		endloop
	endfacet
	facet normal 1 0 0
		outer loop
			vertex 9.300000190734863 -4.016726016998291 12.477849960327148
			vertex 9.300000190734863 0.08386552333831787 3.5929129123687744
			vertex 9.300000190734863 -4.5163679122924805 16.092060089111328
		endloop
	endfacet
	facet normal 1 0 0
		outer loop
			vertex 9.300000190734863 -4.310173034667969 -9.634079933166504
			vertex 9.300000190734863 -0.1327279806137085 -1.50587797164917
			vertex 9.300000190734863 -4.4248199462890625 -9.562350273132324
		endloop
	endfacet
	facet normal 1 0 0
		outer loop
			vertex 9.300000190734863 -0.34116101264953613 3.4007890224456787
			vertex 9.300000190734863 -4.310173034667969 11.634079933166504
			vertex 9.300000190734863 -4.4248199462890625 11.562350273132324
		endloop
	endfacet
	facet normal 1 0 0
		outer loop
			vertex 9.300000190734863 -0.7276049852371216 3.1395978927612305
			vertex 9.300000190734863 -0.34116101264953613 3.4007890224456787
			vertex 9.300000190734863 -4.4248199462890625 11.562350273132324
		endloop
	endfacet
	facet normal 1 0 0
		outer loop
			vertex 9.300000190734863 -3.0926690101623535 -16.014699935913086
			vertex 9.300000190734863 -4.0621209144592285 -10.605239868164062
			vertex 9.300000190734863 -4.369925022125244 -11.441749572753906
		endloop
	endfacet
	facet normal 1 0 0
		outer loop
			vertex 9.300000190734863 -4.20924711227417 -9.724100112915039
			vertex 9.300000190734863 -0.1327279806137085 -1.50587797164917
			vertex 9.300000190734863 -4.310173034667969 -9.634079933166504
		endloop
	endfacet
	facet normal 1 0 0
		outer loop
			vertex 9.300000190734863 0.08386552333831787 3.5929129123687744
			vertex 9.300000190734863 -4.20924711227417 11.724100112915039
			vertex 9.300000190734863 -4.310173034667969 11.634079933166504
		endloop
	endfacet
	facet normal 1 0 0
		outer loop
			vertex 9.300000190734863 -0.34116101264953613 3.4007890224456787
			vertex 9.300000190734863 0.08386552333831787 3.5929129123687744
			vertex 9.300000190734863 -4.310173034667969 11.634079933166504
		endloop
	endfacet
	facet normal 1 0 0
		outer loop
			vertex 9.300000190734863 -3.9629950523376465 -15.781499862670898
			vertex 9.300000190734863 -3.0926690101623535 -16.014699935913086
			vertex 9.300000190734863 -4.30259895324707 -14.957389831542969
		endloop
	endfacet
	facet normal 1 0 0
		outer loop
			vertex 9.300000190734863 -1.7687149047851562 16.82828998565674
			vertex 9.300000190734863 -2.386507987976074 17.470800399780273
			vertex 9.300000190734863 -4.30259895324707 16.95738983154297
		endloop
	endfacet
	facet normal 1 0 0
		outer loop
			vertex 9.300000190734863 -2.386507987976074 17.470800399780273
			vertex 9.300000190734863 -3.9629950523376465 17.7814998626709
			vertex 9.300000190734863 -4.30259895324707 16.95738983154297
		endloop
	endfacet
	facet normal 1 0 0
		outer loop
			vertex 9.300000190734863 -4.1249260902404785 -9.829839706420898
			vertex 9.300000190734863 -0.1327279806137085 -1.50587797164917
			vertex 9.300000190734863 -4.20924711227417 -9.724100112915039
		endloop
	endfacet
	facet normal 1 0 0
		outer loop
			vertex 9.300000190734863 0.08386552333831787 3.5929129123687744
			vertex 9.300000190734863 -4.1249260902404785 11.829839706420898
			vertex 9.300000190734863 -4.20924711227417 11.724100112915039
		endloop
	endfacet
	facet normal 1 0 0
		outer loop
			vertex 9.300000190734863 -4.0596208572387695 -9.948260307312012
			vertex 9.300000190734863 -0.1327279806137085 -1.50587797164917
			vertex 9.300000190734863 -4.1249260902404785 -9.829839706420898
		endloop
	endfacet
	facet normal 1 0 0
		outer loop
			vertex 9.300000190734863 0.08386552333831787 3.5929129123687744
			vertex 9.300000190734863 -4.0596208572387695 11.948260307312012
			vertex 9.300000190734863 -4.1249260902404785 11.829839706420898
		endloop
	endfacet
	facet normal 1 0 0
		outer loop
			vertex 9.300000190734863 -3.0926690101623535 -16.014699935913086
			vertex 9.300000190734863 -4.016726016998291 -10.477849960327148
			vertex 9.300000190734863 -4.0621209144592285 -10.605239868164062
		endloop
	endfacet
	facet normal 1 0 0
		outer loop
			vertex 9.300000190734863 -4.015196800231934 -10.076000213623047
			vertex 9.300000190734863 -0.1327279806137085 -1.50587797164917
			vertex 9.300000190734863 -4.0596208572387695 -9.948260307312012
		endloop
	endfacet
	facet normal 1 0 0
		outer loop
			vertex 9.300000190734863 0.08386552333831787 3.5929129123687744
			vertex 9.300000190734863 -4.015196800231934 12.076000213623047
			vertex 9.300000190734863 -4.0596208572387695 11.948260307312012
		endloop
	endfacet
	facet normal 1 0 0
		outer loop
			vertex 9.300000190734863 -3.0926690101623535 -16.014699935913086
			vertex 9.300000190734863 -3.993439197540283 -10.344630241394043
			vertex 9.300000190734863 -4.016726016998291 -10.477849960327148
		endloop
	endfacet
	facet normal 1 0 0
		outer loop
			vertex 9.300000190734863 -3.993439197540283 12.344630241394043
			vertex 9.300000190734863 0.08386552333831787 3.5929129123687744
			vertex 9.300000190734863 -4.016726016998291 12.477849960327148
		endloop
	endfacet
	facet normal 1 0 0
		outer loop
			vertex 9.300000190734863 0.3070603013038635 -1.6612660884857178
			vertex 9.300000190734863 -0.1327279806137085 -1.50587797164917
			vertex 9.300000190734863 -4.015196800231934 -10.076000213623047
		endloop
	endfacet
	facet normal 1 0 0
		outer loop
			vertex 9.300000190734863 -3.992924213409424 -10.209389686584473
			vertex 9.300000190734863 0.3070603013038635 -1.6612660884857178
			vertex 9.300000190734863 -4.015196800231934 -10.076000213623047
		endloop
	endfacet
	facet normal 1 0 0
		outer loop
			vertex 9.300000190734863 0.08386552333831787 3.5929129123687744
			vertex 9.300000190734863 -3.992924213409424 12.209389686584473
			vertex 9.300000190734863 -4.015196800231934 12.076000213623047
		endloop
	endfacet
	facet normal 1 0 0
		outer loop
			vertex 9.300000190734863 -3.0926690101623535 -16.014699935913086
			vertex 9.300000190734863 0.3070603013038635 -1.6612660884857178
			vertex 9.300000190734863 -3.993439197540283 -10.344630241394043
		endloop
	endfacet
	facet normal 1 0 0
		outer loop
			vertex 9.300000190734863 0.3070603013038635 -1.6612660884857178
			vertex 9.300000190734863 -3.992924213409424 -10.209389686584473
			vertex 9.300000190734863 -3.993439197540283 -10.344630241394043
		endloop
	endfacet
	facet normal 1 0 0
		outer loop
			vertex 9.300000190734863 -3.992924213409424 12.209389686584473
			vertex 9.300000190734863 0.08386552333831787 3.5929129123687744
			vertex 9.300000190734863 -3.993439197540283 12.344630241394043
		endloop
	endfacet
	facet normal 1 0 0
		outer loop
			vertex 9.300000190734863 -2.386507987976074 17.470800399780273
			vertex 9.300000190734863 -3.0926690101623535 18.014699935913086
			vertex 9.300000190734863 -3.9629950523376465 17.7814998626709
		endloop
	endfacet
	facet normal 1 0 0
		outer loop
			vertex 9.300000190734863 -0.4186960458755493 -11.581489562988281
			vertex 9.300000190734863 -0.3943120241165161 -11.448470115661621
			vertex 9.300000190734863 -3.0926690101623535 -16.014699935913086
		endloop
	endfacet
	facet normal 1 0 0
		outer loop
			vertex 9.300000190734863 -0.3943120241165161 -11.448470115661621
			vertex 9.300000190734863 0.3070603013038635 -1.6612660884857178
			vertex 9.300000190734863 -3.0926690101623535 -16.014699935913086
		endloop
	endfacet
	facet normal 1 0 0
		outer loop
			vertex 9.300000190734863 -0.5703840255737305 -12.459830284118652
			vertex 9.300000190734863 -0.4186960458755493 -11.581489562988281
			vertex 9.300000190734863 -3.0926690101623535 -16.014699935913086
		endloop
	endfacet
	facet normal 1 0 0
		outer loop
			vertex 9.300000190734863 -2.386507987976074 -15.470800399780273
			vertex 9.300000190734863 -0.5703840255737305 -12.459830284118652
			vertex 9.300000190734863 -3.0926690101623535 -16.014699935913086
		endloop
	endfacet
	facet normal 1 0 0
		outer loop
			vertex 9.300000190734863 -1.7687149047851562 -14.828289985656738
			vertex 9.300000190734863 -0.5703840255737305 -12.459830284118652
			vertex 9.300000190734863 -2.386507987976074 -15.470800399780273
		endloop
	endfacet
	facet normal 1 0 0
		outer loop
			vertex 9.300000190734863 -1.252924919128418 -14.101349830627441
			vertex 9.300000190734863 -0.5703840255737305 -12.459830284118652
			vertex 9.300000190734863 -1.7687149047851562 -14.828289985656738
		endloop
	endfacet
	facet normal 1 0 0
		outer loop
			vertex 9.300000190734863 0.5352477133274078 3.7104439735412598
			vertex 9.300000190734863 -0.3943120241165161 13.448470115661621
			vertex 9.300000190734863 -1.7687149047851562 16.82828998565674
		endloop
	endfacet
	facet normal 1 0 0
		outer loop
			vertex 9.300000190734863 -0.3943120241165161 13.448470115661621
			vertex 9.300000190734863 -0.4186960458755493 13.581489562988281
			vertex 9.300000190734863 -1.7687149047851562 16.82828998565674
		endloop
	endfacet
	facet normal 1 0 0
		outer loop
			vertex 9.300000190734863 -0.4186960458755493 13.581489562988281
			vertex 9.300000190734863 -1.252924919128418 16.10134983062744
			vertex 9.300000190734863 -1.7687149047851562 16.82828998565674
		endloop
	endfacet
	facet normal 1 0 0
		outer loop
			vertex 9.300000190734863 -0.8505209684371948 -13.306010246276855
			vertex 9.300000190734863 -0.5703840255737305 -12.459830284118652
			vertex 9.300000190734863 -1.252924919128418 -14.101349830627441
		endloop
	endfacet
	facet normal 1 0 0
		outer loop
			vertex 9.300000190734863 -0.4186960458755493 13.581489562988281
			vertex 9.300000190734863 -0.5703840255737305 14.459830284118652
			vertex 9.300000190734863 -1.252924919128418 16.10134983062744
		endloop
	endfacet
	facet normal 1 0 0
		outer loop
			vertex 9.300000190734863 -0.5703840255737305 14.459830284118652
			vertex 9.300000190734863 -0.8505209684371948 15.306010246276855
			vertex 9.300000190734863 -1.252924919128418 16.10134983062744
		endloop
	endfacet
	facet normal 1 0 0
		outer loop
			vertex 9.300000190734863 -0.34786999225616455 -11.321459770202637
			vertex 9.300000190734863 0.3070603013038635 -1.6612660884857178
			vertex 9.300000190734863 -0.3943120241165161 -11.448470115661621
		endloop
	endfacet
	facet normal 1 0 0
		outer loop
			vertex 9.300000190734863 0.5352477133274078 3.7104439735412598
			vertex 9.300000190734863 -0.34786999225616455 13.321459770202637
			vertex 9.300000190734863 -0.3943120241165161 13.448470115661621
		endloop
	endfacet
	facet normal 1 0 0
		outer loop
			vertex 9.300000190734863 -0.2806969881057739 -11.204079627990723
			vertex 9.300000190734863 0.3070603013038635 -1.6612660884857178
			vertex 9.300000190734863 -0.34786999225616455 -11.321459770202637
		endloop
	endfacet
	facet normal 1 0 0
		outer loop
			vertex 9.300000190734863 0.5352477133274078 3.7104439735412598
			vertex 9.300000190734863 -0.2806969881057739 13.204079627990723
			vertex 9.300000190734863 -0.34786999225616455 13.321459770202637
		endloop
	endfacet
	facet normal 1 0 0
		outer loop
			vertex 9.300000190734863 -0.19471096992492676 -11.099690437316895
			vertex 9.300000190734863 0.3070603013038635 -1.6612660884857178
			vertex 9.300000190734863 -0.2806969881057739 -11.204079627990723
		endloop
	endfacet
	facet normal 1 0 0
		outer loop
			vertex 9.300000190734863 0.5352477133274078 3.7104439735412598
			vertex 9.300000190734863 -0.19471096992492676 13.099690437316895
			vertex 9.300000190734863 -0.2806969881057739 13.204079627990723
		endloop
	endfacet
	facet normal 1 0 0
		outer loop
			vertex 9.300000190734863 -0.09237194061279297 -11.011280059814453
			vertex 9.300000190734863 0.3070603013038635 -1.6612660884857178
			vertex 9.300000190734863 -0.19471096992492676 -11.099690437316895
		endloop
	endfacet
	facet normal 1 0 0
		outer loop
			vertex 9.300000190734863 0.5352477133274078 3.7104439735412598
			vertex 9.300000190734863 -0.09237194061279297 13.011280059814453
			vertex 9.300000190734863 -0.19471096992492676 13.099690437316895
		endloop
	endfacet
	facet normal 1 0 0
		outer loop
			vertex 9.300000190734863 0.023397982120513916 -10.94137954711914
			vertex 9.300000190734863 0.3070603013038635 -1.6612660884857178
			vertex 9.300000190734863 -0.09237194061279297 -11.011280059814453
		endloop
	endfacet
	facet normal 1 0 0
		outer loop
			vertex 9.300000190734863 0.5352477133274078 3.7104439735412598
			vertex 9.300000190734863 0.023397982120513916 12.94137954711914
			vertex 9.300000190734863 -0.09237194061279297 13.011280059814453
		endloop
	endfacet
	facet normal 1 0 0
		outer loop
			vertex 9.300000190734863 0.14928901195526123 -10.891969680786133
			vertex 9.300000190734863 0.3070603013038635 -1.6612660884857178
			vertex 9.300000190734863 0.023397982120513916 -10.94137954711914
		endloop
	endfacet
	facet normal 1 0 0
		outer loop
			vertex 9.300000190734863 0.5352477133274078 3.7104439735412598
			vertex 9.300000190734863 0.14928901195526123 12.891969680786133
			vertex 9.300000190734863 0.023397982120513916 12.94137954711914
		endloop
	endfacet
	facet normal 1 0 0
		outer loop
			vertex 9.300000190734863 0.2817037105560303 -10.864469528198242
			vertex 9.300000190734863 0.3070603013038635 -1.6612660884857178
			vertex 9.300000190734863 0.14928901195526123 -10.891969680786133
		endloop
	endfacet
	facet normal 1 0 0
		outer loop
			vertex 9.300000190734863 0.5352477133274078 3.7104439735412598
			vertex 9.300000190734863 0.2817037105560303 12.864469528198242
			vertex 9.300000190734863 0.14928901195526123 12.891969680786133
		endloop
	endfacet
	facet normal 1 0 0
		outer loop
			vertex 9.300000190734863 0.7667836993932724 -1.7400929927825928
			vertex 9.300000190734863 0.3070603013038635 -1.6612660884857178
			vertex 9.300000190734863 0.2817037105560303 -10.864469528198242
		endloop
	endfacet
	facet normal 1 0 0
		outer loop
			vertex 9.300000190734863 1.0000000000000009 -1.75
			vertex 9.300000190734863 0.7667836993932724 -1.7400929927825928
			vertex 9.300000190734863 0.2817037105560303 -10.864469528198242
		endloop
	endfacet
	facet normal 1 0 0
		outer loop
			vertex 9.300000190734863 0.4168580174446106 -10.85966968536377
			vertex 9.300000190734863 1.0000000000000009 -1.75
			vertex 9.300000190734863 0.2817037105560303 -10.864469528198242
		endloop
	endfacet
	facet normal 1 0 0
		outer loop
			vertex 9.300000190734863 0.5352477133274078 3.7104439735412598
			vertex 9.300000190734863 0.4168580174446106 12.85966968536377
			vertex 9.300000190734863 0.2817037105560303 12.864469528198242
		endloop
	endfacet
	facet normal 1 0 0
		outer loop
			vertex 9.300000190734863 1.2332163006067276 -1.7400929927825928
			vertex 9.300000190734863 1.0000000000000009 -1.75
			vertex 9.300000190734863 0.4168580174446106 -10.85966968536377
		endloop
	endfacet
	facet normal 1 0 0
		outer loop
			vertex 9.300000190734863 1.5831419825553894 -10.85966968536377
			vertex 9.300000190734863 1.2332163006067276 -1.7400929927825928
			vertex 9.300000190734863 0.4168580174446106 -10.85966968536377
		endloop
	endfacet
	facet normal 1 0 0
		outer loop
			vertex 9.300000190734863 0.5352477133274078 3.7104439735412598
			vertex 9.300000190734863 1.5831419825553894 12.85966968536377
			vertex 9.300000190734863 0.4168580174446106 12.85966968536377
		endloop
	endfacet
	facet normal 1 0 0
		outer loop
			vertex 9.300000190734863 1 3.75
			vertex 9.300000190734863 1.5831419825553894 12.85966968536377
			vertex 9.300000190734863 0.5352477133274078 3.7104439735412598
		endloop
	endfacet
	facet normal 1 0 0
		outer loop
			vertex 9.300000190734863 1.4647522866725922 3.7104439735412598
			vertex 9.300000190734863 1.7182962894439697 12.864469528198242
			vertex 9.300000190734863 1 3.75
		endloop
	endfacet
	facet normal 1 0 0
		outer loop
			vertex 9.300000190734863 1.7182962894439697 12.864469528198242
			vertex 9.300000190734863 1.5831419825553894 12.85966968536377
			vertex 9.300000190734863 1 3.75
		endloop
	endfacet
	facet normal 1 0 0
		outer loop
			vertex 9.300000190734863 1.7182962894439697 -10.864469528198242
			vertex 9.300000190734863 1.6929396986961365 -1.6612660884857178
			vertex 9.300000190734863 1.2332163006067276 -1.7400929927825928
		endloop
	endfacet
	facet normal 1 0 0
		outer loop
			vertex 9.300000190734863 1.5831419825553894 -10.85966968536377
			vertex 9.300000190734863 1.7182962894439697 -10.864469528198242
			vertex 9.300000190734863 1.2332163006067276 -1.7400929927825928
		endloop
	endfacet
	facet normal 1 0 0
		outer loop
			vertex 9.300000190734863 1.9161344766616821 3.5929129123687744
			vertex 9.300000190734863 3.7687149047851562 16.82828998565674
			vertex 9.300000190734863 1.4647522866725922 3.7104439735412598
		endloop
	endfacet
	facet normal 1 0 0
		outer loop
			vertex 9.300000190734863 3.7687149047851562 16.82828998565674
			vertex 9.300000190734863 2.394312024116516 13.448470115661621
			vertex 9.300000190734863 1.4647522866725922 3.7104439735412598
		endloop
	endfacet
	facet normal 1 0 0
		outer loop
			vertex 9.300000190734863 2.394312024116516 13.448470115661621
			vertex 9.300000190734863 2.3478699922561646 13.321459770202637
			vertex 9.300000190734863 1.4647522866725922 3.7104439735412598
		endloop
	endfacet
	facet normal 1 0 0
		outer loop
			vertex 9.300000190734863 2.3478699922561646 13.321459770202637
			vertex 9.300000190734863 2.280696988105774 13.204079627990723
			vertex 9.300000190734863 1.4647522866725922 3.7104439735412598
		endloop
	endfacet
	facet normal 1 0 0
		outer loop
			vertex 9.300000190734863 2.280696988105774 13.204079627990723
			vertex 9.300000190734863 2.1947109699249268 13.099690437316895
			vertex 9.300000190734863 1.4647522866725922 3.7104439735412598
		endloop
	endfacet
	facet normal 1 0 0
		outer loop
			vertex 9.300000190734863 2.1947109699249268 13.099690437316895
			vertex 9.300000190734863 2.092371940612793 13.011280059814453
			vertex 9.300000190734863 1.4647522866725922 3.7104439735412598
		endloop
	endfacet
	facet normal 1 0 0
		outer loop
			vertex 9.300000190734863 2.092371940612793 13.011280059814453
			vertex 9.300000190734863 1.976602017879486 12.94137954711914
			vertex 9.300000190734863 1.4647522866725922 3.7104439735412598
		endloop
	endfacet
	facet normal 1 0 0
		outer loop
			vertex 9.300000190734863 1.976602017879486 12.94137954711914
			vertex 9.300000190734863 1.8507109880447388 12.891969680786133
			vertex 9.300000190734863 1.4647522866725922 3.7104439735412598
		endloop
	endfacet
	facet normal 1 0 0
		outer loop
			vertex 9.300000190734863 1.8507109880447388 12.891969680786133
			vertex 9.300000190734863 1.7182962894439697 12.864469528198242
			vertex 9.300000190734863 1.4647522866725922 3.7104439735412598
		endloop
	endfacet
	facet normal 1 0 0
		outer loop
			vertex 9.300000190734863 5.0926690101623535 -16.014699935913086
			vertex 9.300000190734863 5.993439197540283 -10.344630241394043
			vertex 9.300000190734863 1.6929396986961365 -1.6612660884857178
		endloop
	endfacet
	facet normal 1 0 0
		outer loop
			vertex 9.300000190734863 5.993439197540283 -10.344630241394043
			vertex 9.300000190734863 5.992924213409424 -10.209389686584473
			vertex 9.300000190734863 1.6929396986961365 -1.6612660884857178
		endloop
	endfacet
	facet normal 1 0 0
		outer loop
			vertex 9.300000190734863 5.992924213409424 -10.209389686584473
			vertex 9.300000190734863 2.1327279806137085 -1.50587797164917
			vertex 9.300000190734863 1.6929396986961365 -1.6612660884857178
		endloop
	endfacet
	facet normal 1 0 0
		outer loop
			vertex 9.300000190734863 1.7182962894439697 -10.864469528198242
			vertex 9.300000190734863 1.8507109880447388 -10.891969680786133
			vertex 9.300000190734863 1.6929396986961365 -1.6612660884857178
		endloop
	endfacet
	facet normal 1 0 0
		outer loop
			vertex 9.300000190734863 1.8507109880447388 -10.891969680786133
			vertex 9.300000190734863 1.976602017879486 -10.94137954711914
			vertex 9.300000190734863 1.6929396986961365 -1.6612660884857178
		endloop
	endfacet
	facet normal 1 0 0
		outer loop
			vertex 9.300000190734863 1.976602017879486 -10.94137954711914
			vertex 9.300000190734863 2.092371940612793 -11.011280059814453
			vertex 9.300000190734863 1.6929396986961365 -1.6612660884857178
		endloop
	endfacet
	facet normal 1 0 0
		outer loop
			vertex 9.300000190734863 2.092371940612793 -11.011280059814453
			vertex 9.300000190734863 2.1947109699249268 -11.099690437316895
			vertex 9.300000190734863 1.6929396986961365 -1.6612660884857178
		endloop
	endfacet
	facet normal 1 0 0
		outer loop
			vertex 9.300000190734863 2.1947109699249268 -11.099690437316895
			vertex 9.300000190734863 2.280696988105774 -11.204079627990723
			vertex 9.300000190734863 1.6929396986961365 -1.6612660884857178
		endloop
	endfacet
	facet normal 1 0 0
		outer loop
			vertex 9.300000190734863 2.280696988105774 -11.204079627990723
			vertex 9.300000190734863 2.3478699922561646 -11.321459770202637
			vertex 9.300000190734863 1.6929396986961365 -1.6612660884857178
		endloop
	endfacet
	facet normal 1 0 0
		outer loop
			vertex 9.300000190734863 2.3478699922561646 -11.321459770202637
			vertex 9.300000190734863 2.394312024116516 -11.448470115661621
			vertex 9.300000190734863 1.6929396986961365 -1.6612660884857178
		endloop
	endfacet
	facet normal 1 0 0
		outer loop
			vertex 9.300000190734863 2.394312024116516 -11.448470115661621
			vertex 9.300000190734863 5.0926690101623535 -16.014699935913086
			vertex 9.300000190734863 1.6929396986961365 -1.6612660884857178
		endloop
	endfacet
	facet normal 1 0 0
		outer loop
			vertex 9.300000190734863 6.20924711227417 11.724100112915039
			vertex 9.300000190734863 6.1249260902404785 11.829839706420898
			vertex 9.300000190734863 1.9161344766616821 3.5929129123687744
		endloop
	endfacet
	facet normal 1 0 0
		outer loop
			vertex 9.300000190734863 6.1249260902404785 11.829839706420898
			vertex 9.300000190734863 6.0596208572387695 11.948260307312012
			vertex 9.300000190734863 1.9161344766616821 3.5929129123687744
		endloop
	endfacet
	facet normal 1 0 0
		outer loop
			vertex 9.300000190734863 6.0596208572387695 11.948260307312012
			vertex 9.300000190734863 6.015196800231934 12.076000213623047
			vertex 9.300000190734863 1.9161344766616821 3.5929129123687744
		endloop
	endfacet
	facet normal 1 0 0
		outer loop
			vertex 9.300000190734863 6.015196800231934 12.076000213623047
			vertex 9.300000190734863 5.992924213409424 12.209389686584473
			vertex 9.300000190734863 1.9161344766616821 3.5929129123687744
		endloop
	endfacet
	facet normal 1 0 0
		outer loop
			vertex 9.300000190734863 5.992924213409424 12.209389686584473
			vertex 9.300000190734863 5.993439197540283 12.344630241394043
			vertex 9.300000190734863 1.9161344766616821 3.5929129123687744
		endloop
	endfacet
	facet normal 1 0 0
		outer loop
			vertex 9.300000190734863 2.341161012649536 3.4007890224456787
			vertex 9.300000190734863 6.4248199462890625 11.562350273132324
			vertex 9.300000190734863 1.9161344766616821 3.5929129123687744
		endloop
	endfacet
	facet normal 1 0 0
		outer loop
			vertex 9.300000190734863 6.4248199462890625 11.562350273132324
			vertex 9.300000190734863 6.310173034667969 11.634079933166504
			vertex 9.300000190734863 1.9161344766616821 3.5929129123687744
		endloop
	endfacet
	facet normal 1 0 0
		outer loop
			vertex 9.300000190734863 6.310173034667969 11.634079933166504
			vertex 9.300000190734863 6.20924711227417 11.724100112915039
			vertex 9.300000190734863 1.9161344766616821 3.5929129123687744
		endloop
	endfacet
	facet normal 1 0 0
		outer loop
			vertex 9.300000190734863 6.5163679122924805 16.092060089111328
			vertex 9.300000190734863 3.7687149047851562 16.82828998565674
			vertex 9.300000190734863 1.9161344766616821 3.5929129123687744
		endloop
	endfacet
	facet normal 1 0 0
		outer loop
			vertex 9.300000190734863 6.016726016998291 12.477849960327148
			vertex 9.300000190734863 6.5163679122924805 16.092060089111328
			vertex 9.300000190734863 1.9161344766616821 3.5929129123687744
		endloop
	endfacet
	facet normal 1 0 0
		outer loop
			vertex 9.300000190734863 5.993439197540283 12.344630241394043
			vertex 9.300000190734863 6.016726016998291 12.477849960327148
			vertex 9.300000190734863 1.9161344766616821 3.5929129123687744
		endloop
	endfacet
	facet normal 1 0 0
		outer loop
			vertex 9.300000190734863 6.1249260902404785 -9.829839706420898
			vertex 9.300000190734863 6.20924711227417 -9.724100112915039
			vertex 9.300000190734863 2.1327279806137085 -1.50587797164917
		endloop
	endfacet
	facet normal 1 0 0
		outer loop
			vertex 9.300000190734863 6.0596208572387695 -9.948260307312012
			vertex 9.300000190734863 6.1249260902404785 -9.829839706420898
			vertex 9.300000190734863 2.1327279806137085 -1.50587797164917
		endloop
	endfacet
	facet normal 1 0 0
		outer loop
			vertex 9.300000190734863 5.992924213409424 -10.209389686584473
			vertex 9.300000190734863 6.015196800231934 -10.076000213623047
			vertex 9.300000190734863 2.1327279806137085 -1.50587797164917
		endloop
	endfacet
	facet normal 1 0 0
		outer loop
			vertex 9.300000190734863 6.015196800231934 -10.076000213623047
			vertex 9.300000190734863 6.0596208572387695 -9.948260307312012
			vertex 9.300000190734863 2.1327279806137085 -1.50587797164917
		endloop
	endfacet
	facet normal 1 0 0
		outer loop
			vertex 9.300000190734863 6.20924711227417 -9.724100112915039
			vertex 9.300000190734863 6.310173034667969 -9.634079933166504
			vertex 9.300000190734863 2.1327279806137085 -1.50587797164917
		endloop
	endfacet
	facet normal 1 0 0
		outer loop
			vertex 9.300000190734863 6.310173034667969 -9.634079933166504
			vertex 9.300000190734863 6.4248199462890625 -9.562350273132324
			vertex 9.300000190734863 2.1327279806137085 -1.50587797164917
		endloop
	endfacet
	facet normal 1 0 0
		outer loop
			vertex 9.300000190734863 6.4248199462890625 -9.562350273132324
			vertex 9.300000190734863 2.539931058883667 -1.2784020900726318
			vertex 9.300000190734863 2.1327279806137085 -1.50587797164917
		endloop
	endfacet
	facet normal 1 0 0
		outer loop
			vertex 9.300000190734863 2.7276049852371216 3.1395978927612305
			vertex 9.300000190734863 7.434852123260498 10.979206085205078
			vertex 9.300000190734863 2.341161012649536 3.4007890224456787
		endloop
	endfacet
	facet normal 1 0 0
		outer loop
			vertex 9.300000190734863 7.434852123260498 10.979206085205078
			vertex 9.300000190734863 6.4248199462890625 11.562350273132324
			vertex 9.300000190734863 2.341161012649536 3.4007890224456787
		endloop
	endfacet
	facet normal 1 0 0
		outer loop
			vertex 9.300000190734863 2.4186960458755493 -11.581489562988281
			vertex 9.300000190734863 5.0926690101623535 -16.014699935913086
			vertex 9.300000190734863 2.394312024116516 -11.448470115661621
		endloop
	endfacet
	facet normal 1 0 0
		outer loop
			vertex 9.300000190734863 3.7687149047851562 16.82828998565674
			vertex 9.300000190734863 2.4186960458755493 13.581489562988281
			vertex 9.300000190734863 2.394312024116516 13.448470115661621
		endloop
	endfacet
	facet normal 1 0 0
		outer loop
			vertex 9.300000190734863 4.386507987976074 -15.470800399780273
			vertex 9.300000190734863 5.0926690101623535 -16.014699935913086
			vertex 9.300000190734863 2.4186960458755493 -11.581489562988281
		endloop
	endfacet
	facet normal 1 0 0
		outer loop
			vertex 9.300000190734863 2.5703840255737305 -12.459830284118652
			vertex 9.300000190734863 3.252924919128418 -14.101349830627441
			vertex 9.300000190734863 2.4186960458755493 -11.581489562988281
		endloop
	endfacet
	facet normal 1 0 0
		outer loop
			vertex 9.300000190734863 3.252924919128418 -14.101349830627441
			vertex 9.300000190734863 3.7687149047851562 -14.828289985656738
			vertex 9.300000190734863 2.4186960458755493 -11.581489562988281
		endloop
	endfacet
	facet normal 1 0 0
		outer loop
			vertex 9.300000190734863 3.7687149047851562 -14.828289985656738
			vertex 9.300000190734863 4.386507987976074 -15.470800399780273
			vertex 9.300000190734863 2.4186960458755493 -11.581489562988281
		endloop
	endfacet
	facet normal 1 0 0
		outer loop
			vertex 9.300000190734863 3.7687149047851562 16.82828998565674
			vertex 9.300000190734863 2.5703840255737305 14.459830284118652
			vertex 9.300000190734863 2.4186960458755493 13.581489562988281
		endloop
	endfacet
	facet normal 1 0 0
		outer loop
			vertex 9.300000190734863 7.682722091674805 -8.873391151428223
			vertex 9.300000190734863 2.90283203125 -0.9853789806365967
			vertex 9.300000190734863 2.539931058883667 -1.2784020900726318
		endloop
	endfacet
	facet normal 1 0 0
		outer loop
			vertex 9.300000190734863 7.554297924041748 -8.915785789489746
			vertex 9.300000190734863 7.682722091674805 -8.873391151428223
			vertex 9.300000190734863 2.539931058883667 -1.2784020900726318
		endloop
	endfacet
	facet normal 1 0 0
		outer loop
			vertex 9.300000190734863 6.4248199462890625 -9.562350273132324
			vertex 9.300000190734863 7.434852123260498 -8.979206085205078
			vertex 9.300000190734863 2.539931058883667 -1.2784020900726318
		endloop
	endfacet
	facet normal 1 0 0
		outer loop
			vertex 9.300000190734863 7.434852123260498 -8.979206085205078
			vertex 9.300000190734863 7.554297924041748 -8.915785789489746
			vertex 9.300000190734863 2.539931058883667 -1.2784020900726318
		endloop
	endfacet
	facet normal 1 0 0
		outer loop
			vertex 9.300000190734863 2.850520968437195 -13.306010246276855
			vertex 9.300000190734863 3.252924919128418 -14.101349830627441
			vertex 9.300000190734863 2.5703840255737305 -12.459830284118652
		endloop
	endfacet
	facet normal 1 0 0
		outer loop
			vertex 9.300000190734863 3.7687149047851562 16.82828998565674
			vertex 9.300000190734863 2.850520968437195 15.306010246276855
			vertex 9.300000190734863 2.5703840255737305 14.459830284118652
		endloop
	endfacet
	facet normal 1 0 0
		outer loop
			vertex 9.300000190734863 7.816451072692871 10.85323429107666
			vertex 9.300000190734863 7.682722091674805 10.873391151428223
			vertex 9.300000190734863 2.7276049852371216 3.1395978927612305
		endloop
	endfacet
	facet normal 1 0 0
		outer loop
			vertex 9.300000190734863 3.0643489360809326 2.816856026649475
			vertex 9.300000190734863 10.501763343811035 12.951689720153809
			vertex 9.300000190734863 2.7276049852371216 3.1395978927612305
		endloop
	endfacet
	facet normal 1 0 0
		outer loop
			vertex 9.300000190734863 8.21115493774414 10.928694725036621
			vertex 9.300000190734863 8.084496974945068 10.88128662109375
			vertex 9.300000190734863 2.7276049852371216 3.1395978927612305
		endloop
	endfacet
	facet normal 1 0 0
		outer loop
			vertex 9.300000190734863 8.084496974945068 10.88128662109375
			vertex 9.300000190734863 7.951663017272949 10.855891227722168
			vertex 9.300000190734863 2.7276049852371216 3.1395978927612305
		endloop
	endfacet
	facet normal 1 0 0
		outer loop
			vertex 9.300000190734863 7.951663017272949 10.855891227722168
			vertex 9.300000190734863 7.816451072692871 10.85323429107666
			vertex 9.300000190734863 2.7276049852371216 3.1395978927612305
		endloop
	endfacet
	facet normal 1 0 0
		outer loop
			vertex 9.300000190734863 10.501763343811035 12.951689720153809
			vertex 9.300000190734863 8.431746006011963 11.083539962768555
			vertex 9.300000190734863 2.7276049852371216 3.1395978927612305
		endloop
	endfacet
	facet normal 1 0 0
		outer loop
			vertex 9.300000190734863 8.431746006011963 11.083539962768555
			vertex 9.300000190734863 8.328018188476562 10.996759414672852
			vertex 9.300000190734863 2.7276049852371216 3.1395978927612305
		endloop
	endfacet
	facet normal 1 0 0
		outer loop
			vertex 9.300000190734863 8.328018188476562 10.996759414672852
			vertex 9.300000190734863 8.21115493774414 10.928694725036621
			vertex 9.300000190734863 2.7276049852371216 3.1395978927612305
		endloop
	endfacet
	facet normal 1 0 0
		outer loop
			vertex 9.300000190734863 7.682722091674805 10.873391151428223
			vertex 9.300000190734863 7.554297924041748 10.915785789489746
			vertex 9.300000190734863 2.7276049852371216 3.1395978927612305
		endloop
	endfacet
	facet normal 1 0 0
		outer loop
			vertex 9.300000190734863 7.554297924041748 10.915785789489746
			vertex 9.300000190734863 7.434852123260498 10.979206085205078
			vertex 9.300000190734863 2.7276049852371216 3.1395978927612305
		endloop
	endfacet
	facet normal 1 0 0
		outer loop
			vertex 9.300000190734863 3.7687149047851562 16.82828998565674
			vertex 9.300000190734863 3.252924919128418 16.10134983062744
			vertex 9.300000190734863 2.850520968437195 15.306010246276855
		endloop
	endfacet
	facet normal 1 0 0
		outer loop
			vertex 9.300000190734863 13.05171012878418 -11.688830375671387
			vertex 9.300000190734863 11.18655014038086 -6.519373893737793
			vertex 9.300000190734863 2.90283203125 -0.9853789806365967
		endloop
	endfacet
	facet normal 1 0 0
		outer loop
			vertex 9.300000190734863 7.682722091674805 -8.873391151428223
			vertex 9.300000190734863 7.816451072692871 -8.85323429107666
			vertex 9.300000190734863 2.90283203125 -0.9853789806365967
		endloop
	endfacet
	facet normal 1 0 0
		outer loop
			vertex 9.300000190734863 11.18655014038086 -6.519373893737793
			vertex 9.300000190734863 3.2109920978546143 -0.6352410316467285
			vertex 9.300000190734863 2.90283203125 -0.9853789806365967
		endloop
	endfacet
	facet normal 1 0 0
		outer loop
			vertex 9.300000190734863 7.816451072692871 -8.85323429107666
			vertex 9.300000190734863 7.951663017272949 -8.855891227722168
			vertex 9.300000190734863 2.90283203125 -0.9853789806365967
		endloop
	endfacet
	facet normal 1 0 0
		outer loop
			vertex 9.300000190734863 7.951663017272949 -8.855891227722168
			vertex 9.300000190734863 8.084496974945068 -8.88128662109375
			vertex 9.300000190734863 2.90283203125 -0.9853789806365967
		endloop
	endfacet
	facet normal 1 0 0
		outer loop
			vertex 9.300000190734863 8.084496974945068 -8.88128662109375
			vertex 9.300000190734863 8.21115493774414 -8.928694725036621
			vertex 9.300000190734863 2.90283203125 -0.9853789806365967
		endloop
	endfacet
	facet normal 1 0 0
		outer loop
			vertex 9.300000190734863 8.21115493774414 -8.928694725036621
			vertex 9.300000190734863 8.328018188476562 -8.996759414672852
			vertex 9.300000190734863 2.90283203125 -0.9853789806365967
		endloop
	endfacet
	facet normal 1 0 0
		outer loop
			vertex 9.300000190734863 8.328018188476562 -8.996759414672852
			vertex 9.300000190734863 8.431746006011963 -9.083539962768555
			vertex 9.300000190734863 2.90283203125 -0.9853789806365967
		endloop
	endfacet
	facet normal 1 0 0
		outer loop
			vertex 9.300000190734863 8.431746006011963 -9.083539962768555
			vertex 9.300000190734863 13.05171012878418 -11.688830375671387
			vertex 9.300000190734863 2.90283203125 -0.9853789806365967
		endloop
	endfacet
	facet normal 1 0 0
		outer loop
			vertex 9.300000190734863 13.570879936218262 12.16819953918457
			vertex 9.300000190734863 10.501763343811035 12.951689720153809
			vertex 9.300000190734863 3.0643489360809326 2.816856026649475
		endloop
	endfacet
	facet normal 1 0 0
		outer loop
			vertex 9.300000190734863 10.873391151428223 7.682722091674805
			vertex 9.300000190734863 10.85323429107666 7.816451072692871
			vertex 9.300000190734863 3.0643489360809326 2.816856026649475
		endloop
	endfacet
	facet normal 1 0 0
		outer loop
			vertex 9.300000190734863 10.85323429107666 7.816451072692871
			vertex 9.300000190734863 10.855891227722168 7.951663017272949
			vertex 9.300000190734863 3.0643489360809326 2.816856026649475
		endloop
	endfacet
	facet normal 1 0 0
		outer loop
			vertex 9.300000190734863 10.855891227722168 7.951663017272949
			vertex 9.300000190734863 10.88128662109375 8.084496974945068
			vertex 9.300000190734863 3.0643489360809326 2.816856026649475
		endloop
	endfacet
	facet normal 1 0 0
		outer loop
			vertex 9.300000190734863 10.88128662109375 8.084496974945068
			vertex 9.300000190734863 10.928694725036621 8.21115493774414
			vertex 9.300000190734863 3.0643489360809326 2.816856026649475
		endloop
	endfacet
	facet normal 1 0 0
		outer loop
			vertex 9.300000190734863 3.341705083847046 2.4418450593948364
			vertex 9.300000190734863 10.979206085205078 7.434852123260498
			vertex 9.300000190734863 3.0643489360809326 2.816856026649475
		endloop
	endfacet
	facet normal 1 0 0
		outer loop
			vertex 9.300000190734863 10.979206085205078 7.434852123260498
			vertex 9.300000190734863 10.915785789489746 7.554297924041748
			vertex 9.300000190734863 3.0643489360809326 2.816856026649475
		endloop
	endfacet
	facet normal 1 0 0
		outer loop
			vertex 9.300000190734863 10.915785789489746 7.554297924041748
			vertex 9.300000190734863 10.873391151428223 7.682722091674805
			vertex 9.300000190734863 3.0643489360809326 2.816856026649475
		endloop
	endfacet
	facet normal 1 0 0
		outer loop
			vertex 9.300000190734863 10.928694725036621 8.21115493774414
			vertex 9.300000190734863 10.996759414672852 8.328018188476562
			vertex 9.300000190734863 3.0643489360809326 2.816856026649475
		endloop
	endfacet
	facet normal 1 0 0
		outer loop
			vertex 9.300000190734863 10.996759414672852 8.328018188476562
			vertex 9.300000190734863 11.083539962768555 8.431746006011963
			vertex 9.300000190734863 3.0643489360809326 2.816856026649475
		endloop
	endfacet
	facet normal 1 0 0
		outer loop
			vertex 9.300000190734863 11.083539962768555 8.431746006011963
			vertex 9.300000190734863 13.570879936218262 12.16819953918457
			vertex 9.300000190734863 3.0643489360809326 2.816856026649475
		endloop
	endfacet
	facet normal 1 0 0
		outer loop
			vertex 9.300000190734863 10.928694725036621 -6.211154937744141
			vertex 9.300000190734863 10.88128662109375 -6.084496974945068
			vertex 9.300000190734863 3.2109920978546143 -0.6352410316467285
		endloop
	endfacet
	facet normal 1 0 0
		outer loop
			vertex 9.300000190734863 10.996759414672852 -6.3280181884765625
			vertex 9.300000190734863 10.928694725036621 -6.211154937744141
			vertex 9.300000190734863 3.2109920978546143 -0.6352410316467285
		endloop
	endfacet
	facet normal 1 0 0
		outer loop
			vertex 9.300000190734863 10.88128662109375 -6.084496974945068
			vertex 9.300000190734863 10.855891227722168 -5.951663017272949
			vertex 9.300000190734863 3.2109920978546143 -0.6352410316467285
		endloop
	endfacet
	facet normal 1 0 0
		outer loop
			vertex 9.300000190734863 10.855891227722168 -5.951663017272949
			vertex 9.300000190734863 10.85323429107666 -5.816451072692871
			vertex 9.300000190734863 3.2109920978546143 -0.6352410316467285
		endloop
	endfacet
	facet normal 1 0 0
		outer loop
			vertex 9.300000190734863 10.85323429107666 -5.816451072692871
			vertex 9.300000190734863 10.873391151428223 -5.682722091674805
			vertex 9.300000190734863 3.2109920978546143 -0.6352410316467285
		endloop
	endfacet
	facet normal 1 0 0
		outer loop
			vertex 9.300000190734863 11.18655014038086 -6.519373893737793
			vertex 9.300000190734863 11.083539962768555 -6.431746006011963
			vertex 9.300000190734863 3.2109920978546143 -0.6352410316467285
		endloop
	endfacet
	facet normal 1 0 0
		outer loop
			vertex 9.300000190734863 11.083539962768555 -6.431746006011963
			vertex 9.300000190734863 10.996759414672852 -6.3280181884765625
			vertex 9.300000190734863 3.2109920978546143 -0.6352410316467285
		endloop
	endfacet
	facet normal 1 0 0
		outer loop
			vertex 9.300000190734863 10.873391151428223 -5.682722091674805
			vertex 9.300000190734863 10.915785789489746 -5.554297924041748
			vertex 9.300000190734863 3.2109920978546143 -0.6352410316467285
		endloop
	endfacet
	facet normal 1 0 0
		outer loop
			vertex 9.300000190734863 10.915785789489746 -5.554297924041748
			vertex 9.300000190734863 10.979206085205078 -5.434852123260498
			vertex 9.300000190734863 3.2109920978546143 -0.6352410316467285
		endloop
	endfacet
	facet normal 1 0 0
		outer loop
			vertex 9.300000190734863 10.979206085205078 -5.434852123260498
			vertex 9.300000190734863 3.4555459022521973 -0.23805999755859375
			vertex 9.300000190734863 3.2109920978546143 -0.6352410316467285
		endloop
	endfacet
	facet normal 1 0 0
		outer loop
			vertex 9.300000190734863 3.5516951084136963 2.0253549814224243
			vertex 9.300000190734863 11.562350273132324 6.4248199462890625
			vertex 9.300000190734863 3.341705083847046 2.4418450593948364
		endloop
	endfacet
	facet normal 1 0 0
		outer loop
			vertex 9.300000190734863 11.562350273132324 6.4248199462890625
			vertex 9.300000190734863 10.979206085205078 7.434852123260498
			vertex 9.300000190734863 3.341705083847046 2.4418450593948364
		endloop
	endfacet
	facet normal 1 0 0
		outer loop
			vertex 9.300000190734863 11.634079933166504 -4.310173034667969
			vertex 9.300000190734863 3.629457950592041 0.19473737478256226
			vertex 9.300000190734863 3.4555459022521973 -0.23805999755859375
		endloop
	endfacet
	facet normal 1 0 0
		outer loop
			vertex 9.300000190734863 10.979206085205078 -5.434852123260498
			vertex 9.300000190734863 11.562350273132324 -4.4248199462890625
			vertex 9.300000190734863 3.4555459022521973 -0.23805999755859375
		endloop
	endfacet
	facet normal 1 0 0
		outer loop
			vertex 9.300000190734863 11.562350273132324 -4.4248199462890625
			vertex 9.300000190734863 11.634079933166504 -4.310173034667969
			vertex 9.300000190734863 3.4555459022521973 -0.23805999755859375
		endloop
	endfacet
	facet normal 1 0 0
		outer loop
			vertex 9.300000190734863 3.688277006149292 1.579367995262146
			vertex 9.300000190734863 15.204609870910645 6.599583148956299
			vertex 9.300000190734863 3.5516951084136963 2.0253549814224243
		endloop
	endfacet
	facet normal 1 0 0
		outer loop
			vertex 9.300000190734863 12.209389686584473 5.992924213409424
			vertex 9.300000190734863 12.076000213623047 6.015196800231934
			vertex 9.300000190734863 3.5516951084136963 2.0253549814224243
		endloop
	endfacet
	facet normal 1 0 0
		outer loop
			vertex 9.300000190734863 12.076000213623047 6.015196800231934
			vertex 9.300000190734863 11.948260307312012 6.0596208572387695
			vertex 9.300000190734863 3.5516951084136963 2.0253549814224243
		endloop
	endfacet
	facet normal 1 0 0
		outer loop
			vertex 9.300000190734863 11.948260307312012 6.0596208572387695
			vertex 9.300000190734863 11.829839706420898 6.1249260902404785
			vertex 9.300000190734863 3.5516951084136963 2.0253549814224243
		endloop
	endfacet
	facet normal 1 0 0
		outer loop
			vertex 9.300000190734863 11.829839706420898 6.1249260902404785
			vertex 9.300000190734863 11.724100112915039 6.20924711227417
			vertex 9.300000190734863 3.5516951084136963 2.0253549814224243
		endloop
	endfacet
	facet normal 1 0 0
		outer loop
			vertex 9.300000190734863 11.724100112915039 6.20924711227417
			vertex 9.300000190734863 11.634079933166504 6.310173034667969
			vertex 9.300000190734863 3.5516951084136963 2.0253549814224243
		endloop
	endfacet
	facet normal 1 0 0
		outer loop
			vertex 9.300000190734863 11.634079933166504 6.310173034667969
			vertex 9.300000190734863 11.562350273132324 6.4248199462890625
			vertex 9.300000190734863 3.5516951084136963 2.0253549814224243
		endloop
	endfacet
	facet normal 1 0 0
		outer loop
			vertex 9.300000190734863 15.204609870910645 6.599583148956299
			vertex 9.300000190734863 12.477849960327148 6.016726016998291
			vertex 9.300000190734863 3.5516951084136963 2.0253549814224243
		endloop
	endfacet
	facet normal 1 0 0
		outer loop
			vertex 9.300000190734863 12.477849960327148 6.016726016998291
			vertex 9.300000190734863 12.344630241394043 5.993439197540283
			vertex 9.300000190734863 3.5516951084136963 2.0253549814224243
		endloop
	endfacet
	facet normal 1 0 0
		outer loop
			vertex 9.300000190734863 12.344630241394043 5.993439197540283
			vertex 9.300000190734863 12.209389686584473 5.992924213409424
			vertex 9.300000190734863 3.5516951084136963 2.0253549814224243
		endloop
	endfacet
	facet normal 1 0 0
		outer loop
			vertex 9.300000190734863 17.7814998626709 -3.9629950523376465
			vertex 9.300000190734863 18.014699935913086 -3.0926690101623535
			vertex 9.300000190734863 3.629457950592041 0.19473737478256226
		endloop
	endfacet
	facet normal 1 0 0
		outer loop
			vertex 9.300000190734863 18.014699935913086 -3.0926690101623535
			vertex 9.300000190734863 17.470800399780273 -2.386507987976074
			vertex 9.300000190734863 3.629457950592041 0.19473737478256226
		endloop
	endfacet
	facet normal 1 0 0
		outer loop
			vertex 9.300000190734863 16.10134983062744 -1.252924919128418
			vertex 9.300000190734863 3.7277259826660156 0.6507009863853455
			vertex 9.300000190734863 3.629457950592041 0.19473737478256226
		endloop
	endfacet
	facet normal 1 0 0
		outer loop
			vertex 9.300000190734863 16.82828998565674 -1.7687149047851562
			vertex 9.300000190734863 16.10134983062744 -1.252924919128418
			vertex 9.300000190734863 3.629457950592041 0.19473737478256226
		endloop
	endfacet
	facet normal 1 0 0
		outer loop
			vertex 9.300000190734863 17.470800399780273 -2.386507987976074
			vertex 9.300000190734863 16.82828998565674 -1.7687149047851562
			vertex 9.300000190734863 3.629457950592041 0.19473737478256226
		endloop
	endfacet
	facet normal 1 0 0
		outer loop
			vertex 9.300000190734863 11.634079933166504 -4.310173034667969
			vertex 9.300000190734863 11.724100112915039 -4.20924711227417
			vertex 9.300000190734863 3.629457950592041 0.19473737478256226
		endloop
	endfacet
	facet normal 1 0 0
		outer loop
			vertex 9.300000190734863 11.724100112915039 -4.20924711227417
			vertex 9.300000190734863 11.829839706420898 -4.1249260902404785
			vertex 9.300000190734863 3.629457950592041 0.19473737478256226
		endloop
	endfacet
	facet normal 1 0 0
		outer loop
			vertex 9.300000190734863 11.829839706420898 -4.1249260902404785
			vertex 9.300000190734863 11.948260307312012 -4.0596208572387695
			vertex 9.300000190734863 3.629457950592041 0.19473737478256226
		endloop
	endfacet
	facet normal 1 0 0
		outer loop
			vertex 9.300000190734863 11.948260307312012 -4.0596208572387695
			vertex 9.300000190734863 12.076000213623047 -4.015196800231934
			vertex 9.300000190734863 3.629457950592041 0.19473737478256226
		endloop
	endfacet
	facet normal 1 0 0
		outer loop
			vertex 9.300000190734863 12.076000213623047 -4.015196800231934
			vertex 9.300000190734863 12.209389686584473 -3.992924213409424
			vertex 9.300000190734863 3.629457950592041 0.19473737478256226
		endloop
	endfacet
	facet normal 1 0 0
		outer loop
			vertex 9.300000190734863 12.209389686584473 -3.992924213409424
			vertex 9.300000190734863 12.344630241394043 -3.993439197540283
			vertex 9.300000190734863 3.629457950592041 0.19473737478256226
		endloop
	endfacet
	facet normal 1 0 0
		outer loop
			vertex 9.300000190734863 12.344630241394043 -3.993439197540283
			vertex 9.300000190734863 12.477849960327148 -4.016726016998291
			vertex 9.300000190734863 3.629457950592041 0.19473737478256226
		endloop
	endfacet
	facet normal 1 0 0
		outer loop
			vertex 9.300000190734863 12.477849960327148 -4.016726016998291
			vertex 9.300000190734863 17.7814998626709 -3.9629950523376465
			vertex 9.300000190734863 3.629457950592041 0.19473737478256226
		endloop
	endfacet
	facet normal 1 0 0
		outer loop
			vertex 9.300000190734863 12.891969680786133 1.8507109880447388
			vertex 9.300000190734863 12.94137954711914 1.976602017879486
			vertex 9.300000190734863 3.688277006149292 1.579367995262146
		endloop
	endfacet
	facet normal 1 0 0
		outer loop
			vertex 9.300000190734863 17.470800399780273 4.386507987976074
			vertex 9.300000190734863 15.204609870910645 6.599583148956299
			vertex 9.300000190734863 3.688277006149292 1.579367995262146
		endloop
	endfacet
	facet normal 1 0 0
		outer loop
			vertex 9.300000190734863 12.94137954711914 1.976602017879486
			vertex 9.300000190734863 13.011280059814453 2.092371940612793
			vertex 9.300000190734863 3.688277006149292 1.579367995262146
		endloop
	endfacet
	facet normal 1 0 0
		outer loop
			vertex 9.300000190734863 13.011280059814453 2.092371940612793
			vertex 9.300000190734863 13.099690437316895 2.1947109699249268
			vertex 9.300000190734863 3.688277006149292 1.579367995262146
		endloop
	endfacet
	facet normal 1 0 0
		outer loop
			vertex 9.300000190734863 13.099690437316895 2.1947109699249268
			vertex 9.300000190734863 13.204079627990723 2.280696988105774
			vertex 9.300000190734863 3.688277006149292 1.579367995262146
		endloop
	endfacet
	facet normal 1 0 0
		outer loop
			vertex 9.300000190734863 13.204079627990723 2.280696988105774
			vertex 9.300000190734863 13.321459770202637 2.3478699922561646
			vertex 9.300000190734863 3.688277006149292 1.579367995262146
		endloop
	endfacet
	facet normal 1 0 0
		outer loop
			vertex 9.300000190734863 13.321459770202637 2.3478699922561646
			vertex 9.300000190734863 13.448470115661621 2.394312024116516
			vertex 9.300000190734863 3.688277006149292 1.579367995262146
		endloop
	endfacet
	facet normal 1 0 0
		outer loop
			vertex 9.300000190734863 13.448470115661621 2.394312024116516
			vertex 9.300000190734863 17.470800399780273 4.386507987976074
			vertex 9.300000190734863 3.688277006149292 1.579367995262146
		endloop
	endfacet
	facet normal 1 0 0
		outer loop
			vertex 9.300000190734863 3.7475221157073975 1.1167133003473282
			vertex 9.300000190734863 12.85966968536377 1.5831419825553894
			vertex 9.300000190734863 3.688277006149292 1.579367995262146
		endloop
	endfacet
	facet normal 1 0 0
		outer loop
			vertex 9.300000190734863 12.85966968536377 1.5831419825553894
			vertex 9.300000190734863 12.864469528198242 1.7182962894439697
			vertex 9.300000190734863 3.688277006149292 1.579367995262146
		endloop
	endfacet
	facet normal 1 0 0
		outer loop
			vertex 9.300000190734863 12.864469528198242 1.7182962894439697
			vertex 9.300000190734863 12.891969680786133 1.8507109880447388
			vertex 9.300000190734863 3.688277006149292 1.579367995262146
		endloop
	endfacet
	facet normal 1 0 0
		outer loop
			vertex 9.300000190734863 13.581489562988281 -0.4186960458755493
			vertex 9.300000190734863 13.448470115661621 -0.3943120241165161
			vertex 9.300000190734863 3.7277259826660156 0.6507009863853455
		endloop
	endfacet
	facet normal 1 0 0
		outer loop
			vertex 9.300000190734863 13.448470115661621 -0.3943120241165161
			vertex 9.300000190734863 13.321459770202637 -0.34786999225616455
			vertex 9.300000190734863 3.7277259826660156 0.6507009863853455
		endloop
	endfacet
	facet normal 1 0 0
		outer loop
			vertex 9.300000190734863 13.321459770202637 -0.34786999225616455
			vertex 9.300000190734863 13.204079627990723 -0.2806969881057739
			vertex 9.300000190734863 3.7277259826660156 0.6507009863853455
		endloop
	endfacet
	facet normal 1 0 0
		outer loop
			vertex 9.300000190734863 13.204079627990723 -0.2806969881057739
			vertex 9.300000190734863 13.099690437316895 -0.19471096992492676
			vertex 9.300000190734863 3.7277259826660156 0.6507009863853455
		endloop
	endfacet
	facet normal 1 0 0
		outer loop
			vertex 9.300000190734863 13.099690437316895 -0.19471096992492676
			vertex 9.300000190734863 13.011280059814453 -0.09237194061279297
			vertex 9.300000190734863 3.7277259826660156 0.6507009863853455
		endloop
	endfacet
	facet normal 1 0 0
		outer loop
			vertex 9.300000190734863 13.011280059814453 -0.09237194061279297
			vertex 9.300000190734863 12.94137954711914 0.023397982120513916
			vertex 9.300000190734863 3.7277259826660156 0.6507009863853455
		endloop
	endfacet
	facet normal 1 0 0
		outer loop
			vertex 9.300000190734863 12.94137954711914 0.023397982120513916
			vertex 9.300000190734863 12.891969680786133 0.14928901195526123
			vertex 9.300000190734863 3.7277259826660156 0.6507009863853455
		endloop
	endfacet
	facet normal 1 0 0
		outer loop
			vertex 9.300000190734863 15.306010246276855 -0.8505209684371948
			vertex 9.300000190734863 13.581489562988281 -0.4186960458755493
			vertex 9.300000190734863 3.7277259826660156 0.6507009863853455
		endloop
	endfacet
	facet normal 1 0 0
		outer loop
			vertex 9.300000190734863 16.10134983062744 -1.252924919128418
			vertex 9.300000190734863 15.306010246276855 -0.8505209684371948
			vertex 9.300000190734863 3.7277259826660156 0.6507009863853455
		endloop
	endfacet
	facet normal 1 0 0
		outer loop
			vertex 9.300000190734863 12.891969680786133 0.14928901195526123
			vertex 9.300000190734863 12.864469528198242 0.2817037105560303
			vertex 9.300000190734863 3.7277259826660156 0.6507009863853455
		endloop
	endfacet
	facet normal 1 0 0
		outer loop
			vertex 9.300000190734863 12.864469528198242 0.2817037105560303
			vertex 9.300000190734863 12.85966968536377 0.4168580174446106
			vertex 9.300000190734863 3.7277259826660156 0.6507009863853455
		endloop
	endfacet
	facet normal 1 0 0
		outer loop
			vertex 9.300000190734863 12.85966968536377 0.4168580174446106
			vertex 9.300000190734863 3.7475221157073975 1.1167133003473282
			vertex 9.300000190734863 3.7277259826660156 0.6507009863853455
		endloop
	endfacet
	facet normal 1 0 0
		outer loop
			vertex 9.300000190734863 12.85966968536377 0.4168580174446106
			vertex 9.300000190734863 12.85966968536377 1.5831419825553894
			vertex 9.300000190734863 3.7475221157073975 1.1167133003473282
		endloop
	endfacet
	facet normal 1 0 0
		outer loop
			vertex 9.300000190734863 6.5163679122924805 16.092060089111328
			vertex 9.300000190734863 4.386507987976074 17.470800399780273
			vertex 9.300000190734863 3.7687149047851562 16.82828998565674
		endloop
	endfacet
	facet normal 1 0 0
		outer loop
			vertex 9.300000190734863 6.30259895324707 16.95738983154297
			vertex 9.300000190734863 5.0926690101623535 18.014699935913086
			vertex 9.300000190734863 4.386507987976074 17.470800399780273
		endloop
	endfacet
	facet normal 1 0 0
		outer loop
			vertex 9.300000190734863 6.5163679122924805 16.092060089111328
			vertex 9.300000190734863 6.30259895324707 16.95738983154297
			vertex 9.300000190734863 4.386507987976074 17.470800399780273
		endloop
	endfacet
	facet normal 1 0 0
		outer loop
			vertex 9.300000190734863 6.0621209144592285 -10.605239868164062
			vertex 9.300000190734863 6.016726016998291 -10.477849960327148
			vertex 9.300000190734863 5.0926690101623535 -16.014699935913086
		endloop
	endfacet
	facet normal 1 0 0
		outer loop
			vertex 9.300000190734863 6.016726016998291 -10.477849960327148
			vertex 9.300000190734863 5.993439197540283 -10.344630241394043
			vertex 9.300000190734863 5.0926690101623535 -16.014699935913086
		endloop
	endfacet
	facet normal 1 0 0
		outer loop
			vertex 9.300000190734863 5.9629950523376465 -15.781499862670898
			vertex 9.300000190734863 6.30259895324707 -14.957389831542969
			vertex 9.300000190734863 5.0926690101623535 -16.014699935913086
		endloop
	endfacet
	facet normal 1 0 0
		outer loop
			vertex 9.300000190734863 6.30259895324707 -14.957389831542969
			vertex 9.300000190734863 6.5163679122924805 -14.092060089111328
			vertex 9.300000190734863 5.0926690101623535 -16.014699935913086
		endloop
	endfacet
	facet normal 1 0 0
		outer loop
			vertex 9.300000190734863 6.5163679122924805 -14.092060089111328
			vertex 9.300000190734863 6.599583148956299 -13.204609870910645
			vertex 9.300000190734863 5.0926690101623535 -16.014699935913086
		endloop
	endfacet
	facet normal 1 0 0
		outer loop
			vertex 9.300000190734863 6.599583148956299 -13.204609870910645
			vertex 9.300000190734863 6.550405979156494 -12.314629554748535
			vertex 9.300000190734863 5.0926690101623535 -16.014699935913086
		endloop
	endfacet
	facet normal 1 0 0
		outer loop
			vertex 9.300000190734863 6.550405979156494 -12.314629554748535
			vertex 9.300000190734863 6.369925022125244 -11.441749572753906
			vertex 9.300000190734863 5.0926690101623535 -16.014699935913086
		endloop
	endfacet
	facet normal 1 0 0
		outer loop
			vertex 9.300000190734863 6.369925022125244 -11.441749572753906
			vertex 9.300000190734863 6.0621209144592285 -10.605239868164062
			vertex 9.300000190734863 5.0926690101623535 -16.014699935913086
		endloop
	endfacet
	facet normal 1 0 0
		outer loop
			vertex 9.300000190734863 6.30259895324707 16.95738983154297
			vertex 9.300000190734863 5.9629950523376465 17.7814998626709
			vertex 9.300000190734863 5.0926690101623535 18.014699935913086
		endloop
	endfacet
	facet normal 1 0 0
		outer loop
			vertex 9.300000190734863 6.0621209144592285 12.605239868164062
			vertex 9.300000190734863 6.550405979156494 14.314629554748535
			vertex 9.300000190734863 6.016726016998291 12.477849960327148
		endloop
	endfacet
	facet normal 1 0 0
		outer loop
			vertex 9.300000190734863 6.550405979156494 14.314629554748535
			vertex 9.300000190734863 6.599583148956299 15.204609870910645
			vertex 9.300000190734863 6.016726016998291 12.477849960327148
		endloop
	endfacet
	facet normal 1 0 0
		outer loop
			vertex 9.300000190734863 6.599583148956299 15.204609870910645
			vertex 9.300000190734863 6.5163679122924805 16.092060089111328
			vertex 9.300000190734863 6.016726016998291 12.477849960327148
		endloop
	endfacet
	facet normal 1 0 0
		outer loop
			vertex 9.300000190734863 6.369925022125244 13.441749572753906
			vertex 9.300000190734863 6.550405979156494 14.314629554748535
			vertex 9.300000190734863 6.0621209144592285 12.605239868164062
		endloop
	endfacet
	facet normal 1 0 0
		outer loop
			vertex 9.300000190734863 8.519373893737793 -9.18655014038086
			vertex 9.300000190734863 13.05171012878418 -11.688830375671387
			vertex 9.300000190734863 8.431746006011963 -9.083539962768555
		endloop
	endfacet
	facet normal 1 0 0
		outer loop
			vertex 9.300000190734863 10.501763343811035 12.951689720153809
			vertex 9.300000190734863 8.519373893737793 11.18655014038086
			vertex 9.300000190734863 8.431746006011963 11.083539962768555
		endloop
	endfacet
	facet normal 1 0 0
		outer loop
			vertex 9.300000190734863 12.16819953918457 -11.570879936218262
			vertex 9.300000190734863 13.05171012878418 -11.688830375671387
			vertex 9.300000190734863 8.519373893737793 -9.18655014038086
		endloop
	endfacet
	facet normal 1 0 0
		outer loop
			vertex 9.300000190734863 11.311920166015625 -11.323349952697754
			vertex 9.300000190734863 12.16819953918457 -11.570879936218262
			vertex 9.300000190734863 8.519373893737793 -9.18655014038086
		endloop
	endfacet
	facet normal 1 0 0
		outer loop
			vertex 9.300000190734863 9.089909553527832 -9.871370315551758
			vertex 9.300000190734863 11.311920166015625 -11.323349952697754
			vertex 9.300000190734863 8.519373893737793 -9.18655014038086
		endloop
	endfacet
	facet normal 1 0 0
		outer loop
			vertex 9.300000190734863 10.501763343811035 12.951689720153809
			vertex 9.300000190734863 9.089909553527832 11.871370315551758
			vertex 9.300000190734863 8.519373893737793 11.18655014038086
		endloop
	endfacet
	facet normal 1 0 0
		outer loop
			vertex 9.300000190734863 9.755602836608887 -10.464110374450684
			vertex 9.300000190734863 11.311920166015625 -11.323349952697754
			vertex 9.300000190734863 9.089909553527832 -9.871370315551758
		endloop
	endfacet
	facet normal 1 0 0
		outer loop
			vertex 9.300000190734863 10.501763343811035 12.951689720153809
			vertex 9.300000190734863 9.755602836608887 12.464110374450684
			vertex 9.300000190734863 9.089909553527832 11.871370315551758
		endloop
	endfacet
	facet normal 1 0 0
		outer loop
			vertex 9.300000190734863 10.501763343811035 -10.951689720153809
			vertex 9.300000190734863 11.311920166015625 -11.323349952697754
			vertex 9.300000190734863 9.755602836608887 -10.464110374450684
		endloop
	endfacet
	facet normal 1 0 0
		outer loop
			vertex 9.300000190734863 13.570879936218262 12.16819953918457
			vertex 9.300000190734863 11.311920166015625 13.323349952697754
			vertex 9.300000190734863 10.501763343811035 12.951689720153809
		endloop
	endfacet
	facet normal 1 0 0
		outer loop
			vertex 9.300000190734863 11.18655014038086 8.519373893737793
			vertex 9.300000190734863 13.570879936218262 12.16819953918457
			vertex 9.300000190734863 11.083539962768555 8.431746006011963
		endloop
	endfacet
	facet normal 1 0 0
		outer loop
			vertex 9.300000190734863 13.05171012878418 -11.688830375671387
			vertex 9.300000190734863 11.871370315551758 -7.089909553527832
			vertex 9.300000190734863 11.18655014038086 -6.519373893737793
		endloop
	endfacet
	facet normal 1 0 0
		outer loop
			vertex 9.300000190734863 11.871370315551758 9.089909553527832
			vertex 9.300000190734863 12.951689720153809 10.501763343811035
			vertex 9.300000190734863 11.18655014038086 8.519373893737793
		endloop
	endfacet
	facet normal 1 0 0
		outer loop
			vertex 9.300000190734863 13.323349952697754 11.311920166015625
			vertex 9.300000190734863 13.570879936218262 12.16819953918457
			vertex 9.300000190734863 11.18655014038086 8.519373893737793
		endloop
	endfacet
	facet normal 1 0 0
		outer loop
			vertex 9.300000190734863 12.951689720153809 10.501763343811035
			vertex 9.300000190734863 13.323349952697754 11.311920166015625
			vertex 9.300000190734863 11.18655014038086 8.519373893737793
		endloop
	endfacet
	facet normal 1 0 0
		outer loop
			vertex 9.300000190734863 13.570879936218262 12.16819953918457
			vertex 9.300000190734863 12.16819953918457 13.570879936218262
			vertex 9.300000190734863 11.311920166015625 13.323349952697754
		endloop
	endfacet
	facet normal 1 0 0
		outer loop
			vertex 9.300000190734863 13.05171012878418 -11.688830375671387
			vertex 9.300000190734863 12.464110374450684 -7.755602836608887
			vertex 9.300000190734863 11.871370315551758 -7.089909553527832
		endloop
	endfacet
	facet normal 1 0 0
		outer loop
			vertex 9.300000190734863 12.464110374450684 9.755602836608887
			vertex 9.300000190734863 12.951689720153809 10.501763343811035
			vertex 9.300000190734863 11.871370315551758 9.089909553527832
		endloop
	endfacet
	facet normal 1 0 0
		outer loop
			vertex 9.300000190734863 13.570879936218262 12.16819953918457
			vertex 9.300000190734863 13.05171012878418 13.688830375671387
			vertex 9.300000190734863 12.16819953918457 13.570879936218262
		endloop
	endfacet
	facet normal 1 0 0
		outer loop
			vertex 9.300000190734863 13.05171012878418 -11.688830375671387
			vertex 9.300000190734863 12.951689720153809 -8.501763343811035
			vertex 9.300000190734863 12.464110374450684 -7.755602836608887
		endloop
	endfacet
	facet normal 1 0 0
		outer loop
			vertex 9.300000190734863 12.605239868164062 -4.0621209144592285
			vertex 9.300000190734863 17.7814998626709 -3.9629950523376465
			vertex 9.300000190734863 12.477849960327148 -4.016726016998291
		endloop
	endfacet
	facet normal 1 0 0
		outer loop
			vertex 9.300000190734863 15.204609870910645 6.599583148956299
			vertex 9.300000190734863 12.605239868164062 6.0621209144592285
			vertex 9.300000190734863 12.477849960327148 6.016726016998291
		endloop
	endfacet
	facet normal 1 0 0
		outer loop
			vertex 9.300000190734863 16.95738983154297 -4.30259895324707
			vertex 9.300000190734863 17.7814998626709 -3.9629950523376465
			vertex 9.300000190734863 12.605239868164062 -4.0621209144592285
		endloop
	endfacet
	facet normal 1 0 0
		outer loop
			vertex 9.300000190734863 13.441749572753906 -4.369925022125244
			vertex 9.300000190734863 16.95738983154297 -4.30259895324707
			vertex 9.300000190734863 12.605239868164062 -4.0621209144592285
		endloop
	endfacet
	facet normal 1 0 0
		outer loop
			vertex 9.300000190734863 15.204609870910645 6.599583148956299
			vertex 9.300000190734863 13.441749572753906 6.369925022125244
			vertex 9.300000190734863 12.605239868164062 6.0621209144592285
		endloop
	endfacet
	facet normal 1 0 0
		outer loop
			vertex 9.300000190734863 13.05171012878418 -11.688830375671387
			vertex 9.300000190734863 13.323349952697754 -9.311920166015625
			vertex 9.300000190734863 12.951689720153809 -8.501763343811035
		endloop
	endfacet
	facet normal 1 0 0
		outer loop
			vertex 9.300000190734863 13.688830375671387 -11.05171012878418
			vertex 9.300000190734863 13.570879936218262 -10.16819953918457
			vertex 9.300000190734863 13.05171012878418 -11.688830375671387
		endloop
	endfacet
	facet normal 1 0 0
		outer loop
			vertex 9.300000190734863 13.570879936218262 -10.16819953918457
			vertex 9.300000190734863 13.323349952697754 -9.311920166015625
			vertex 9.300000190734863 13.05171012878418 -11.688830375671387
		endloop
	endfacet
	facet normal 1 0 0
		outer loop
			vertex 9.300000190734863 13.570879936218262 12.16819953918457
			vertex 9.300000190734863 13.688830375671387 13.05171012878418
			vertex 9.300000190734863 13.05171012878418 13.688830375671387
		endloop
	endfacet
	facet normal 1 0 0
		outer loop
			vertex 9.300000190734863 14.314629554748535 -4.550405979156494
			vertex 9.300000190734863 16.95738983154297 -4.30259895324707
			vertex 9.300000190734863 13.441749572753906 -4.369925022125244
		endloop
	endfacet
	facet normal 1 0 0
		outer loop
			vertex 9.300000190734863 15.204609870910645 6.599583148956299
			vertex 9.300000190734863 14.314629554748535 6.550405979156494
			vertex 9.300000190734863 13.441749572753906 6.369925022125244
		endloop
	endfacet
	facet normal 1 0 0
		outer loop
			vertex 9.300000190734863 13.581489562988281 2.4186960458755493
			vertex 9.300000190734863 17.470800399780273 4.386507987976074
			vertex 9.300000190734863 13.448470115661621 2.394312024116516
		endloop
	endfacet
	facet normal 1 0 0
		outer loop
			vertex 9.300000190734863 15.306010246276855 -0.8505209684371948
			vertex 9.300000190734863 14.459830284118652 -0.5703840255737305
			vertex 9.300000190734863 13.581489562988281 -0.4186960458755493
		endloop
	endfacet
	facet normal 1 0 0
		outer loop
			vertex 9.300000190734863 16.82828998565674 3.7687149047851562
			vertex 9.300000190734863 17.470800399780273 4.386507987976074
			vertex 9.300000190734863 13.581489562988281 2.4186960458755493
		endloop
	endfacet
	facet normal 1 0 0
		outer loop
			vertex 9.300000190734863 14.459830284118652 2.5703840255737305
			vertex 9.300000190734863 16.82828998565674 3.7687149047851562
			vertex 9.300000190734863 13.581489562988281 2.4186960458755493
		endloop
	endfacet
	facet normal 1 0 0
		outer loop
			vertex 9.300000190734863 15.204609870910645 -4.599583148956299
			vertex 9.300000190734863 16.95738983154297 -4.30259895324707
			vertex 9.300000190734863 14.314629554748535 -4.550405979156494
		endloop
	endfacet
	facet normal 1 0 0
		outer loop
			vertex 9.300000190734863 15.306010246276855 2.850520968437195
			vertex 9.300000190734863 16.82828998565674 3.7687149047851562
			vertex 9.300000190734863 14.459830284118652 2.5703840255737305
		endloop
	endfacet
	facet normal 1 0 0
		outer loop
			vertex 9.300000190734863 16.092060089111328 -4.5163679122924805
			vertex 9.300000190734863 16.95738983154297 -4.30259895324707
			vertex 9.300000190734863 15.204609870910645 -4.599583148956299
		endloop
	endfacet
	facet normal 1 0 0
		outer loop
			vertex 9.300000190734863 17.470800399780273 4.386507987976074
			vertex 9.300000190734863 16.092060089111328 6.5163679122924805
			vertex 9.300000190734863 15.204609870910645 6.599583148956299
		endloop
	endfacet
	facet normal 1 0 0
		outer loop
			vertex 9.300000190734863 16.10134983062744 3.252924919128418
			vertex 9.300000190734863 16.82828998565674 3.7687149047851562
			vertex 9.300000190734863 15.306010246276855 2.850520968437195
		endloop
	endfacet
	facet normal 1 0 0
		outer loop
			vertex 9.300000190734863 17.470800399780273 4.386507987976074
			vertex 9.300000190734863 16.95738983154297 6.30259895324707
			vertex 9.300000190734863 16.092060089111328 6.5163679122924805
		endloop
	endfacet
	facet normal 1 0 0
		outer loop
			vertex 9.300000190734863 17.470800399780273 4.386507987976074
			vertex 9.300000190734863 17.7814998626709 5.9629950523376465
			vertex 9.300000190734863 16.95738983154297 6.30259895324707
		endloop
	endfacet
	facet normal 1 0 0
		outer loop
			vertex 9.300000190734863 18.014699935913086 5.0926690101623535
			vertex 9.300000190734863 17.7814998626709 5.9629950523376465
			vertex 9.300000190734863 17.470800399780273 4.386507987976074
		endloop
	endfacet
	facet normal -1 0 0
		outer loop
			vertex -0.5 -1.629457950592041 0.19473737478256226
			vertex -0.5 -15.781499862670898 -3.9629950523376465
			vertex -0.5 -16.014699935913086 -3.0926690101623535
		endloop
	endfacet
	facet normal -1 0 0
		outer loop
			vertex -0.5 -15.470800399780273 -2.386507987976074
			vertex -0.5 -1.629457950592041 0.19473737478256226
			vertex -0.5 -16.014699935913086 -3.0926690101623535
		endloop
	endfacet
	facet normal -1 0 0
		outer loop
			vertex -0.5 -15.781499862670898 5.9629950523376465
			vertex -0.5 -15.470800399780273 4.386507987976074
			vertex -0.5 -16.014699935913086 5.0926690101623535
		endloop
	endfacet
	facet normal -1 0 0
		outer loop
			vertex -0.5 -1.629457950592041 0.19473737478256226
			vertex -0.5 -10.477849960327148 -4.016726016998291
			vertex -0.5 -15.781499862670898 -3.9629950523376465
		endloop
	endfacet
	facet normal -1 0 0
		outer loop
			vertex -0.5 -10.477849960327148 -4.016726016998291
			vertex -0.5 -10.605239868164062 -4.0621209144592285
			vertex -0.5 -15.781499862670898 -3.9629950523376465
		endloop
	endfacet
	facet normal -1 0 0
		outer loop
			vertex -0.5 -10.605239868164062 -4.0621209144592285
			vertex -0.5 -14.957389831542969 -4.30259895324707
			vertex -0.5 -15.781499862670898 -3.9629950523376465
		endloop
	endfacet
	facet normal -1 0 0
		outer loop
			vertex -0.5 -14.957389831542969 6.30259895324707
			vertex -0.5 -15.470800399780273 4.386507987976074
			vertex -0.5 -15.781499862670898 5.9629950523376465
		endloop
	endfacet
	facet normal -1 0 0
		outer loop
			vertex -0.5 -14.828289985656738 -1.7687149047851562
			vertex -0.5 -1.629457950592041 0.19473737478256226
			vertex -0.5 -15.470800399780273 -2.386507987976074
		endloop
	endfacet
	facet normal -1 0 0
		outer loop
			vertex -0.5 -14.092060089111328 6.5163679122924805
			vertex -0.5 -13.204609870910645 6.599583148956299
			vertex -0.5 -15.470800399780273 4.386507987976074
		endloop
	endfacet
	facet normal -1 0 0
		outer loop
			vertex -0.5 -14.957389831542969 6.30259895324707
			vertex -0.5 -14.092060089111328 6.5163679122924805
			vertex -0.5 -15.470800399780273 4.386507987976074
		endloop
	endfacet
	facet normal -1 0 0
		outer loop
			vertex -0.5 -13.204609870910645 6.599583148956299
			vertex -0.5 -1.688277006149292 1.579367995262146
			vertex -0.5 -15.470800399780273 4.386507987976074
		endloop
	endfacet
	facet normal -1 0 0
		outer loop
			vertex -0.5 -1.688277006149292 1.579367995262146
			vertex -0.5 -11.448470115661621 2.394312024116516
			vertex -0.5 -15.470800399780273 4.386507987976074
		endloop
	endfacet
	facet normal -1 0 0
		outer loop
			vertex -0.5 -11.448470115661621 2.394312024116516
			vertex -0.5 -11.581489562988281 2.4186960458755493
			vertex -0.5 -15.470800399780273 4.386507987976074
		endloop
	endfacet
	facet normal -1 0 0
		outer loop
			vertex -0.5 -11.581489562988281 2.4186960458755493
			vertex -0.5 -12.459830284118652 2.5703840255737305
			vertex -0.5 -15.470800399780273 4.386507987976074
		endloop
	endfacet
	facet normal -1 0 0
		outer loop
			vertex -0.5 -12.459830284118652 2.5703840255737305
			vertex -0.5 -13.306010246276855 2.850520968437195
			vertex -0.5 -15.470800399780273 4.386507987976074
		endloop
	endfacet
	facet normal -1 0 0
		outer loop
			vertex -0.5 -13.306010246276855 2.850520968437195
			vertex -0.5 -14.828289985656738 3.7687149047851562
			vertex -0.5 -15.470800399780273 4.386507987976074
		endloop
	endfacet
	facet normal -1 0 0
		outer loop
			vertex -0.5 -10.605239868164062 -4.0621209144592285
			vertex -0.5 -14.092060089111328 -4.5163679122924805
			vertex -0.5 -14.957389831542969 -4.30259895324707
		endloop
	endfacet
	facet normal -1 0 0
		outer loop
			vertex -0.5 -14.101349830627441 -1.252924919128418
			vertex -0.5 -1.629457950592041 0.19473737478256226
			vertex -0.5 -14.828289985656738 -1.7687149047851562
		endloop
	endfacet
	facet normal -1 0 0
		outer loop
			vertex -0.5 -13.306010246276855 2.850520968437195
			vertex -0.5 -14.101349830627441 3.252924919128418
			vertex -0.5 -14.828289985656738 3.7687149047851562
		endloop
	endfacet
	facet normal -1 0 0
		outer loop
			vertex -0.5 -13.306010246276855 -0.8505209684371948
			vertex -0.5 -1.7277259826660156 0.6507009863853455
			vertex -0.5 -14.101349830627441 -1.252924919128418
		endloop
	endfacet
	facet normal -1 0 0
		outer loop
			vertex -0.5 -1.7277259826660156 0.6507009863853455
			vertex -0.5 -1.629457950592041 0.19473737478256226
			vertex -0.5 -14.101349830627441 -1.252924919128418
		endloop
	endfacet
	facet normal -1 0 0
		outer loop
			vertex -0.5 -10.605239868164062 -4.0621209144592285
			vertex -0.5 -13.204609870910645 -4.599583148956299
			vertex -0.5 -14.092060089111328 -4.5163679122924805
		endloop
	endfacet
	facet normal -1 0 0
		outer loop
			vertex -0.5 -12.459830284118652 -0.5703840255737305
			vertex -0.5 -11.581489562988281 -0.4186960458755493
			vertex -0.5 -13.306010246276855 -0.8505209684371948
		endloop
	endfacet
	facet normal -1 0 0
		outer loop
			vertex -0.5 -11.581489562988281 -0.4186960458755493
			vertex -0.5 -1.7277259826660156 0.6507009863853455
			vertex -0.5 -13.306010246276855 -0.8505209684371948
		endloop
	endfacet
	facet normal -1 0 0
		outer loop
			vertex -0.5 -11.441749572753906 -4.369925022125244
			vertex -0.5 -12.314629554748535 -4.550405979156494
			vertex -0.5 -13.204609870910645 -4.599583148956299
		endloop
	endfacet
	facet normal -1 0 0
		outer loop
			vertex -0.5 -10.605239868164062 -4.0621209144592285
			vertex -0.5 -11.441749572753906 -4.369925022125244
			vertex -0.5 -13.204609870910645 -4.599583148956299
		endloop
	endfacet
	facet normal -1 0 0
		outer loop
			vertex -0.5 -12.314629554748535 6.550405979156494
			vertex -0.5 -11.441749572753906 6.369925022125244
			vertex -0.5 -13.204609870910645 6.599583148956299
		endloop
	endfacet
	facet normal -1 0 0
		outer loop
			vertex -0.5 -11.441749572753906 6.369925022125244
			vertex -0.5 -10.605239868164062 6.0621209144592285
			vertex -0.5 -13.204609870910645 6.599583148956299
		endloop
	endfacet
	facet normal -1 0 0
		outer loop
			vertex -0.5 -10.605239868164062 6.0621209144592285
			vertex -0.5 -10.477849960327148 6.016726016998291
			vertex -0.5 -13.204609870910645 6.599583148956299
		endloop
	endfacet
	facet normal -1 0 0
		outer loop
			vertex -0.5 -10.477849960327148 6.016726016998291
			vertex -0.5 -1.5516951084136963 2.0253549814224243
			vertex -0.5 -13.204609870910645 6.599583148956299
		endloop
	endfacet
	facet normal -1 0 0
		outer loop
			vertex -0.5 -1.5516951084136963 2.0253549814224243
			vertex -0.5 -1.688277006149292 1.579367995262146
			vertex -0.5 -13.204609870910645 6.599583148956299
		endloop
	endfacet
	facet normal -1 0 0
		outer loop
			vertex -0.5 -11.570879936218262 -10.16819953918457
			vertex -0.5 -11.05171012878418 -11.688830375671387
			vertex -0.5 -11.688830375671387 -11.05171012878418
		endloop
	endfacet
	facet normal -1 0 0
		outer loop
			vertex -0.5 -11.05171012878418 13.688830375671387
			vertex -0.5 -11.570879936218262 12.16819953918457
			vertex -0.5 -11.688830375671387 13.05171012878418
		endloop
	endfacet
	facet normal -1 0 0
		outer loop
			vertex -0.5 -11.448470115661621 -0.3943120241165161
			vertex -0.5 -1.7277259826660156 0.6507009863853455
			vertex -0.5 -11.581489562988281 -0.4186960458755493
		endloop
	endfacet
	facet normal -1 0 0
		outer loop
			vertex -0.5 -11.323349952697754 -9.311920166015625
			vertex -0.5 -11.05171012878418 -11.688830375671387
			vertex -0.5 -11.570879936218262 -10.16819953918457
		endloop
	endfacet
	facet normal -1 0 0
		outer loop
			vertex -0.5 -11.05171012878418 13.688830375671387
			vertex -0.5 -10.16819953918457 13.570879936218262
			vertex -0.5 -11.570879936218262 12.16819953918457
		endloop
	endfacet
	facet normal -1 0 0
		outer loop
			vertex -0.5 -8.501763343811035 12.951689720153809
			vertex -0.5 -1.0643489360809326 2.816856026649475
			vertex -0.5 -11.570879936218262 12.16819953918457
		endloop
	endfacet
	facet normal -1 0 0
		outer loop
			vertex -0.5 -9.311920166015625 13.323349952697754
			vertex -0.5 -8.501763343811035 12.951689720153809
			vertex -0.5 -11.570879936218262 12.16819953918457
		endloop
	endfacet
	facet normal -1 0 0
		outer loop
			vertex -0.5 -10.16819953918457 13.570879936218262
			vertex -0.5 -9.311920166015625 13.323349952697754
			vertex -0.5 -11.570879936218262 12.16819953918457
		endloop
	endfacet
	facet normal -1 0 0
		outer loop
			vertex -0.5 -1.0643489360809326 2.816856026649475
			vertex -0.5 -9.083539962768555 8.431746006011963
			vertex -0.5 -11.570879936218262 12.16819953918457
		endloop
	endfacet
	facet normal -1 0 0
		outer loop
			vertex -0.5 -9.083539962768555 8.431746006011963
			vertex -0.5 -9.18655014038086 8.519373893737793
			vertex -0.5 -11.570879936218262 12.16819953918457
		endloop
	endfacet
	facet normal -1 0 0
		outer loop
			vertex -0.5 -9.18655014038086 8.519373893737793
			vertex -0.5 -9.871370315551758 9.089909553527832
			vertex -0.5 -11.570879936218262 12.16819953918457
		endloop
	endfacet
	facet normal -1 0 0
		outer loop
			vertex -0.5 -9.871370315551758 9.089909553527832
			vertex -0.5 -10.464110374450684 9.755602836608887
			vertex -0.5 -11.570879936218262 12.16819953918457
		endloop
	endfacet
	facet normal -1 0 0
		outer loop
			vertex -0.5 -10.464110374450684 9.755602836608887
			vertex -0.5 -11.323349952697754 11.311920166015625
			vertex -0.5 -11.570879936218262 12.16819953918457
		endloop
	endfacet
	facet normal -1 0 0
		outer loop
			vertex -0.5 -11.321459770202637 -0.34786999225616455
			vertex -0.5 -1.7277259826660156 0.6507009863853455
			vertex -0.5 -11.448470115661621 -0.3943120241165161
		endloop
	endfacet
	facet normal -1 0 0
		outer loop
			vertex -0.5 -1.688277006149292 1.579367995262146
			vertex -0.5 -11.321459770202637 2.3478699922561646
			vertex -0.5 -11.448470115661621 2.394312024116516
		endloop
	endfacet
	facet normal -1 0 0
		outer loop
			vertex -0.5 -10.951689720153809 -8.501763343811035
			vertex -0.5 -11.05171012878418 -11.688830375671387
			vertex -0.5 -11.323349952697754 -9.311920166015625
		endloop
	endfacet
	facet normal -1 0 0
		outer loop
			vertex -0.5 -10.464110374450684 9.755602836608887
			vertex -0.5 -10.951689720153809 10.501763343811035
			vertex -0.5 -11.323349952697754 11.311920166015625
		endloop
	endfacet
	facet normal -1 0 0
		outer loop
			vertex -0.5 -11.204079627990723 -0.2806969881057739
			vertex -0.5 -1.7277259826660156 0.6507009863853455
			vertex -0.5 -11.321459770202637 -0.34786999225616455
		endloop
	endfacet
	facet normal -1 0 0
		outer loop
			vertex -0.5 -1.688277006149292 1.579367995262146
			vertex -0.5 -11.204079627990723 2.280696988105774
			vertex -0.5 -11.321459770202637 2.3478699922561646
		endloop
	endfacet
	facet normal -1 0 0
		outer loop
			vertex -0.5 -11.099690437316895 -0.19471096992492676
			vertex -0.5 -1.7277259826660156 0.6507009863853455
			vertex -0.5 -11.204079627990723 -0.2806969881057739
		endloop
	endfacet
	facet normal -1 0 0
		outer loop
			vertex -0.5 -1.688277006149292 1.579367995262146
			vertex -0.5 -11.099690437316895 2.1947109699249268
			vertex -0.5 -11.204079627990723 2.280696988105774
		endloop
	endfacet
	facet normal -1 0 0
		outer loop
			vertex -0.5 -11.011280059814453 -0.09237194061279297
			vertex -0.5 -1.7277259826660156 0.6507009863853455
			vertex -0.5 -11.099690437316895 -0.19471096992492676
		endloop
	endfacet
	facet normal -1 0 0
		outer loop
			vertex -0.5 -1.688277006149292 1.579367995262146
			vertex -0.5 -11.011280059814453 2.092371940612793
			vertex -0.5 -11.099690437316895 2.1947109699249268
		endloop
	endfacet
	facet normal -1 0 0
		outer loop
			vertex -0.5 -10.951689720153809 -8.501763343811035
			vertex -0.5 -10.464110374450684 -7.755602836608887
			vertex -0.5 -11.05171012878418 -11.688830375671387
		endloop
	endfacet
	facet normal -1 0 0
		outer loop
			vertex -0.5 -10.464110374450684 -7.755602836608887
			vertex -0.5 -9.871370315551758 -7.089909553527832
			vertex -0.5 -11.05171012878418 -11.688830375671387
		endloop
	endfacet
	facet normal -1 0 0
		outer loop
			vertex -0.5 -9.871370315551758 -7.089909553527832
			vertex -0.5 -9.18655014038086 -6.519373893737793
			vertex -0.5 -11.05171012878418 -11.688830375671387
		endloop
	endfacet
	facet normal -1 0 0
		outer loop
			vertex -0.5 -6.431746006011963 -9.083539962768555
			vertex -0.5 -6.519373893737793 -9.18655014038086
			vertex -0.5 -11.05171012878418 -11.688830375671387
		endloop
	endfacet
	facet normal -1 0 0
		outer loop
			vertex -0.5 -0.90283203125 -0.9853789806365967
			vertex -0.5 -6.431746006011963 -9.083539962768555
			vertex -0.5 -11.05171012878418 -11.688830375671387
		endloop
	endfacet
	facet normal -1 0 0
		outer loop
			vertex -0.5 -9.18655014038086 -6.519373893737793
			vertex -0.5 -0.90283203125 -0.9853789806365967
			vertex -0.5 -11.05171012878418 -11.688830375671387
		endloop
	endfacet
	facet normal -1 0 0
		outer loop
			vertex -0.5 -6.519373893737793 -9.18655014038086
			vertex -0.5 -10.16819953918457 -11.570879936218262
			vertex -0.5 -11.05171012878418 -11.688830375671387
		endloop
	endfacet
	facet normal -1 0 0
		outer loop
			vertex -0.5 -10.94137954711914 0.023397982120513916
			vertex -0.5 -1.7277259826660156 0.6507009863853455
			vertex -0.5 -11.011280059814453 -0.09237194061279297
		endloop
	endfacet
	facet normal -1 0 0
		outer loop
			vertex -0.5 -1.688277006149292 1.579367995262146
			vertex -0.5 -10.94137954711914 1.976602017879486
			vertex -0.5 -11.011280059814453 2.092371940612793
		endloop
	endfacet
	facet normal -1 0 0
		outer loop
			vertex -0.5 -10.891969680786133 0.14928901195526123
			vertex -0.5 -1.7277259826660156 0.6507009863853455
			vertex -0.5 -10.94137954711914 0.023397982120513916
		endloop
	endfacet
	facet normal -1 0 0
		outer loop
			vertex -0.5 -1.688277006149292 1.579367995262146
			vertex -0.5 -10.891969680786133 1.8507109880447388
			vertex -0.5 -10.94137954711914 1.976602017879486
		endloop
	endfacet
	facet normal -1 0 0
		outer loop
			vertex -0.5 -10.864469528198242 0.2817037105560303
			vertex -0.5 -1.7277259826660156 0.6507009863853455
			vertex -0.5 -10.891969680786133 0.14928901195526123
		endloop
	endfacet
	facet normal -1 0 0
		outer loop
			vertex -0.5 -1.688277006149292 1.579367995262146
			vertex -0.5 -10.864469528198242 1.7182962894439697
			vertex -0.5 -10.891969680786133 1.8507109880447388
		endloop
	endfacet
	facet normal -1 0 0
		outer loop
			vertex -0.5 -10.85966968536377 0.4168580174446106
			vertex -0.5 -1.7277259826660156 0.6507009863853455
			vertex -0.5 -10.864469528198242 0.2817037105560303
		endloop
	endfacet
	facet normal -1 0 0
		outer loop
			vertex -0.5 -1.688277006149292 1.579367995262146
			vertex -0.5 -10.85966968536377 1.5831419825553894
			vertex -0.5 -10.864469528198242 1.7182962894439697
		endloop
	endfacet
	facet normal -1 0 0
		outer loop
			vertex -0.5 -10.85966968536377 1.5831419825553894
			vertex -0.5 -1.7475221157073975 1.1167133003473282
			vertex -0.5 -10.85966968536377 0.4168580174446106
		endloop
	endfacet
	facet normal -1 0 0
		outer loop
			vertex -0.5 -1.7475221157073975 1.1167133003473282
			vertex -0.5 -1.7277259826660156 0.6507009863853455
			vertex -0.5 -10.85966968536377 0.4168580174446106
		endloop
	endfacet
	facet normal -1 0 0
		outer loop
			vertex -0.5 -1.688277006149292 1.579367995262146
			vertex -0.5 -1.7475221157073975 1.1167133003473282
			vertex -0.5 -10.85966968536377 1.5831419825553894
		endloop
	endfacet
	facet normal -1 0 0
		outer loop
			vertex -0.5 -1.629457950592041 0.19473737478256226
			vertex -0.5 -10.344630241394043 -3.993439197540283
			vertex -0.5 -10.477849960327148 -4.016726016998291
		endloop
	endfacet
	facet normal -1 0 0
		outer loop
			vertex -0.5 -10.344630241394043 5.993439197540283
			vertex -0.5 -1.5516951084136963 2.0253549814224243
			vertex -0.5 -10.477849960327148 6.016726016998291
		endloop
	endfacet
	facet normal -1 0 0
		outer loop
			vertex -0.5 -1.629457950592041 0.19473737478256226
			vertex -0.5 -10.209389686584473 -3.992924213409424
			vertex -0.5 -10.344630241394043 -3.993439197540283
		endloop
	endfacet
	facet normal -1 0 0
		outer loop
			vertex -0.5 -10.209389686584473 5.992924213409424
			vertex -0.5 -1.5516951084136963 2.0253549814224243
			vertex -0.5 -10.344630241394043 5.993439197540283
		endloop
	endfacet
	facet normal -1 0 0
		outer loop
			vertex -0.5 -1.629457950592041 0.19473737478256226
			vertex -0.5 -10.076000213623047 -4.015196800231934
			vertex -0.5 -10.209389686584473 -3.992924213409424
		endloop
	endfacet
	facet normal -1 0 0
		outer loop
			vertex -0.5 -10.076000213623047 6.015196800231934
			vertex -0.5 -1.5516951084136963 2.0253549814224243
			vertex -0.5 -10.209389686584473 5.992924213409424
		endloop
	endfacet
	facet normal -1 0 0
		outer loop
			vertex -0.5 -6.519373893737793 -9.18655014038086
			vertex -0.5 -9.311920166015625 -11.323349952697754
			vertex -0.5 -10.16819953918457 -11.570879936218262
		endloop
	endfacet
	facet normal -1 0 0
		outer loop
			vertex -0.5 -1.629457950592041 0.19473737478256226
			vertex -0.5 -9.948260307312012 -4.0596208572387695
			vertex -0.5 -10.076000213623047 -4.015196800231934
		endloop
	endfacet
	facet normal -1 0 0
		outer loop
			vertex -0.5 -9.948260307312012 6.0596208572387695
			vertex -0.5 -1.5516951084136963 2.0253549814224243
			vertex -0.5 -10.076000213623047 6.015196800231934
		endloop
	endfacet
	facet normal -1 0 0
		outer loop
			vertex -0.5 -1.629457950592041 0.19473737478256226
			vertex -0.5 -9.829839706420898 -4.1249260902404785
			vertex -0.5 -9.948260307312012 -4.0596208572387695
		endloop
	endfacet
	facet normal -1 0 0
		outer loop
			vertex -0.5 -9.829839706420898 6.1249260902404785
			vertex -0.5 -1.5516951084136963 2.0253549814224243
			vertex -0.5 -9.948260307312012 6.0596208572387695
		endloop
	endfacet
	facet normal -1 0 0
		outer loop
			vertex -0.5 -1.629457950592041 0.19473737478256226
			vertex -0.5 -9.724100112915039 -4.20924711227417
			vertex -0.5 -9.829839706420898 -4.1249260902404785
		endloop
	endfacet
	facet normal -1 0 0
		outer loop
			vertex -0.5 -9.724100112915039 6.20924711227417
			vertex -0.5 -1.5516951084136963 2.0253549814224243
			vertex -0.5 -9.829839706420898 6.1249260902404785
		endloop
	endfacet
	facet normal -1 0 0
		outer loop
			vertex -0.5 -1.629457950592041 0.19473737478256226
			vertex -0.5 -9.634079933166504 -4.310173034667969
			vertex -0.5 -9.724100112915039 -4.20924711227417
		endloop
	endfacet
	facet normal -1 0 0
		outer loop
			vertex -0.5 -9.634079933166504 6.310173034667969
			vertex -0.5 -1.5516951084136963 2.0253549814224243
			vertex -0.5 -9.724100112915039 6.20924711227417
		endloop
	endfacet
	facet normal -1 0 0
		outer loop
			vertex -0.5 -1.629457950592041 0.19473737478256226
			vertex -0.5 -1.4555459022521973 -0.23805999755859375
			vertex -0.5 -9.634079933166504 -4.310173034667969
		endloop
	endfacet
	facet normal -1 0 0
		outer loop
			vertex -0.5 -1.4555459022521973 -0.23805999755859375
			vertex -0.5 -9.562350273132324 -4.4248199462890625
			vertex -0.5 -9.634079933166504 -4.310173034667969
		endloop
	endfacet
	facet normal -1 0 0
		outer loop
			vertex -0.5 -9.562350273132324 6.4248199462890625
			vertex -0.5 -1.5516951084136963 2.0253549814224243
			vertex -0.5 -9.634079933166504 6.310173034667969
		endloop
	endfacet
	facet normal -1 0 0
		outer loop
			vertex -0.5 -1.4555459022521973 -0.23805999755859375
			vertex -0.5 -8.979206085205078 -5.434852123260498
			vertex -0.5 -9.562350273132324 -4.4248199462890625
		endloop
	endfacet
	facet normal -1 0 0
		outer loop
			vertex -0.5 -1.341705083847046 2.4418450593948364
			vertex -0.5 -1.5516951084136963 2.0253549814224243
			vertex -0.5 -9.562350273132324 6.4248199462890625
		endloop
	endfacet
	facet normal -1 0 0
		outer loop
			vertex -0.5 -8.979206085205078 7.434852123260498
			vertex -0.5 -1.341705083847046 2.4418450593948364
			vertex -0.5 -9.562350273132324 6.4248199462890625
		endloop
	endfacet
	facet normal -1 0 0
		outer loop
			vertex -0.5 -6.519373893737793 -9.18655014038086
			vertex -0.5 -8.501763343811035 -10.951689720153809
			vertex -0.5 -9.311920166015625 -11.323349952697754
		endloop
	endfacet
	facet normal -1 0 0
		outer loop
			vertex -0.5 -1.2109920978546143 -0.6352410316467285
			vertex -0.5 -0.90283203125 -0.9853789806365967
			vertex -0.5 -9.18655014038086 -6.519373893737793
		endloop
	endfacet
	facet normal -1 0 0
		outer loop
			vertex -0.5 -9.083539962768555 -6.431746006011963
			vertex -0.5 -1.2109920978546143 -0.6352410316467285
			vertex -0.5 -9.18655014038086 -6.519373893737793
		endloop
	endfacet
	facet normal -1 0 0
		outer loop
			vertex -0.5 -1.4555459022521973 -0.23805999755859375
			vertex -0.5 -1.2109920978546143 -0.6352410316467285
			vertex -0.5 -9.083539962768555 -6.431746006011963
		endloop
	endfacet
	facet normal -1 0 0
		outer loop
			vertex -0.5 -8.996759414672852 -6.3280181884765625
			vertex -0.5 -1.4555459022521973 -0.23805999755859375
			vertex -0.5 -9.083539962768555 -6.431746006011963
		endloop
	endfacet
	facet normal -1 0 0
		outer loop
			vertex -0.5 -1.0643489360809326 2.816856026649475
			vertex -0.5 -8.996759414672852 8.328018188476562
			vertex -0.5 -9.083539962768555 8.431746006011963
		endloop
	endfacet
	facet normal -1 0 0
		outer loop
			vertex -0.5 -8.928694725036621 -6.211154937744141
			vertex -0.5 -1.4555459022521973 -0.23805999755859375
			vertex -0.5 -8.996759414672852 -6.3280181884765625
		endloop
	endfacet
	facet normal -1 0 0
		outer loop
			vertex -0.5 -1.0643489360809326 2.816856026649475
			vertex -0.5 -8.928694725036621 8.21115493774414
			vertex -0.5 -8.996759414672852 8.328018188476562
		endloop
	endfacet
	facet normal -1 0 0
		outer loop
			vertex -0.5 -1.4555459022521973 -0.23805999755859375
			vertex -0.5 -8.915785789489746 -5.554297924041748
			vertex -0.5 -8.979206085205078 -5.434852123260498
		endloop
	endfacet
	facet normal -1 0 0
		outer loop
			vertex -0.5 -1.0643489360809326 2.816856026649475
			vertex -0.5 -1.341705083847046 2.4418450593948364
			vertex -0.5 -8.979206085205078 7.434852123260498
		endloop
	endfacet
	facet normal -1 0 0
		outer loop
			vertex -0.5 -8.915785789489746 7.554297924041748
			vertex -0.5 -1.0643489360809326 2.816856026649475
			vertex -0.5 -8.979206085205078 7.434852123260498
		endloop
	endfacet
	facet normal -1 0 0
		outer loop
			vertex -0.5 -8.88128662109375 -6.084496974945068
			vertex -0.5 -1.4555459022521973 -0.23805999755859375
			vertex -0.5 -8.928694725036621 -6.211154937744141
		endloop
	endfacet
	facet normal -1 0 0
		outer loop
			vertex -0.5 -1.0643489360809326 2.816856026649475
			vertex -0.5 -8.88128662109375 8.084496974945068
			vertex -0.5 -8.928694725036621 8.21115493774414
		endloop
	endfacet
	facet normal -1 0 0
		outer loop
			vertex -0.5 -1.4555459022521973 -0.23805999755859375
			vertex -0.5 -8.873391151428223 -5.682722091674805
			vertex -0.5 -8.915785789489746 -5.554297924041748
		endloop
	endfacet
	facet normal -1 0 0
		outer loop
			vertex -0.5 -8.873391151428223 7.682722091674805
			vertex -0.5 -1.0643489360809326 2.816856026649475
			vertex -0.5 -8.915785789489746 7.554297924041748
		endloop
	endfacet
	facet normal -1 0 0
		outer loop
			vertex -0.5 -8.855891227722168 -5.951663017272949
			vertex -0.5 -1.4555459022521973 -0.23805999755859375
			vertex -0.5 -8.88128662109375 -6.084496974945068
		endloop
	endfacet
	facet normal -1 0 0
		outer loop
			vertex -0.5 -1.0643489360809326 2.816856026649475
			vertex -0.5 -8.855891227722168 7.951663017272949
			vertex -0.5 -8.88128662109375 8.084496974945068
		endloop
	endfacet
	facet normal -1 0 0
		outer loop
			vertex -0.5 -1.4555459022521973 -0.23805999755859375
			vertex -0.5 -8.85323429107666 -5.816451072692871
			vertex -0.5 -8.873391151428223 -5.682722091674805
		endloop
	endfacet
	facet normal -1 0 0
		outer loop
			vertex -0.5 -8.85323429107666 7.816451072692871
			vertex -0.5 -1.0643489360809326 2.816856026649475
			vertex -0.5 -8.873391151428223 7.682722091674805
		endloop
	endfacet
	facet normal -1 0 0
		outer loop
			vertex -0.5 -8.85323429107666 -5.816451072692871
			vertex -0.5 -1.4555459022521973 -0.23805999755859375
			vertex -0.5 -8.855891227722168 -5.951663017272949
		endloop
	endfacet
	facet normal -1 0 0
		outer loop
			vertex -0.5 -1.0643489360809326 2.816856026649475
			vertex -0.5 -8.85323429107666 7.816451072692871
			vertex -0.5 -8.855891227722168 7.951663017272949
		endloop
	endfacet
	facet normal -1 0 0
		outer loop
			vertex -0.5 -6.519373893737793 -9.18655014038086
			vertex -0.5 -7.755602836608887 -10.464110374450684
			vertex -0.5 -8.501763343811035 -10.951689720153809
		endloop
	endfacet
	facet normal -1 0 0
		outer loop
			vertex -0.5 -0.7276049852371216 3.1395978927612305
			vertex -0.5 -1.0643489360809326 2.816856026649475
			vertex -0.5 -8.501763343811035 12.951689720153809
		endloop
	endfacet
	facet normal -1 0 0
		outer loop
			vertex -0.5 -7.755602836608887 12.464110374450684
			vertex -0.5 -7.089909553527832 11.871370315551758
			vertex -0.5 -8.501763343811035 12.951689720153809
		endloop
	endfacet
	facet normal -1 0 0
		outer loop
			vertex -0.5 -7.089909553527832 11.871370315551758
			vertex -0.5 -6.519373893737793 11.18655014038086
			vertex -0.5 -8.501763343811035 12.951689720153809
		endloop
	endfacet
	facet normal -1 0 0
		outer loop
			vertex -0.5 -6.519373893737793 11.18655014038086
			vertex -0.5 -6.431746006011963 11.083539962768555
			vertex -0.5 -8.501763343811035 12.951689720153809
		endloop
	endfacet
	facet normal -1 0 0
		outer loop
			vertex -0.5 -6.431746006011963 11.083539962768555
			vertex -0.5 -0.7276049852371216 3.1395978927612305
			vertex -0.5 -8.501763343811035 12.951689720153809
		endloop
	endfacet
	facet normal -1 0 0
		outer loop
			vertex -0.5 -6.519373893737793 -9.18655014038086
			vertex -0.5 -7.089909553527832 -9.871370315551758
			vertex -0.5 -7.755602836608887 -10.464110374450684
		endloop
	endfacet
	facet normal -1 0 0
		outer loop
			vertex -0.5 -0.90283203125 -0.9853789806365967
			vertex -0.5 -6.3280181884765625 -8.996759414672852
			vertex -0.5 -6.431746006011963 -9.083539962768555
		endloop
	endfacet
	facet normal -1 0 0
		outer loop
			vertex -0.5 -6.3280181884765625 10.996759414672852
			vertex -0.5 -0.7276049852371216 3.1395978927612305
			vertex -0.5 -6.431746006011963 11.083539962768555
		endloop
	endfacet
	facet normal -1 0 0
		outer loop
			vertex -0.5 -0.90283203125 -0.9853789806365967
			vertex -0.5 -6.211154937744141 -8.928694725036621
			vertex -0.5 -6.3280181884765625 -8.996759414672852
		endloop
	endfacet
	facet normal -1 0 0
		outer loop
			vertex -0.5 -6.211154937744141 10.928694725036621
			vertex -0.5 -0.7276049852371216 3.1395978927612305
			vertex -0.5 -6.3280181884765625 10.996759414672852
		endloop
	endfacet
	facet normal -1 0 0
		outer loop
			vertex -0.5 -0.90283203125 -0.9853789806365967
			vertex -0.5 -6.084496974945068 -8.88128662109375
			vertex -0.5 -6.211154937744141 -8.928694725036621
		endloop
	endfacet
	facet normal -1 0 0
		outer loop
			vertex -0.5 -6.084496974945068 10.88128662109375
			vertex -0.5 -0.7276049852371216 3.1395978927612305
			vertex -0.5 -6.211154937744141 10.928694725036621
		endloop
	endfacet
	facet normal -1 0 0
		outer loop
			vertex -0.5 -0.90283203125 -0.9853789806365967
			vertex -0.5 -5.951663017272949 -8.855891227722168
			vertex -0.5 -6.084496974945068 -8.88128662109375
		endloop
	endfacet
	facet normal -1 0 0
		outer loop
			vertex -0.5 -5.951663017272949 10.855891227722168
			vertex -0.5 -0.7276049852371216 3.1395978927612305
			vertex -0.5 -6.084496974945068 10.88128662109375
		endloop
	endfacet
	facet normal -1 0 0
		outer loop
			vertex -0.5 -0.90283203125 -0.9853789806365967
			vertex -0.5 -5.816451072692871 -8.85323429107666
			vertex -0.5 -5.951663017272949 -8.855891227722168
		endloop
	endfacet
	facet normal -1 0 0
		outer loop
			vertex -0.5 -5.816451072692871 10.85323429107666
			vertex -0.5 -0.7276049852371216 3.1395978927612305
			vertex -0.5 -5.951663017272949 10.855891227722168
		endloop
	endfacet
	facet normal -1 0 0
		outer loop
			vertex -0.5 -0.90283203125 -0.9853789806365967
			vertex -0.5 -5.682722091674805 -8.873391151428223
			vertex -0.5 -5.816451072692871 -8.85323429107666
		endloop
	endfacet
	facet normal -1 0 0
		outer loop
			vertex -0.5 -5.682722091674805 10.873391151428223
			vertex -0.5 -0.7276049852371216 3.1395978927612305
			vertex -0.5 -5.816451072692871 10.85323429107666
		endloop
	endfacet
	facet normal -1 0 0
		outer loop
			vertex -0.5 -0.539931058883667 -1.2784020900726318
			vertex -0.5 -5.554297924041748 -8.915785789489746
			vertex -0.5 -5.682722091674805 -8.873391151428223
		endloop
	endfacet
	facet normal -1 0 0
		outer loop
			vertex -0.5 -0.90283203125 -0.9853789806365967
			vertex -0.5 -0.539931058883667 -1.2784020900726318
			vertex -0.5 -5.682722091674805 -8.873391151428223
		endloop
	endfacet
	facet normal -1 0 0
		outer loop
			vertex -0.5 -5.554297924041748 10.915785789489746
			vertex -0.5 -0.7276049852371216 3.1395978927612305
			vertex -0.5 -5.682722091674805 10.873391151428223
		endloop
	endfacet
	facet normal -1 0 0
		outer loop
			vertex -0.5 -0.539931058883667 -1.2784020900726318
			vertex -0.5 -5.434852123260498 -8.979206085205078
			vertex -0.5 -5.554297924041748 -8.915785789489746
		endloop
	endfacet
	facet normal -1 0 0
		outer loop
			vertex -0.5 -5.434852123260498 10.979206085205078
			vertex -0.5 -0.7276049852371216 3.1395978927612305
			vertex -0.5 -5.554297924041748 10.915785789489746
		endloop
	endfacet
	facet normal -1 0 0
		outer loop
			vertex -0.5 -0.539931058883667 -1.2784020900726318
			vertex -0.5 -4.4248199462890625 -9.562350273132324
			vertex -0.5 -5.434852123260498 -8.979206085205078
		endloop
	endfacet
	facet normal -1 0 0
		outer loop
			vertex -0.5 -0.34116101264953613 3.4007890224456787
			vertex -0.5 -0.7276049852371216 3.1395978927612305
			vertex -0.5 -5.434852123260498 10.979206085205078
		endloop
	endfacet
	facet normal -1 0 0
		outer loop
			vertex -0.5 -4.4248199462890625 11.562350273132324
			vertex -0.5 -0.34116101264953613 3.4007890224456787
			vertex -0.5 -5.434852123260498 10.979206085205078
		endloop
	endfacet
	facet normal -1 0 0
		outer loop
			vertex -0.5 -3.0926690101623535 -16.014699935913086
			vertex -0.5 -4.5163679122924805 -14.092060089111328
			vertex -0.5 -4.599583148956299 -13.204609870910645
		endloop
	endfacet
	facet normal -1 0 0
		outer loop
			vertex -0.5 -4.550405979156494 -12.314629554748535
			vertex -0.5 -3.0926690101623535 -16.014699935913086
			vertex -0.5 -4.599583148956299 -13.204609870910645
		endloop
	endfacet
	facet normal -1 0 0
		outer loop
			vertex -0.5 -4.016726016998291 12.477849960327148
			vertex -0.5 -4.550405979156494 14.314629554748535
			vertex -0.5 -4.599583148956299 15.204609870910645
		endloop
	endfacet
	facet normal -1 0 0
		outer loop
			vertex -0.5 -4.5163679122924805 16.092060089111328
			vertex -0.5 -4.016726016998291 12.477849960327148
			vertex -0.5 -4.599583148956299 15.204609870910645
		endloop
	endfacet
	facet normal -1 0 0
		outer loop
			vertex -0.5 -4.369925022125244 -11.441749572753906
			vertex -0.5 -3.0926690101623535 -16.014699935913086
			vertex -0.5 -4.550405979156494 -12.314629554748535
		endloop
	endfacet
	facet normal -1 0 0
		outer loop
			vertex -0.5 -4.0621209144592285 12.605239868164062
			vertex -0.5 -4.369925022125244 13.441749572753906
			vertex -0.5 -4.550405979156494 14.314629554748535
		endloop
	endfacet
	facet normal -1 0 0
		outer loop
			vertex -0.5 -4.016726016998291 12.477849960327148
			vertex -0.5 -4.0621209144592285 12.605239868164062
			vertex -0.5 -4.550405979156494 14.314629554748535
		endloop
	endfacet
	facet normal -1 0 0
		outer loop
			vertex -0.5 -3.0926690101623535 -16.014699935913086
			vertex -0.5 -4.30259895324707 -14.957389831542969
			vertex -0.5 -4.5163679122924805 -14.092060089111328
		endloop
	endfacet
	facet normal -1 0 0
		outer loop
			vertex -0.5 -4.30259895324707 16.95738983154297
			vertex -0.5 -2.386507987976074 17.470800399780273
			vertex -0.5 -4.5163679122924805 16.092060089111328
		endloop
	endfacet
	facet normal -1 0 0
		outer loop
			vertex -0.5 -2.386507987976074 17.470800399780273
			vertex -0.5 -1.7687149047851562 16.82828998565674
			vertex -0.5 -4.5163679122924805 16.092060089111328
		endloop
	endfacet
	facet normal -1 0 0
		outer loop
			vertex -0.5 -1.7687149047851562 16.82828998565674
			vertex -0.5 0.08386552333831787 3.5929129123687744
			vertex -0.5 -4.5163679122924805 16.092060089111328
		endloop
	endfacet
	facet normal -1 0 0
		outer loop
			vertex -0.5 0.08386552333831787 3.5929129123687744
			vertex -0.5 -4.016726016998291 12.477849960327148
			vertex -0.5 -4.5163679122924805 16.092060089111328
		endloop
	endfacet
	facet normal -1 0 0
		outer loop
			vertex -0.5 -0.1327279806137085 -1.50587797164917
			vertex -0.5 -4.310173034667969 -9.634079933166504
			vertex -0.5 -4.4248199462890625 -9.562350273132324
		endloop
	endfacet
	facet normal -1 0 0
		outer loop
			vertex -0.5 -0.539931058883667 -1.2784020900726318
			vertex -0.5 -0.1327279806137085 -1.50587797164917
			vertex -0.5 -4.4248199462890625 -9.562350273132324
		endloop
	endfacet
	facet normal -1 0 0
		outer loop
			vertex -0.5 0.08386552333831787 3.5929129123687744
			vertex -0.5 -0.34116101264953613 3.4007890224456787
			vertex -0.5 -4.4248199462890625 11.562350273132324
		endloop
	endfacet
	facet normal -1 0 0
		outer loop
			vertex -0.5 -4.310173034667969 11.634079933166504
			vertex -0.5 0.08386552333831787 3.5929129123687744
			vertex -0.5 -4.4248199462890625 11.562350273132324
		endloop
	endfacet
	facet normal -1 0 0
		outer loop
			vertex -0.5 -4.0621209144592285 -10.605239868164062
			vertex -0.5 -3.0926690101623535 -16.014699935913086
			vertex -0.5 -4.369925022125244 -11.441749572753906
		endloop
	endfacet
	facet normal -1 0 0
		outer loop
			vertex -0.5 -0.1327279806137085 -1.50587797164917
			vertex -0.5 -4.20924711227417 -9.724100112915039
			vertex -0.5 -4.310173034667969 -9.634079933166504
		endloop
	endfacet
	facet normal -1 0 0
		outer loop
			vertex -0.5 -4.20924711227417 11.724100112915039
			vertex -0.5 0.08386552333831787 3.5929129123687744
			vertex -0.5 -4.310173034667969 11.634079933166504
		endloop
	endfacet
	facet normal -1 0 0
		outer loop
			vertex -0.5 -3.0926690101623535 -16.014699935913086
			vertex -0.5 -3.9629950523376465 -15.781499862670898
			vertex -0.5 -4.30259895324707 -14.957389831542969
		endloop
	endfacet
	facet normal -1 0 0
		outer loop
			vertex -0.5 -3.9629950523376465 17.7814998626709
			vertex -0.5 -3.0926690101623535 18.014699935913086
			vertex -0.5 -4.30259895324707 16.95738983154297
		endloop
	endfacet
	facet normal -1 0 0
		outer loop
			vertex -0.5 -3.0926690101623535 18.014699935913086
			vertex -0.5 -2.386507987976074 17.470800399780273
			vertex -0.5 -4.30259895324707 16.95738983154297
		endloop
	endfacet
	facet normal -1 0 0
		outer loop
			vertex -0.5 -0.1327279806137085 -1.50587797164917
			vertex -0.5 -4.1249260902404785 -9.829839706420898
			vertex -0.5 -4.20924711227417 -9.724100112915039
		endloop
	endfacet
	facet normal -1 0 0
		outer loop
			vertex -0.5 -4.1249260902404785 11.829839706420898
			vertex -0.5 0.08386552333831787 3.5929129123687744
			vertex -0.5 -4.20924711227417 11.724100112915039
		endloop
	endfacet
	facet normal -1 0 0
		outer loop
			vertex -0.5 -0.1327279806137085 -1.50587797164917
			vertex -0.5 -4.0596208572387695 -9.948260307312012
			vertex -0.5 -4.1249260902404785 -9.829839706420898
		endloop
	endfacet
	facet normal -1 0 0
		outer loop
			vertex -0.5 -4.0596208572387695 11.948260307312012
			vertex -0.5 0.08386552333831787 3.5929129123687744
			vertex -0.5 -4.1249260902404785 11.829839706420898
		endloop
	endfacet
	facet normal -1 0 0
		outer loop
			vertex -0.5 -4.016726016998291 -10.477849960327148
			vertex -0.5 -3.0926690101623535 -16.014699935913086
			vertex -0.5 -4.0621209144592285 -10.605239868164062
		endloop
	endfacet
	facet normal -1 0 0
		outer loop
			vertex -0.5 -0.1327279806137085 -1.50587797164917
			vertex -0.5 -4.015196800231934 -10.076000213623047
			vertex -0.5 -4.0596208572387695 -9.948260307312012
		endloop
	endfacet
	facet normal -1 0 0
		outer loop
			vertex -0.5 -4.015196800231934 12.076000213623047
			vertex -0.5 0.08386552333831787 3.5929129123687744
			vertex -0.5 -4.0596208572387695 11.948260307312012
		endloop
	endfacet
	facet normal -1 0 0
		outer loop
			vertex -0.5 -3.993439197540283 -10.344630241394043
			vertex -0.5 -3.0926690101623535 -16.014699935913086
			vertex -0.5 -4.016726016998291 -10.477849960327148
		endloop
	endfacet
	facet normal -1 0 0
		outer loop
			vertex -0.5 0.08386552333831787 3.5929129123687744
			vertex -0.5 -3.993439197540283 12.344630241394043
			vertex -0.5 -4.016726016998291 12.477849960327148
		endloop
	endfacet
	facet normal -1 0 0
		outer loop
			vertex -0.5 -0.1327279806137085 -1.50587797164917
			vertex -0.5 -3.992924213409424 -10.209389686584473
			vertex -0.5 -4.015196800231934 -10.076000213623047
		endloop
	endfacet
	facet normal -1 0 0
		outer loop
			vertex -0.5 -3.992924213409424 12.209389686584473
			vertex -0.5 0.08386552333831787 3.5929129123687744
			vertex -0.5 -4.015196800231934 12.076000213623047
		endloop
	endfacet
	facet normal -1 0 0
		outer loop
			vertex -0.5 0.3070603013038635 -1.6612660884857178
			vertex -0.5 -3.0926690101623535 -16.014699935913086
			vertex -0.5 -3.993439197540283 -10.344630241394043
		endloop
	endfacet
	facet normal -1 0 0
		outer loop
			vertex -0.5 -3.992924213409424 -10.209389686584473
			vertex -0.5 0.3070603013038635 -1.6612660884857178
			vertex -0.5 -3.993439197540283 -10.344630241394043
		endloop
	endfacet
	facet normal -1 0 0
		outer loop
			vertex -0.5 0.08386552333831787 3.5929129123687744
			vertex -0.5 -3.992924213409424 12.209389686584473
			vertex -0.5 -3.993439197540283 12.344630241394043
		endloop
	endfacet
	facet normal -1 0 0
		outer loop
			vertex -0.5 -0.1327279806137085 -1.50587797164917
			vertex -0.5 0.3070603013038635 -1.6612660884857178
			vertex -0.5 -3.992924213409424 -10.209389686584473
		endloop
	endfacet
	facet normal -1 0 0
		outer loop
			vertex -0.5 0.3070603013038635 -1.6612660884857178
			vertex -0.5 -0.3943120241165161 -11.448470115661621
			vertex -0.5 -3.0926690101623535 -16.014699935913086
		endloop
	endfacet
	facet normal -1 0 0
		outer loop
			vertex -0.5 -0.3943120241165161 -11.448470115661621
			vertex -0.5 -0.4186960458755493 -11.581489562988281
			vertex -0.5 -3.0926690101623535 -16.014699935913086
		endloop
	endfacet
	facet normal -1 0 0
		outer loop
			vertex -0.5 -0.4186960458755493 -11.581489562988281
			vertex -0.5 -2.386507987976074 -15.470800399780273
			vertex -0.5 -3.0926690101623535 -16.014699935913086
		endloop
	endfacet
	facet normal -1 0 0
		outer loop
			vertex -0.5 -0.4186960458755493 -11.581489562988281
			vertex -0.5 -0.5703840255737305 -12.459830284118652
			vertex -0.5 -2.386507987976074 -15.470800399780273
		endloop
	endfacet
	facet normal -1 0 0
		outer loop
			vertex -0.5 -0.5703840255737305 -12.459830284118652
			vertex -0.5 -0.8505209684371948 -13.306010246276855
			vertex -0.5 -2.386507987976074 -15.470800399780273
		endloop
	endfacet
	facet normal -1 0 0
		outer loop
			vertex -0.5 -0.8505209684371948 -13.306010246276855
			vertex -0.5 -1.252924919128418 -14.101349830627441
			vertex -0.5 -2.386507987976074 -15.470800399780273
		endloop
	endfacet
	facet normal -1 0 0
		outer loop
			vertex -0.5 -1.252924919128418 -14.101349830627441
			vertex -0.5 -1.7687149047851562 -14.828289985656738
			vertex -0.5 -2.386507987976074 -15.470800399780273
		endloop
	endfacet
	facet normal -1 0 0
		outer loop
			vertex -0.5 0.5352477133274078 3.7104439735412598
			vertex -0.5 0.08386552333831787 3.5929129123687744
			vertex -0.5 -1.7687149047851562 16.82828998565674
		endloop
	endfacet
	facet normal -1 0 0
		outer loop
			vertex -0.5 -1.252924919128418 16.10134983062744
			vertex -0.5 -0.8505209684371948 15.306010246276855
			vertex -0.5 -1.7687149047851562 16.82828998565674
		endloop
	endfacet
	facet normal -1 0 0
		outer loop
			vertex -0.5 -0.8505209684371948 15.306010246276855
			vertex -0.5 -0.5703840255737305 14.459830284118652
			vertex -0.5 -1.7687149047851562 16.82828998565674
		endloop
	endfacet
	facet normal -1 0 0
		outer loop
			vertex -0.5 -0.5703840255737305 14.459830284118652
			vertex -0.5 -0.4186960458755493 13.581489562988281
			vertex -0.5 -1.7687149047851562 16.82828998565674
		endloop
	endfacet
	facet normal -1 0 0
		outer loop
			vertex -0.5 -0.4186960458755493 13.581489562988281
			vertex -0.5 -0.3943120241165161 13.448470115661621
			vertex -0.5 -1.7687149047851562 16.82828998565674
		endloop
	endfacet
	facet normal -1 0 0
		outer loop
			vertex -0.5 -0.3943120241165161 13.448470115661621
			vertex -0.5 0.5352477133274078 3.7104439735412598
			vertex -0.5 -1.7687149047851562 16.82828998565674
		endloop
	endfacet
	facet normal -1 0 0
		outer loop
			vertex -0.5 0.3070603013038635 -1.6612660884857178
			vertex -0.5 -0.34786999225616455 -11.321459770202637
			vertex -0.5 -0.3943120241165161 -11.448470115661621
		endloop
	endfacet
	facet normal -1 0 0
		outer loop
			vertex -0.5 -0.34786999225616455 13.321459770202637
			vertex -0.5 0.5352477133274078 3.7104439735412598
			vertex -0.5 -0.3943120241165161 13.448470115661621
		endloop
	endfacet
	facet normal -1 0 0
		outer loop
			vertex -0.5 0.3070603013038635 -1.6612660884857178
			vertex -0.5 -0.2806969881057739 -11.204079627990723
			vertex -0.5 -0.34786999225616455 -11.321459770202637
		endloop
	endfacet
	facet normal -1 0 0
		outer loop
			vertex -0.5 -0.2806969881057739 13.204079627990723
			vertex -0.5 0.5352477133274078 3.7104439735412598
			vertex -0.5 -0.34786999225616455 13.321459770202637
		endloop
	endfacet
	facet normal -1 0 0
		outer loop
			vertex -0.5 0.3070603013038635 -1.6612660884857178
			vertex -0.5 -0.19471096992492676 -11.099690437316895
			vertex -0.5 -0.2806969881057739 -11.204079627990723
		endloop
	endfacet
	facet normal -1 0 0
		outer loop
			vertex -0.5 -0.19471096992492676 13.099690437316895
			vertex -0.5 0.5352477133274078 3.7104439735412598
			vertex -0.5 -0.2806969881057739 13.204079627990723
		endloop
	endfacet
	facet normal -1 0 0
		outer loop
			vertex -0.5 0.3070603013038635 -1.6612660884857178
			vertex -0.5 -0.09237194061279297 -11.011280059814453
			vertex -0.5 -0.19471096992492676 -11.099690437316895
		endloop
	endfacet
	facet normal -1 0 0
		outer loop
			vertex -0.5 -0.09237194061279297 13.011280059814453
			vertex -0.5 0.5352477133274078 3.7104439735412598
			vertex -0.5 -0.19471096992492676 13.099690437316895
		endloop
	endfacet
	facet normal -1 0 0
		outer loop
			vertex -0.5 0.3070603013038635 -1.6612660884857178
			vertex -0.5 0.023397982120513916 -10.94137954711914
			vertex -0.5 -0.09237194061279297 -11.011280059814453
		endloop
	endfacet
	facet normal -1 0 0
		outer loop
			vertex -0.5 0.023397982120513916 12.94137954711914
			vertex -0.5 0.5352477133274078 3.7104439735412598
			vertex -0.5 -0.09237194061279297 13.011280059814453
		endloop
	endfacet
	facet normal -1 0 0
		outer loop
			vertex -0.5 0.7667836993932724 -1.7400929927825928
			vertex -0.5 0.14928901195526123 -10.891969680786133
			vertex -0.5 0.023397982120513916 -10.94137954711914
		endloop
	endfacet
	facet normal -1 0 0
		outer loop
			vertex -0.5 0.3070603013038635 -1.6612660884857178
			vertex -0.5 0.7667836993932724 -1.7400929927825928
			vertex -0.5 0.023397982120513916 -10.94137954711914
		endloop
	endfacet
	facet normal -1 0 0
		outer loop
			vertex -0.5 0.14928901195526123 12.891969680786133
			vertex -0.5 0.5352477133274078 3.7104439735412598
			vertex -0.5 0.023397982120513916 12.94137954711914
		endloop
	endfacet
	facet normal -1 0 0
		outer loop
			vertex -0.5 0.7667836993932724 -1.7400929927825928
			vertex -0.5 0.2817037105560303 -10.864469528198242
			vertex -0.5 0.14928901195526123 -10.891969680786133
		endloop
	endfacet
	facet normal -1 0 0
		outer loop
			vertex -0.5 0.2817037105560303 12.864469528198242
			vertex -0.5 0.5352477133274078 3.7104439735412598
			vertex -0.5 0.14928901195526123 12.891969680786133
		endloop
	endfacet
	facet normal -1 0 0
		outer loop
			vertex -0.5 0.7667836993932724 -1.7400929927825928
			vertex -0.5 0.4168580174446106 -10.85966968536377
			vertex -0.5 0.2817037105560303 -10.864469528198242
		endloop
	endfacet
	facet normal -1 0 0
		outer loop
			vertex -0.5 0.4168580174446106 12.85966968536377
			vertex -0.5 0.5352477133274078 3.7104439735412598
			vertex -0.5 0.2817037105560303 12.864469528198242
		endloop
	endfacet
	facet normal -1 0 0
		outer loop
			vertex -0.5 0.7667836993932724 -1.7400929927825928
			vertex -0.5 1.5831419825553894 -10.85966968536377
			vertex -0.5 0.4168580174446106 -10.85966968536377
		endloop
	endfacet
	facet normal -1 0 0
		outer loop
			vertex -0.5 1 3.75
			vertex -0.5 0.5352477133274078 3.7104439735412598
			vertex -0.5 0.4168580174446106 12.85966968536377
		endloop
	endfacet
	facet normal -1 0 0
		outer loop
			vertex -0.5 1.5831419825553894 12.85966968536377
			vertex -0.5 1 3.75
			vertex -0.5 0.4168580174446106 12.85966968536377
		endloop
	endfacet
	facet normal -1 0 0
		outer loop
			vertex -0.5 1.2332163006067276 -1.7400929927825928
			vertex -0.5 1.5831419825553894 -10.85966968536377
			vertex -0.5 0.7667836993932724 -1.7400929927825928
		endloop
	endfacet
	facet normal -1 0 0
		outer loop
			vertex -0.5 1.5831419825553894 12.85966968536377
			vertex -0.5 1.4647522866725922 3.7104439735412598
			vertex -0.5 1 3.75
		endloop
	endfacet
	facet normal -1 0 0
		outer loop
			vertex -0.5 1.6929396986961365 -1.6612660884857178
			vertex -0.5 2.092371940612793 -11.011280059814453
			vertex -0.5 1.2332163006067276 -1.7400929927825928
		endloop
	endfacet
	facet normal -1 0 0
		outer loop
			vertex -0.5 2.092371940612793 -11.011280059814453
			vertex -0.5 1.976602017879486 -10.94137954711914
			vertex -0.5 1.2332163006067276 -1.7400929927825928
		endloop
	endfacet
	facet normal -1 0 0
		outer loop
			vertex -0.5 1.976602017879486 -10.94137954711914
			vertex -0.5 1.8507109880447388 -10.891969680786133
			vertex -0.5 1.2332163006067276 -1.7400929927825928
		endloop
	endfacet
	facet normal -1 0 0
		outer loop
			vertex -0.5 1.8507109880447388 -10.891969680786133
			vertex -0.5 1.7182962894439697 -10.864469528198242
			vertex -0.5 1.2332163006067276 -1.7400929927825928
		endloop
	endfacet
	facet normal -1 0 0
		outer loop
			vertex -0.5 1.7182962894439697 -10.864469528198242
			vertex -0.5 1.5831419825553894 -10.85966968536377
			vertex -0.5 1.2332163006067276 -1.7400929927825928
		endloop
	endfacet
	facet normal -1 0 0
		outer loop
			vertex -0.5 1.976602017879486 12.94137954711914
			vertex -0.5 2.092371940612793 13.011280059814453
			vertex -0.5 1.4647522866725922 3.7104439735412598
		endloop
	endfacet
	facet normal -1 0 0
		outer loop
			vertex -0.5 1.8507109880447388 12.891969680786133
			vertex -0.5 1.976602017879486 12.94137954711914
			vertex -0.5 1.4647522866725922 3.7104439735412598
		endloop
	endfacet
	facet normal -1 0 0
		outer loop
			vertex -0.5 2.092371940612793 13.011280059814453
			vertex -0.5 2.1947109699249268 13.099690437316895
			vertex -0.5 1.4647522866725922 3.7104439735412598
		endloop
	endfacet
	facet normal -1 0 0
		outer loop
			vertex -0.5 2.1947109699249268 13.099690437316895
			vertex -0.5 2.280696988105774 13.204079627990723
			vertex -0.5 1.4647522866725922 3.7104439735412598
		endloop
	endfacet
	facet normal -1 0 0
		outer loop
			vertex -0.5 2.280696988105774 13.204079627990723
			vertex -0.5 2.3478699922561646 13.321459770202637
			vertex -0.5 1.4647522866725922 3.7104439735412598
		endloop
	endfacet
	facet normal -1 0 0
		outer loop
			vertex -0.5 1.5831419825553894 12.85966968536377
			vertex -0.5 1.7182962894439697 12.864469528198242
			vertex -0.5 1.4647522866725922 3.7104439735412598
		endloop
	endfacet
	facet normal -1 0 0
		outer loop
			vertex -0.5 1.7182962894439697 12.864469528198242
			vertex -0.5 1.8507109880447388 12.891969680786133
			vertex -0.5 1.4647522866725922 3.7104439735412598
		endloop
	endfacet
	facet normal -1 0 0
		outer loop
			vertex -0.5 2.3478699922561646 13.321459770202637
			vertex -0.5 2.394312024116516 13.448470115661621
			vertex -0.5 1.4647522866725922 3.7104439735412598
		endloop
	endfacet
	facet normal -1 0 0
		outer loop
			vertex -0.5 2.394312024116516 13.448470115661621
			vertex -0.5 3.7687149047851562 16.82828998565674
			vertex -0.5 1.4647522866725922 3.7104439735412598
		endloop
	endfacet
	facet normal -1 0 0
		outer loop
			vertex -0.5 3.7687149047851562 16.82828998565674
			vertex -0.5 1.9161344766616821 3.5929129123687744
			vertex -0.5 1.4647522866725922 3.7104439735412598
		endloop
	endfacet
	facet normal -1 0 0
		outer loop
			vertex -0.5 2.1327279806137085 -1.50587797164917
			vertex -0.5 6.015196800231934 -10.076000213623047
			vertex -0.5 1.6929396986961365 -1.6612660884857178
		endloop
	endfacet
	facet normal -1 0 0
		outer loop
			vertex -0.5 2.280696988105774 -11.204079627990723
			vertex -0.5 2.1947109699249268 -11.099690437316895
			vertex -0.5 1.6929396986961365 -1.6612660884857178
		endloop
	endfacet
	facet normal -1 0 0
		outer loop
			vertex -0.5 2.1947109699249268 -11.099690437316895
			vertex -0.5 2.092371940612793 -11.011280059814453
			vertex -0.5 1.6929396986961365 -1.6612660884857178
		endloop
	endfacet
	facet normal -1 0 0
		outer loop
			vertex -0.5 6.015196800231934 -10.076000213623047
			vertex -0.5 5.992924213409424 -10.209389686584473
			vertex -0.5 1.6929396986961365 -1.6612660884857178
		endloop
	endfacet
	facet normal -1 0 0
		outer loop
			vertex -0.5 5.992924213409424 -10.209389686584473
			vertex -0.5 5.993439197540283 -10.344630241394043
			vertex -0.5 1.6929396986961365 -1.6612660884857178
		endloop
	endfacet
	facet normal -1 0 0
		outer loop
			vertex -0.5 5.993439197540283 -10.344630241394043
			vertex -0.5 5.0926690101623535 -16.014699935913086
			vertex -0.5 1.6929396986961365 -1.6612660884857178
		endloop
	endfacet
	facet normal -1 0 0
		outer loop
			vertex -0.5 5.0926690101623535 -16.014699935913086
			vertex -0.5 2.394312024116516 -11.448470115661621
			vertex -0.5 1.6929396986961365 -1.6612660884857178
		endloop
	endfacet
	facet normal -1 0 0
		outer loop
			vertex -0.5 2.394312024116516 -11.448470115661621
			vertex -0.5 2.3478699922561646 -11.321459770202637
			vertex -0.5 1.6929396986961365 -1.6612660884857178
		endloop
	endfacet
	facet normal -1 0 0
		outer loop
			vertex -0.5 2.3478699922561646 -11.321459770202637
			vertex -0.5 2.280696988105774 -11.204079627990723
			vertex -0.5 1.6929396986961365 -1.6612660884857178
		endloop
	endfacet
	facet normal -1 0 0
		outer loop
			vertex -0.5 5.993439197540283 12.344630241394043
			vertex -0.5 5.992924213409424 12.209389686584473
			vertex -0.5 1.9161344766616821 3.5929129123687744
		endloop
	endfacet
	facet normal -1 0 0
		outer loop
			vertex -0.5 6.016726016998291 12.477849960327148
			vertex -0.5 5.993439197540283 12.344630241394043
			vertex -0.5 1.9161344766616821 3.5929129123687744
		endloop
	endfacet
	facet normal -1 0 0
		outer loop
			vertex -0.5 5.992924213409424 12.209389686584473
			vertex -0.5 6.015196800231934 12.076000213623047
			vertex -0.5 1.9161344766616821 3.5929129123687744
		endloop
	endfacet
	facet normal -1 0 0
		outer loop
			vertex -0.5 6.015196800231934 12.076000213623047
			vertex -0.5 6.0596208572387695 11.948260307312012
			vertex -0.5 1.9161344766616821 3.5929129123687744
		endloop
	endfacet
	facet normal -1 0 0
		outer loop
			vertex -0.5 6.0596208572387695 11.948260307312012
			vertex -0.5 6.1249260902404785 11.829839706420898
			vertex -0.5 1.9161344766616821 3.5929129123687744
		endloop
	endfacet
	facet normal -1 0 0
		outer loop
			vertex -0.5 6.1249260902404785 11.829839706420898
			vertex -0.5 6.20924711227417 11.724100112915039
			vertex -0.5 1.9161344766616821 3.5929129123687744
		endloop
	endfacet
	facet normal -1 0 0
		outer loop
			vertex -0.5 6.20924711227417 11.724100112915039
			vertex -0.5 6.310173034667969 11.634079933166504
			vertex -0.5 1.9161344766616821 3.5929129123687744
		endloop
	endfacet
	facet normal -1 0 0
		outer loop
			vertex -0.5 6.310173034667969 11.634079933166504
			vertex -0.5 2.341161012649536 3.4007890224456787
			vertex -0.5 1.9161344766616821 3.5929129123687744
		endloop
	endfacet
	facet normal -1 0 0
		outer loop
			vertex -0.5 3.7687149047851562 16.82828998565674
			vertex -0.5 6.5163679122924805 16.092060089111328
			vertex -0.5 1.9161344766616821 3.5929129123687744
		endloop
	endfacet
	facet normal -1 0 0
		outer loop
			vertex -0.5 6.5163679122924805 16.092060089111328
			vertex -0.5 6.016726016998291 12.477849960327148
			vertex -0.5 1.9161344766616821 3.5929129123687744
		endloop
	endfacet
	facet normal -1 0 0
		outer loop
			vertex -0.5 6.20924711227417 -9.724100112915039
			vertex -0.5 6.1249260902404785 -9.829839706420898
			vertex -0.5 2.1327279806137085 -1.50587797164917
		endloop
	endfacet
	facet normal -1 0 0
		outer loop
			vertex -0.5 6.310173034667969 -9.634079933166504
			vertex -0.5 6.20924711227417 -9.724100112915039
			vertex -0.5 2.1327279806137085 -1.50587797164917
		endloop
	endfacet
	facet normal -1 0 0
		outer loop
			vertex -0.5 6.1249260902404785 -9.829839706420898
			vertex -0.5 6.0596208572387695 -9.948260307312012
			vertex -0.5 2.1327279806137085 -1.50587797164917
		endloop
	endfacet
	facet normal -1 0 0
		outer loop
			vertex -0.5 6.0596208572387695 -9.948260307312012
			vertex -0.5 6.015196800231934 -10.076000213623047
			vertex -0.5 2.1327279806137085 -1.50587797164917
		endloop
	endfacet
	facet normal -1 0 0
		outer loop
			vertex -0.5 2.539931058883667 -1.2784020900726318
			vertex -0.5 7.434852123260498 -8.979206085205078
			vertex -0.5 2.1327279806137085 -1.50587797164917
		endloop
	endfacet
	facet normal -1 0 0
		outer loop
			vertex -0.5 7.434852123260498 -8.979206085205078
			vertex -0.5 6.4248199462890625 -9.562350273132324
			vertex -0.5 2.1327279806137085 -1.50587797164917
		endloop
	endfacet
	facet normal -1 0 0
		outer loop
			vertex -0.5 6.4248199462890625 -9.562350273132324
			vertex -0.5 6.310173034667969 -9.634079933166504
			vertex -0.5 2.1327279806137085 -1.50587797164917
		endloop
	endfacet
	facet normal -1 0 0
		outer loop
			vertex -0.5 6.310173034667969 11.634079933166504
			vertex -0.5 6.4248199462890625 11.562350273132324
			vertex -0.5 2.341161012649536 3.4007890224456787
		endloop
	endfacet
	facet normal -1 0 0
		outer loop
			vertex -0.5 6.4248199462890625 11.562350273132324
			vertex -0.5 2.7276049852371216 3.1395978927612305
			vertex -0.5 2.341161012649536 3.4007890224456787
		endloop
	endfacet
	facet normal -1 0 0
		outer loop
			vertex -0.5 5.0926690101623535 -16.014699935913086
			vertex -0.5 2.4186960458755493 -11.581489562988281
			vertex -0.5 2.394312024116516 -11.448470115661621
		endloop
	endfacet
	facet normal -1 0 0
		outer loop
			vertex -0.5 2.4186960458755493 13.581489562988281
			vertex -0.5 3.7687149047851562 16.82828998565674
			vertex -0.5 2.394312024116516 13.448470115661621
		endloop
	endfacet
	facet normal -1 0 0
		outer loop
			vertex -0.5 5.0926690101623535 -16.014699935913086
			vertex -0.5 2.5703840255737305 -12.459830284118652
			vertex -0.5 2.4186960458755493 -11.581489562988281
		endloop
	endfacet
	facet normal -1 0 0
		outer loop
			vertex -0.5 2.5703840255737305 14.459830284118652
			vertex -0.5 3.7687149047851562 16.82828998565674
			vertex -0.5 2.4186960458755493 13.581489562988281
		endloop
	endfacet
	facet normal -1 0 0
		outer loop
			vertex -0.5 7.816451072692871 -8.85323429107666
			vertex -0.5 7.682722091674805 -8.873391151428223
			vertex -0.5 2.539931058883667 -1.2784020900726318
		endloop
	endfacet
	facet normal -1 0 0
		outer loop
			vertex -0.5 2.90283203125 -0.9853789806365967
			vertex -0.5 7.816451072692871 -8.85323429107666
			vertex -0.5 2.539931058883667 -1.2784020900726318
		endloop
	endfacet
	facet normal -1 0 0
		outer loop
			vertex -0.5 7.682722091674805 -8.873391151428223
			vertex -0.5 7.554297924041748 -8.915785789489746
			vertex -0.5 2.539931058883667 -1.2784020900726318
		endloop
	endfacet
	facet normal -1 0 0
		outer loop
			vertex -0.5 7.554297924041748 -8.915785789489746
			vertex -0.5 7.434852123260498 -8.979206085205078
			vertex -0.5 2.539931058883667 -1.2784020900726318
		endloop
	endfacet
	facet normal -1 0 0
		outer loop
			vertex -0.5 5.0926690101623535 -16.014699935913086
			vertex -0.5 2.850520968437195 -13.306010246276855
			vertex -0.5 2.5703840255737305 -12.459830284118652
		endloop
	endfacet
	facet normal -1 0 0
		outer loop
			vertex -0.5 2.850520968437195 15.306010246276855
			vertex -0.5 3.7687149047851562 16.82828998565674
			vertex -0.5 2.5703840255737305 14.459830284118652
		endloop
	endfacet
	facet normal -1 0 0
		outer loop
			vertex -0.5 7.554297924041748 10.915785789489746
			vertex -0.5 7.682722091674805 10.873391151428223
			vertex -0.5 2.7276049852371216 3.1395978927612305
		endloop
	endfacet
	facet normal -1 0 0
		outer loop
			vertex -0.5 7.682722091674805 10.873391151428223
			vertex -0.5 7.816451072692871 10.85323429107666
			vertex -0.5 2.7276049852371216 3.1395978927612305
		endloop
	endfacet
	facet normal -1 0 0
		outer loop
			vertex -0.5 7.816451072692871 10.85323429107666
			vertex -0.5 7.951663017272949 10.855891227722168
			vertex -0.5 2.7276049852371216 3.1395978927612305
		endloop
	endfacet
	facet normal -1 0 0
		outer loop
			vertex -0.5 7.951663017272949 10.855891227722168
			vertex -0.5 8.084496974945068 10.88128662109375
			vertex -0.5 2.7276049852371216 3.1395978927612305
		endloop
	endfacet
	facet normal -1 0 0
		outer loop
			vertex -0.5 8.084496974945068 10.88128662109375
			vertex -0.5 8.21115493774414 10.928694725036621
			vertex -0.5 2.7276049852371216 3.1395978927612305
		endloop
	endfacet
	facet normal -1 0 0
		outer loop
			vertex -0.5 8.21115493774414 10.928694725036621
			vertex -0.5 8.328018188476562 10.996759414672852
			vertex -0.5 2.7276049852371216 3.1395978927612305
		endloop
	endfacet
	facet normal -1 0 0
		outer loop
			vertex -0.5 6.4248199462890625 11.562350273132324
			vertex -0.5 7.434852123260498 10.979206085205078
			vertex -0.5 2.7276049852371216 3.1395978927612305
		endloop
	endfacet
	facet normal -1 0 0
		outer loop
			vertex -0.5 7.434852123260498 10.979206085205078
			vertex -0.5 7.554297924041748 10.915785789489746
			vertex -0.5 2.7276049852371216 3.1395978927612305
		endloop
	endfacet
	facet normal -1 0 0
		outer loop
			vertex -0.5 10.501763343811035 12.951689720153809
			vertex -0.5 3.0643489360809326 2.816856026649475
			vertex -0.5 2.7276049852371216 3.1395978927612305
		endloop
	endfacet
	facet normal -1 0 0
		outer loop
			vertex -0.5 8.431746006011963 11.083539962768555
			vertex -0.5 10.501763343811035 12.951689720153809
			vertex -0.5 2.7276049852371216 3.1395978927612305
		endloop
	endfacet
	facet normal -1 0 0
		outer loop
			vertex -0.5 8.328018188476562 10.996759414672852
			vertex -0.5 8.431746006011963 11.083539962768555
			vertex -0.5 2.7276049852371216 3.1395978927612305
		endloop
	endfacet
	facet normal -1 0 0
		outer loop
			vertex -0.5 5.0926690101623535 -16.014699935913086
			vertex -0.5 3.252924919128418 -14.101349830627441
			vertex -0.5 2.850520968437195 -13.306010246276855
		endloop
	endfacet
	facet normal -1 0 0
		outer loop
			vertex -0.5 3.252924919128418 16.10134983062744
			vertex -0.5 3.7687149047851562 16.82828998565674
			vertex -0.5 2.850520968437195 15.306010246276855
		endloop
	endfacet
	facet normal -1 0 0
		outer loop
			vertex -0.5 3.2109920978546143 -0.6352410316467285
			vertex -0.5 13.05171012878418 -11.688830375671387
			vertex -0.5 2.90283203125 -0.9853789806365967
		endloop
	endfacet
	facet normal -1 0 0
		outer loop
			vertex -0.5 8.21115493774414 -8.928694725036621
			vertex -0.5 8.084496974945068 -8.88128662109375
			vertex -0.5 2.90283203125 -0.9853789806365967
		endloop
	endfacet
	facet normal -1 0 0
		outer loop
			vertex -0.5 13.05171012878418 -11.688830375671387
			vertex -0.5 8.431746006011963 -9.083539962768555
			vertex -0.5 2.90283203125 -0.9853789806365967
		endloop
	endfacet
	facet normal -1 0 0
		outer loop
			vertex -0.5 8.431746006011963 -9.083539962768555
			vertex -0.5 8.328018188476562 -8.996759414672852
			vertex -0.5 2.90283203125 -0.9853789806365967
		endloop
	endfacet
	facet normal -1 0 0
		outer loop
			vertex -0.5 8.328018188476562 -8.996759414672852
			vertex -0.5 8.21115493774414 -8.928694725036621
			vertex -0.5 2.90283203125 -0.9853789806365967
		endloop
	endfacet
	facet normal -1 0 0
		outer loop
			vertex -0.5 7.951663017272949 -8.855891227722168
			vertex -0.5 7.816451072692871 -8.85323429107666
			vertex -0.5 2.90283203125 -0.9853789806365967
		endloop
	endfacet
	facet normal -1 0 0
		outer loop
			vertex -0.5 8.084496974945068 -8.88128662109375
			vertex -0.5 7.951663017272949 -8.855891227722168
			vertex -0.5 2.90283203125 -0.9853789806365967
		endloop
	endfacet
	facet normal -1 0 0
		outer loop
			vertex -0.5 10.915785789489746 7.554297924041748
			vertex -0.5 3.341705083847046 2.4418450593948364
			vertex -0.5 3.0643489360809326 2.816856026649475
		endloop
	endfacet
	facet normal -1 0 0
		outer loop
			vertex -0.5 10.873391151428223 7.682722091674805
			vertex -0.5 10.915785789489746 7.554297924041748
			vertex -0.5 3.0643489360809326 2.816856026649475
		endloop
	endfacet
	facet normal -1 0 0
		outer loop
			vertex -0.5 11.083539962768555 8.431746006011963
			vertex -0.5 10.996759414672852 8.328018188476562
			vertex -0.5 3.0643489360809326 2.816856026649475
		endloop
	endfacet
	facet normal -1 0 0
		outer loop
			vertex -0.5 10.996759414672852 8.328018188476562
			vertex -0.5 10.928694725036621 8.21115493774414
			vertex -0.5 3.0643489360809326 2.816856026649475
		endloop
	endfacet
	facet normal -1 0 0
		outer loop
			vertex -0.5 10.928694725036621 8.21115493774414
			vertex -0.5 10.88128662109375 8.084496974945068
			vertex -0.5 3.0643489360809326 2.816856026649475
		endloop
	endfacet
	facet normal -1 0 0
		outer loop
			vertex -0.5 10.88128662109375 8.084496974945068
			vertex -0.5 10.855891227722168 7.951663017272949
			vertex -0.5 3.0643489360809326 2.816856026649475
		endloop
	endfacet
	facet normal -1 0 0
		outer loop
			vertex -0.5 10.855891227722168 7.951663017272949
			vertex -0.5 10.85323429107666 7.816451072692871
			vertex -0.5 3.0643489360809326 2.816856026649475
		endloop
	endfacet
	facet normal -1 0 0
		outer loop
			vertex -0.5 10.85323429107666 7.816451072692871
			vertex -0.5 10.873391151428223 7.682722091674805
			vertex -0.5 3.0643489360809326 2.816856026649475
		endloop
	endfacet
	facet normal -1 0 0
		outer loop
			vertex -0.5 13.570879936218262 12.16819953918457
			vertex -0.5 11.083539962768555 8.431746006011963
			vertex -0.5 3.0643489360809326 2.816856026649475
		endloop
	endfacet
	facet normal -1 0 0
		outer loop
			vertex -0.5 10.501763343811035 12.951689720153809
			vertex -0.5 13.570879936218262 12.16819953918457
			vertex -0.5 3.0643489360809326 2.816856026649475
		endloop
	endfacet
	facet normal -1 0 0
		outer loop
			vertex -0.5 10.915785789489746 -5.554297924041748
			vertex -0.5 10.873391151428223 -5.682722091674805
			vertex -0.5 3.2109920978546143 -0.6352410316467285
		endloop
	endfacet
	facet normal -1 0 0
		outer loop
			vertex -0.5 10.873391151428223 -5.682722091674805
			vertex -0.5 10.85323429107666 -5.816451072692871
			vertex -0.5 3.2109920978546143 -0.6352410316467285
		endloop
	endfacet
	facet normal -1 0 0
		outer loop
			vertex -0.5 10.85323429107666 -5.816451072692871
			vertex -0.5 10.855891227722168 -5.951663017272949
			vertex -0.5 3.2109920978546143 -0.6352410316467285
		endloop
	endfacet
	facet normal -1 0 0
		outer loop
			vertex -0.5 10.855891227722168 -5.951663017272949
			vertex -0.5 10.88128662109375 -6.084496974945068
			vertex -0.5 3.2109920978546143 -0.6352410316467285
		endloop
	endfacet
	facet normal -1 0 0
		outer loop
			vertex -0.5 10.88128662109375 -6.084496974945068
			vertex -0.5 10.928694725036621 -6.211154937744141
			vertex -0.5 3.2109920978546143 -0.6352410316467285
		endloop
	endfacet
	facet normal -1 0 0
		outer loop
			vertex -0.5 10.928694725036621 -6.211154937744141
			vertex -0.5 10.996759414672852 -6.3280181884765625
			vertex -0.5 3.2109920978546143 -0.6352410316467285
		endloop
	endfacet
	facet normal -1 0 0
		outer loop
			vertex -0.5 10.996759414672852 -6.3280181884765625
			vertex -0.5 11.083539962768555 -6.431746006011963
			vertex -0.5 3.2109920978546143 -0.6352410316467285
		endloop
	endfacet
	facet normal -1 0 0
		outer loop
			vertex -0.5 11.083539962768555 -6.431746006011963
			vertex -0.5 11.18655014038086 -6.519373893737793
			vertex -0.5 3.2109920978546143 -0.6352410316467285
		endloop
	endfacet
	facet normal -1 0 0
		outer loop
			vertex -0.5 11.18655014038086 -6.519373893737793
			vertex -0.5 13.05171012878418 -11.688830375671387
			vertex -0.5 3.2109920978546143 -0.6352410316467285
		endloop
	endfacet
	facet normal -1 0 0
		outer loop
			vertex -0.5 3.4555459022521973 -0.23805999755859375
			vertex -0.5 11.562350273132324 -4.4248199462890625
			vertex -0.5 3.2109920978546143 -0.6352410316467285
		endloop
	endfacet
	facet normal -1 0 0
		outer loop
			vertex -0.5 11.562350273132324 -4.4248199462890625
			vertex -0.5 10.979206085205078 -5.434852123260498
			vertex -0.5 3.2109920978546143 -0.6352410316467285
		endloop
	endfacet
	facet normal -1 0 0
		outer loop
			vertex -0.5 10.979206085205078 -5.434852123260498
			vertex -0.5 10.915785789489746 -5.554297924041748
			vertex -0.5 3.2109920978546143 -0.6352410316467285
		endloop
	endfacet
	facet normal -1 0 0
		outer loop
			vertex -0.5 4.386507987976074 -15.470800399780273
			vertex -0.5 3.7687149047851562 -14.828289985656738
			vertex -0.5 3.252924919128418 -14.101349830627441
		endloop
	endfacet
	facet normal -1 0 0
		outer loop
			vertex -0.5 5.0926690101623535 -16.014699935913086
			vertex -0.5 4.386507987976074 -15.470800399780273
			vertex -0.5 3.252924919128418 -14.101349830627441
		endloop
	endfacet
	facet normal -1 0 0
		outer loop
			vertex -0.5 10.979206085205078 7.434852123260498
			vertex -0.5 3.5516951084136963 2.0253549814224243
			vertex -0.5 3.341705083847046 2.4418450593948364
		endloop
	endfacet
	facet normal -1 0 0
		outer loop
			vertex -0.5 10.915785789489746 7.554297924041748
			vertex -0.5 10.979206085205078 7.434852123260498
			vertex -0.5 3.341705083847046 2.4418450593948364
		endloop
	endfacet
	facet normal -1 0 0
		outer loop
			vertex -0.5 3.629457950592041 0.19473737478256226
			vertex -0.5 11.724100112915039 -4.20924711227417
			vertex -0.5 3.4555459022521973 -0.23805999755859375
		endloop
	endfacet
	facet normal -1 0 0
		outer loop
			vertex -0.5 11.724100112915039 -4.20924711227417
			vertex -0.5 11.634079933166504 -4.310173034667969
			vertex -0.5 3.4555459022521973 -0.23805999755859375
		endloop
	endfacet
	facet normal -1 0 0
		outer loop
			vertex -0.5 11.634079933166504 -4.310173034667969
			vertex -0.5 11.562350273132324 -4.4248199462890625
			vertex -0.5 3.4555459022521973 -0.23805999755859375
		endloop
	endfacet
	facet normal -1 0 0
		outer loop
			vertex -0.5 11.562350273132324 6.4248199462890625
			vertex -0.5 11.634079933166504 6.310173034667969
			vertex -0.5 3.5516951084136963 2.0253549814224243
		endloop
	endfacet
	facet normal -1 0 0
		outer loop
			vertex -0.5 11.634079933166504 6.310173034667969
			vertex -0.5 11.724100112915039 6.20924711227417
			vertex -0.5 3.5516951084136963 2.0253549814224243
		endloop
	endfacet
	facet normal -1 0 0
		outer loop
			vertex -0.5 11.724100112915039 6.20924711227417
			vertex -0.5 11.829839706420898 6.1249260902404785
			vertex -0.5 3.5516951084136963 2.0253549814224243
		endloop
	endfacet
	facet normal -1 0 0
		outer loop
			vertex -0.5 11.829839706420898 6.1249260902404785
			vertex -0.5 11.948260307312012 6.0596208572387695
			vertex -0.5 3.5516951084136963 2.0253549814224243
		endloop
	endfacet
	facet normal -1 0 0
		outer loop
			vertex -0.5 11.948260307312012 6.0596208572387695
			vertex -0.5 12.076000213623047 6.015196800231934
			vertex -0.5 3.5516951084136963 2.0253549814224243
		endloop
	endfacet
	facet normal -1 0 0
		outer loop
			vertex -0.5 12.076000213623047 6.015196800231934
			vertex -0.5 12.209389686584473 5.992924213409424
			vertex -0.5 3.5516951084136963 2.0253549814224243
		endloop
	endfacet
	facet normal -1 0 0
		outer loop
			vertex -0.5 12.209389686584473 5.992924213409424
			vertex -0.5 12.344630241394043 5.993439197540283
			vertex -0.5 3.5516951084136963 2.0253549814224243
		endloop
	endfacet
	facet normal -1 0 0
		outer loop
			vertex -0.5 15.204609870910645 6.599583148956299
			vertex -0.5 3.688277006149292 1.579367995262146
			vertex -0.5 3.5516951084136963 2.0253549814224243
		endloop
	endfacet
	facet normal -1 0 0
		outer loop
			vertex -0.5 12.477849960327148 6.016726016998291
			vertex -0.5 15.204609870910645 6.599583148956299
			vertex -0.5 3.5516951084136963 2.0253549814224243
		endloop
	endfacet
	facet normal -1 0 0
		outer loop
			vertex -0.5 12.344630241394043 5.993439197540283
			vertex -0.5 12.477849960327148 6.016726016998291
			vertex -0.5 3.5516951084136963 2.0253549814224243
		endloop
	endfacet
	facet normal -1 0 0
		outer loop
			vertex -0.5 10.979206085205078 7.434852123260498
			vertex -0.5 11.562350273132324 6.4248199462890625
			vertex -0.5 3.5516951084136963 2.0253549814224243
		endloop
	endfacet
	facet normal -1 0 0
		outer loop
			vertex -0.5 3.7277259826660156 0.6507009863853455
			vertex -0.5 15.306010246276855 -0.8505209684371948
			vertex -0.5 3.629457950592041 0.19473737478256226
		endloop
	endfacet
	facet normal -1 0 0
		outer loop
			vertex -0.5 15.306010246276855 -0.8505209684371948
			vertex -0.5 16.10134983062744 -1.252924919128418
			vertex -0.5 3.629457950592041 0.19473737478256226
		endloop
	endfacet
	facet normal -1 0 0
		outer loop
			vertex -0.5 17.470800399780273 -2.386507987976074
			vertex -0.5 17.7814998626709 -3.9629950523376465
			vertex -0.5 3.629457950592041 0.19473737478256226
		endloop
	endfacet
	facet normal -1 0 0
		outer loop
			vertex -0.5 16.82828998565674 -1.7687149047851562
			vertex -0.5 17.470800399780273 -2.386507987976074
			vertex -0.5 3.629457950592041 0.19473737478256226
		endloop
	endfacet
	facet normal -1 0 0
		outer loop
			vertex -0.5 16.10134983062744 -1.252924919128418
			vertex -0.5 16.82828998565674 -1.7687149047851562
			vertex -0.5 3.629457950592041 0.19473737478256226
		endloop
	endfacet
	facet normal -1 0 0
		outer loop
			vertex -0.5 12.076000213623047 -4.015196800231934
			vertex -0.5 11.948260307312012 -4.0596208572387695
			vertex -0.5 3.629457950592041 0.19473737478256226
		endloop
	endfacet
	facet normal -1 0 0
		outer loop
			vertex -0.5 12.209389686584473 -3.992924213409424
			vertex -0.5 12.076000213623047 -4.015196800231934
			vertex -0.5 3.629457950592041 0.19473737478256226
		endloop
	endfacet
	facet normal -1 0 0
		outer loop
			vertex -0.5 11.948260307312012 -4.0596208572387695
			vertex -0.5 11.829839706420898 -4.1249260902404785
			vertex -0.5 3.629457950592041 0.19473737478256226
		endloop
	endfacet
	facet normal -1 0 0
		outer loop
			vertex -0.5 11.829839706420898 -4.1249260902404785
			vertex -0.5 11.724100112915039 -4.20924711227417
			vertex -0.5 3.629457950592041 0.19473737478256226
		endloop
	endfacet
	facet normal -1 0 0
		outer loop
			vertex -0.5 17.7814998626709 -3.9629950523376465
			vertex -0.5 12.477849960327148 -4.016726016998291
			vertex -0.5 3.629457950592041 0.19473737478256226
		endloop
	endfacet
	facet normal -1 0 0
		outer loop
			vertex -0.5 12.477849960327148 -4.016726016998291
			vertex -0.5 12.344630241394043 -3.993439197540283
			vertex -0.5 3.629457950592041 0.19473737478256226
		endloop
	endfacet
	facet normal -1 0 0
		outer loop
			vertex -0.5 12.344630241394043 -3.993439197540283
			vertex -0.5 12.209389686584473 -3.992924213409424
			vertex -0.5 3.629457950592041 0.19473737478256226
		endloop
	endfacet
	facet normal -1 0 0
		outer loop
			vertex -0.5 15.204609870910645 6.599583148956299
			vertex -0.5 17.470800399780273 4.386507987976074
			vertex -0.5 3.688277006149292 1.579367995262146
		endloop
	endfacet
	facet normal -1 0 0
		outer loop
			vertex -0.5 13.204079627990723 2.280696988105774
			vertex -0.5 13.099690437316895 2.1947109699249268
			vertex -0.5 3.688277006149292 1.579367995262146
		endloop
	endfacet
	facet normal -1 0 0
		outer loop
			vertex -0.5 13.099690437316895 2.1947109699249268
			vertex -0.5 13.011280059814453 2.092371940612793
			vertex -0.5 3.688277006149292 1.579367995262146
		endloop
	endfacet
	facet normal -1 0 0
		outer loop
			vertex -0.5 13.011280059814453 2.092371940612793
			vertex -0.5 12.94137954711914 1.976602017879486
			vertex -0.5 3.688277006149292 1.579367995262146
		endloop
	endfacet
	facet normal -1 0 0
		outer loop
			vertex -0.5 12.94137954711914 1.976602017879486
			vertex -0.5 12.891969680786133 1.8507109880447388
			vertex -0.5 3.688277006149292 1.579367995262146
		endloop
	endfacet
	facet normal -1 0 0
		outer loop
			vertex -0.5 12.891969680786133 1.8507109880447388
			vertex -0.5 12.864469528198242 1.7182962894439697
			vertex -0.5 3.688277006149292 1.579367995262146
		endloop
	endfacet
	facet normal -1 0 0
		outer loop
			vertex -0.5 12.864469528198242 1.7182962894439697
			vertex -0.5 3.7475221157073975 1.1167133003473282
			vertex -0.5 3.688277006149292 1.579367995262146
		endloop
	endfacet
	facet normal -1 0 0
		outer loop
			vertex -0.5 17.470800399780273 4.386507987976074
			vertex -0.5 13.448470115661621 2.394312024116516
			vertex -0.5 3.688277006149292 1.579367995262146
		endloop
	endfacet
	facet normal -1 0 0
		outer loop
			vertex -0.5 13.448470115661621 2.394312024116516
			vertex -0.5 13.321459770202637 2.3478699922561646
			vertex -0.5 3.688277006149292 1.579367995262146
		endloop
	endfacet
	facet normal -1 0 0
		outer loop
			vertex -0.5 13.321459770202637 2.3478699922561646
			vertex -0.5 13.204079627990723 2.280696988105774
			vertex -0.5 3.688277006149292 1.579367995262146
		endloop
	endfacet
	facet normal -1 0 0
		outer loop
			vertex -0.5 12.891969680786133 0.14928901195526123
			vertex -0.5 12.94137954711914 0.023397982120513916
			vertex -0.5 3.7277259826660156 0.6507009863853455
		endloop
	endfacet
	facet normal -1 0 0
		outer loop
			vertex -0.5 12.864469528198242 0.2817037105560303
			vertex -0.5 12.891969680786133 0.14928901195526123
			vertex -0.5 3.7277259826660156 0.6507009863853455
		endloop
	endfacet
	facet normal -1 0 0
		outer loop
			vertex -0.5 12.94137954711914 0.023397982120513916
			vertex -0.5 13.011280059814453 -0.09237194061279297
			vertex -0.5 3.7277259826660156 0.6507009863853455
		endloop
	endfacet
	facet normal -1 0 0
		outer loop
			vertex -0.5 13.011280059814453 -0.09237194061279297
			vertex -0.5 13.099690437316895 -0.19471096992492676
			vertex -0.5 3.7277259826660156 0.6507009863853455
		endloop
	endfacet
	facet normal -1 0 0
		outer loop
			vertex -0.5 13.099690437316895 -0.19471096992492676
			vertex -0.5 13.204079627990723 -0.2806969881057739
			vertex -0.5 3.7277259826660156 0.6507009863853455
		endloop
	endfacet
	facet normal -1 0 0
		outer loop
			vertex -0.5 13.204079627990723 -0.2806969881057739
			vertex -0.5 13.321459770202637 -0.34786999225616455
			vertex -0.5 3.7277259826660156 0.6507009863853455
		endloop
	endfacet
	facet normal -1 0 0
		outer loop
			vertex -0.5 13.321459770202637 -0.34786999225616455
			vertex -0.5 13.448470115661621 -0.3943120241165161
			vertex -0.5 3.7277259826660156 0.6507009863853455
		endloop
	endfacet
	facet normal -1 0 0
		outer loop
			vertex -0.5 13.448470115661621 -0.3943120241165161
			vertex -0.5 15.306010246276855 -0.8505209684371948
			vertex -0.5 3.7277259826660156 0.6507009863853455
		endloop
	endfacet
	facet normal -1 0 0
		outer loop
			vertex -0.5 3.7475221157073975 1.1167133003473282
			vertex -0.5 12.85966968536377 1.5831419825553894
			vertex -0.5 3.7277259826660156 0.6507009863853455
		endloop
	endfacet
	facet normal -1 0 0
		outer loop
			vertex -0.5 12.85966968536377 1.5831419825553894
			vertex -0.5 12.85966968536377 0.4168580174446106
			vertex -0.5 3.7277259826660156 0.6507009863853455
		endloop
	endfacet
	facet normal -1 0 0
		outer loop
			vertex -0.5 12.85966968536377 0.4168580174446106
			vertex -0.5 12.864469528198242 0.2817037105560303
			vertex -0.5 3.7277259826660156 0.6507009863853455
		endloop
	endfacet
	facet normal -1 0 0
		outer loop
			vertex -0.5 12.864469528198242 1.7182962894439697
			vertex -0.5 12.85966968536377 1.5831419825553894
			vertex -0.5 3.7475221157073975 1.1167133003473282
		endloop
	endfacet
	facet normal -1 0 0
		outer loop
			vertex -0.5 4.386507987976074 17.470800399780273
			vertex -0.5 6.5163679122924805 16.092060089111328
			vertex -0.5 3.7687149047851562 16.82828998565674
		endloop
	endfacet
	facet normal -1 0 0
		outer loop
			vertex -0.5 5.0926690101623535 18.014699935913086
			vertex -0.5 5.9629950523376465 17.7814998626709
			vertex -0.5 4.386507987976074 17.470800399780273
		endloop
	endfacet
	facet normal -1 0 0
		outer loop
			vertex -0.5 5.9629950523376465 17.7814998626709
			vertex -0.5 6.30259895324707 16.95738983154297
			vertex -0.5 4.386507987976074 17.470800399780273
		endloop
	endfacet
	facet normal -1 0 0
		outer loop
			vertex -0.5 6.30259895324707 16.95738983154297
			vertex -0.5 6.5163679122924805 16.092060089111328
			vertex -0.5 4.386507987976074 17.470800399780273
		endloop
	endfacet
	facet normal -1 0 0
		outer loop
			vertex -0.5 5.993439197540283 -10.344630241394043
			vertex -0.5 6.016726016998291 -10.477849960327148
			vertex -0.5 5.0926690101623535 -16.014699935913086
		endloop
	endfacet
	facet normal -1 0 0
		outer loop
			vertex -0.5 6.016726016998291 -10.477849960327148
			vertex -0.5 6.0621209144592285 -10.605239868164062
			vertex -0.5 5.0926690101623535 -16.014699935913086
		endloop
	endfacet
	facet normal -1 0 0
		outer loop
			vertex -0.5 6.0621209144592285 -10.605239868164062
			vertex -0.5 6.369925022125244 -11.441749572753906
			vertex -0.5 5.0926690101623535 -16.014699935913086
		endloop
	endfacet
	facet normal -1 0 0
		outer loop
			vertex -0.5 6.369925022125244 -11.441749572753906
			vertex -0.5 6.550405979156494 -12.314629554748535
			vertex -0.5 5.0926690101623535 -16.014699935913086
		endloop
	endfacet
	facet normal -1 0 0
		outer loop
			vertex -0.5 6.550405979156494 -12.314629554748535
			vertex -0.5 6.599583148956299 -13.204609870910645
			vertex -0.5 5.0926690101623535 -16.014699935913086
		endloop
	endfacet
	facet normal -1 0 0
		outer loop
			vertex -0.5 6.599583148956299 -13.204609870910645
			vertex -0.5 6.5163679122924805 -14.092060089111328
			vertex -0.5 5.0926690101623535 -16.014699935913086
		endloop
	endfacet
	facet normal -1 0 0
		outer loop
			vertex -0.5 6.5163679122924805 -14.092060089111328
			vertex -0.5 6.30259895324707 -14.957389831542969
			vertex -0.5 5.0926690101623535 -16.014699935913086
		endloop
	endfacet
	facet normal -1 0 0
		outer loop
			vertex -0.5 6.30259895324707 -14.957389831542969
			vertex -0.5 5.9629950523376465 -15.781499862670898
			vertex -0.5 5.0926690101623535 -16.014699935913086
		endloop
	endfacet
	facet normal -1 0 0
		outer loop
			vertex -0.5 6.5163679122924805 16.092060089111328
			vertex -0.5 6.0621209144592285 12.605239868164062
			vertex -0.5 6.016726016998291 12.477849960327148
		endloop
	endfacet
	facet normal -1 0 0
		outer loop
			vertex -0.5 6.5163679122924805 16.092060089111328
			vertex -0.5 6.369925022125244 13.441749572753906
			vertex -0.5 6.0621209144592285 12.605239868164062
		endloop
	endfacet
	facet normal -1 0 0
		outer loop
			vertex -0.5 6.5163679122924805 16.092060089111328
			vertex -0.5 6.550405979156494 14.314629554748535
			vertex -0.5 6.369925022125244 13.441749572753906
		endloop
	endfacet
	facet normal -1 0 0
		outer loop
			vertex -0.5 6.599583148956299 15.204609870910645
			vertex -0.5 6.550405979156494 14.314629554748535
			vertex -0.5 6.5163679122924805 16.092060089111328
		endloop
	endfacet
	facet normal -1 0 0
		outer loop
			vertex -0.5 13.05171012878418 -11.688830375671387
			vertex -0.5 8.519373893737793 -9.18655014038086
			vertex -0.5 8.431746006011963 -9.083539962768555
		endloop
	endfacet
	facet normal -1 0 0
		outer loop
			vertex -0.5 8.519373893737793 11.18655014038086
			vertex -0.5 10.501763343811035 12.951689720153809
			vertex -0.5 8.431746006011963 11.083539962768555
		endloop
	endfacet
	facet normal -1 0 0
		outer loop
			vertex -0.5 13.05171012878418 -11.688830375671387
			vertex -0.5 12.16819953918457 -11.570879936218262
			vertex -0.5 8.519373893737793 -9.18655014038086
		endloop
	endfacet
	facet normal -1 0 0
		outer loop
			vertex -0.5 12.16819953918457 -11.570879936218262
			vertex -0.5 11.311920166015625 -11.323349952697754
			vertex -0.5 8.519373893737793 -9.18655014038086
		endloop
	endfacet
	facet normal -1 0 0
		outer loop
			vertex -0.5 11.311920166015625 -11.323349952697754
			vertex -0.5 10.501763343811035 -10.951689720153809
			vertex -0.5 8.519373893737793 -9.18655014038086
		endloop
	endfacet
	facet normal -1 0 0
		outer loop
			vertex -0.5 10.501763343811035 -10.951689720153809
			vertex -0.5 9.089909553527832 -9.871370315551758
			vertex -0.5 8.519373893737793 -9.18655014038086
		endloop
	endfacet
	facet normal -1 0 0
		outer loop
			vertex -0.5 9.089909553527832 11.871370315551758
			vertex -0.5 9.755602836608887 12.464110374450684
			vertex -0.5 8.519373893737793 11.18655014038086
		endloop
	endfacet
	facet normal -1 0 0
		outer loop
			vertex -0.5 9.755602836608887 12.464110374450684
			vertex -0.5 10.501763343811035 12.951689720153809
			vertex -0.5 8.519373893737793 11.18655014038086
		endloop
	endfacet
	facet normal -1 0 0
		outer loop
			vertex -0.5 10.501763343811035 -10.951689720153809
			vertex -0.5 9.755602836608887 -10.464110374450684
			vertex -0.5 9.089909553527832 -9.871370315551758
		endloop
	endfacet
	facet normal -1 0 0
		outer loop
			vertex -0.5 11.311920166015625 13.323349952697754
			vertex -0.5 13.570879936218262 12.16819953918457
			vertex -0.5 10.501763343811035 12.951689720153809
		endloop
	endfacet
	facet normal -1 0 0
		outer loop
			vertex -0.5 13.570879936218262 12.16819953918457
			vertex -0.5 11.18655014038086 8.519373893737793
			vertex -0.5 11.083539962768555 8.431746006011963
		endloop
	endfacet
	facet normal -1 0 0
		outer loop
			vertex -0.5 11.871370315551758 -7.089909553527832
			vertex -0.5 13.05171012878418 -11.688830375671387
			vertex -0.5 11.18655014038086 -6.519373893737793
		endloop
	endfacet
	facet normal -1 0 0
		outer loop
			vertex -0.5 13.570879936218262 12.16819953918457
			vertex -0.5 11.871370315551758 9.089909553527832
			vertex -0.5 11.18655014038086 8.519373893737793
		endloop
	endfacet
	facet normal -1 0 0
		outer loop
			vertex -0.5 12.16819953918457 13.570879936218262
			vertex -0.5 13.570879936218262 12.16819953918457
			vertex -0.5 11.311920166015625 13.323349952697754
		endloop
	endfacet
	facet normal -1 0 0
		outer loop
			vertex -0.5 12.464110374450684 -7.755602836608887
			vertex -0.5 13.05171012878418 -11.688830375671387
			vertex -0.5 11.871370315551758 -7.089909553527832
		endloop
	endfacet
	facet normal -1 0 0
		outer loop
			vertex -0.5 12.951689720153809 10.501763343811035
			vertex -0.5 12.464110374450684 9.755602836608887
			vertex -0.5 11.871370315551758 9.089909553527832
		endloop
	endfacet
	facet normal -1 0 0
		outer loop
			vertex -0.5 13.570879936218262 12.16819953918457
			vertex -0.5 13.323349952697754 11.311920166015625
			vertex -0.5 11.871370315551758 9.089909553527832
		endloop
	endfacet
	facet normal -1 0 0
		outer loop
			vertex -0.5 13.323349952697754 11.311920166015625
			vertex -0.5 12.951689720153809 10.501763343811035
			vertex -0.5 11.871370315551758 9.089909553527832
		endloop
	endfacet
	facet normal -1 0 0
		outer loop
			vertex -0.5 13.05171012878418 13.688830375671387
			vertex -0.5 13.688830375671387 13.05171012878418
			vertex -0.5 12.16819953918457 13.570879936218262
		endloop
	endfacet
	facet normal -1 0 0
		outer loop
			vertex -0.5 13.688830375671387 13.05171012878418
			vertex -0.5 13.570879936218262 12.16819953918457
			vertex -0.5 12.16819953918457 13.570879936218262
		endloop
	endfacet
	facet normal -1 0 0
		outer loop
			vertex -0.5 12.951689720153809 -8.501763343811035
			vertex -0.5 13.05171012878418 -11.688830375671387
			vertex -0.5 12.464110374450684 -7.755602836608887
		endloop
	endfacet
	facet normal -1 0 0
		outer loop
			vertex -0.5 17.7814998626709 -3.9629950523376465
			vertex -0.5 12.605239868164062 -4.0621209144592285
			vertex -0.5 12.477849960327148 -4.016726016998291
		endloop
	endfacet
	facet normal -1 0 0
		outer loop
			vertex -0.5 14.314629554748535 6.550405979156494
			vertex -0.5 15.204609870910645 6.599583148956299
			vertex -0.5 12.477849960327148 6.016726016998291
		endloop
	endfacet
	facet normal -1 0 0
		outer loop
			vertex -0.5 12.605239868164062 6.0621209144592285
			vertex -0.5 14.314629554748535 6.550405979156494
			vertex -0.5 12.477849960327148 6.016726016998291
		endloop
	endfacet
	facet normal -1 0 0
		outer loop
			vertex -0.5 17.7814998626709 -3.9629950523376465
			vertex -0.5 13.441749572753906 -4.369925022125244
			vertex -0.5 12.605239868164062 -4.0621209144592285
		endloop
	endfacet
	facet normal -1 0 0
		outer loop
			vertex -0.5 13.441749572753906 6.369925022125244
			vertex -0.5 14.314629554748535 6.550405979156494
			vertex -0.5 12.605239868164062 6.0621209144592285
		endloop
	endfacet
	facet normal -1 0 0
		outer loop
			vertex -0.5 13.323349952697754 -9.311920166015625
			vertex -0.5 13.05171012878418 -11.688830375671387
			vertex -0.5 12.951689720153809 -8.501763343811035
		endloop
	endfacet
	facet normal -1 0 0
		outer loop
			vertex -0.5 13.323349952697754 -9.311920166015625
			vertex -0.5 13.570879936218262 -10.16819953918457
			vertex -0.5 13.05171012878418 -11.688830375671387
		endloop
	endfacet
	facet normal -1 0 0
		outer loop
			vertex -0.5 13.570879936218262 -10.16819953918457
			vertex -0.5 13.688830375671387 -11.05171012878418
			vertex -0.5 13.05171012878418 -11.688830375671387
		endloop
	endfacet
	facet normal -1 0 0
		outer loop
			vertex -0.5 17.7814998626709 -3.9629950523376465
			vertex -0.5 14.314629554748535 -4.550405979156494
			vertex -0.5 13.441749572753906 -4.369925022125244
		endloop
	endfacet
	facet normal -1 0 0
		outer loop
			vertex -0.5 13.581489562988281 -0.4186960458755493
			vertex -0.5 15.306010246276855 -0.8505209684371948
			vertex -0.5 13.448470115661621 -0.3943120241165161
		endloop
	endfacet
	facet normal -1 0 0
		outer loop
			vertex -0.5 17.470800399780273 4.386507987976074
			vertex -0.5 13.581489562988281 2.4186960458755493
			vertex -0.5 13.448470115661621 2.394312024116516
		endloop
	endfacet
	facet normal -1 0 0
		outer loop
			vertex -0.5 14.459830284118652 -0.5703840255737305
			vertex -0.5 15.306010246276855 -0.8505209684371948
			vertex -0.5 13.581489562988281 -0.4186960458755493
		endloop
	endfacet
	facet normal -1 0 0
		outer loop
			vertex -0.5 16.82828998565674 3.7687149047851562
			vertex -0.5 14.459830284118652 2.5703840255737305
			vertex -0.5 13.581489562988281 2.4186960458755493
		endloop
	endfacet
	facet normal -1 0 0
		outer loop
			vertex -0.5 17.470800399780273 4.386507987976074
			vertex -0.5 16.82828998565674 3.7687149047851562
			vertex -0.5 13.581489562988281 2.4186960458755493
		endloop
	endfacet
	facet normal -1 0 0
		outer loop
			vertex -0.5 17.7814998626709 -3.9629950523376465
			vertex -0.5 15.204609870910645 -4.599583148956299
			vertex -0.5 14.314629554748535 -4.550405979156494
		endloop
	endfacet
	facet normal -1 0 0
		outer loop
			vertex -0.5 16.82828998565674 3.7687149047851562
			vertex -0.5 15.306010246276855 2.850520968437195
			vertex -0.5 14.459830284118652 2.5703840255737305
		endloop
	endfacet
	facet normal -1 0 0
		outer loop
			vertex -0.5 17.7814998626709 -3.9629950523376465
			vertex -0.5 16.092060089111328 -4.5163679122924805
			vertex -0.5 15.204609870910645 -4.599583148956299
		endloop
	endfacet
	facet normal -1 0 0
		outer loop
			vertex -0.5 16.092060089111328 6.5163679122924805
			vertex -0.5 17.470800399780273 4.386507987976074
			vertex -0.5 15.204609870910645 6.599583148956299
		endloop
	endfacet
	facet normal -1 0 0
		outer loop
			vertex -0.5 16.82828998565674 3.7687149047851562
			vertex -0.5 16.10134983062744 3.252924919128418
			vertex -0.5 15.306010246276855 2.850520968437195
		endloop
	endfacet
	facet normal -1 0 0
		outer loop
			vertex -0.5 17.7814998626709 -3.9629950523376465
			vertex -0.5 16.95738983154297 -4.30259895324707
			vertex -0.5 16.092060089111328 -4.5163679122924805
		endloop
	endfacet
	facet normal -1 0 0
		outer loop
			vertex -0.5 16.95738983154297 6.30259895324707
			vertex -0.5 17.470800399780273 4.386507987976074
			vertex -0.5 16.092060089111328 6.5163679122924805
		endloop
	endfacet
	facet normal -1 0 0
		outer loop
			vertex -0.5 17.7814998626709 5.9629950523376465
			vertex -0.5 18.014699935913086 5.0926690101623535
			vertex -0.5 16.95738983154297 6.30259895324707
		endloop
	endfacet
	facet normal -1 0 0
		outer loop
			vertex -0.5 18.014699935913086 5.0926690101623535
			vertex -0.5 17.470800399780273 4.386507987976074
			vertex -0.5 16.95738983154297 6.30259895324707
		endloop
	endfacet
	facet normal -1 0 0
		outer loop
			vertex -0.5 18.014699935913086 -3.0926690101623535
			vertex -0.5 17.7814998626709 -3.9629950523376465
			vertex -0.5 17.470800399780273 -2.386507987976074
		endloop
	endfacet
endsolid exported
